product_code,product_name,stock_qty,rate,mrp,batch_no,expiry_date,strip_size,pack_number,unit_label,invoice_number,purchase_date,purchase_bill_no,supplier_code,distributor_name,distributor_address,drug_license_1,gstin,phone
45215,DERICIP 100,397,4,5,L030294,2026-11-01,10,10,,81,2025-07-26,25-26/0000002,10311,MALABAR PHARMA,"CASA MARINA COMPLEX,THALAP,KANNUR",WLF20B2024KL001695,32BQKPN5471R1Z3,9037573266
44649,NASELIN N/D,7,44,60,NSD24006,2026-09-01,1,1,,81,2025-07-26,25-26/0000002,10311,MALABAR PHARMA,"CASA MARINA COMPLEX,THALAP,KANNUR",WLF20B2024KL001695,32BQKPN5471R1Z3,9037573266
56647,FOLEYS CATHETER 14,1,88.14,125,P23G06,2028-04-01,1,1,,81,2025-07-26,25-26/0000002,10311,MALABAR PHARMA,"CASA MARINA COMPLEX,THALAP,KANNUR",WLF20B2024KL001695,32BQKPN5471R1Z3,9037573266
56651,CETCIP SYP,1,15.6,20,GSL40457,2026-06-01,1,1,,81,2025-07-26,25-26/0000002,10311,MALABAR PHARMA,"CASA MARINA COMPLEX,THALAP,KANNUR",WLF20B2024KL001695,32BQKPN5471R1Z3,9037573266
56655,SALMOL SYP,8,14.4,19,GA24097,2026-09-01,1,1,,81,2025-07-26,25-26/0000002,10311,MALABAR PHARMA,"CASA MARINA COMPLEX,THALAP,KANNUR",WLF20B2024KL001695,32BQKPN5471R1Z3,9037573266
56656,CREMOLIX LIQUID,4,39,70,PL-40225,2026-09-01,1,1,,81,2025-07-26,25-26/0000002,10311,MALABAR PHARMA,"CASA MARINA COMPLEX,THALAP,KANNUR",WLF20B2024KL001695,32BQKPN5471R1Z3,9037573266
56661,CUTS NILL CREAM ,2,24,70,509,2027-08-01,1,1,,2500073006579,2025-07-17,25-26/0000003,10312,JANATHA PHARMA,MANGLORE,KA-MN1-245544,29EKIPS0746F1ZT,
56662,VIXON RUB 5ML,4,6,20,503,2027-10-01,1,1,,2500073006579,2025-07-17,25-26/0000003,10312,JANATHA PHARMA,MANGLORE,KA-MN1-245544,29EKIPS0746F1ZT,
56667,STERISCOX 120,25,30.3,60,T240977,2027-04-01,10,10,,2500073006579,2025-07-17,25-26/0000003,10312,JANATHA PHARMA,MANGLORE,KA-MN1-245544,29EKIPS0746F1ZT,
56668,PANTOSTRUM LS,60,39.2,65,PX8JP03,2026-04-01,10,10,,2500073006579,2025-07-17,25-26/0000003,10312,JANATHA PHARMA,MANGLORE,KA-MN1-245544,29EKIPS0746F1ZT,
56669,RIFAXEMANIA 400,6,105,180,CO2405A,2026-03-01,10,10,,2500073006579,2025-07-17,25-26/0000003,10312,JANATHA PHARMA,MANGLORE,KA-MN1-245544,29EKIPS0746F1ZT,
56685,ACEFLUR MR TAB,81,13.9,50,T4611,2027-04-01,10,10,,2500073006579,2025-07-17,25-26/0000003,10312,JANATHA PHARMA,MANGLORE,KA-MN1-245544,29EKIPS0746F1ZT,
56690,GAMLO 5,46,2.3,6,CT24252254,2027-01-01,10,10,,2500073006579,2025-07-17,25-26/0000003,10312,JANATHA PHARMA,MANGLORE,KA-MN1-245544,29EKIPS0746F1ZT,
56691,MOXIVIR 500 CAP,76,33,55,TCB021,2026-09-01,10,10,,2500073006579,2025-07-17,25-26/0000003,10312,JANATHA PHARMA,MANGLORE,KA-MN1-245544,29EKIPS0746F1ZT,
56701,SENOPAR 125 SYP,5,10.95,22,L256A,2027-04-01,1,1,,2500073006579,2025-07-17,25-26/0000003,10312,JANATHA PHARMA,MANGLORE,KA-MN1-245544,29EKIPS0746F1ZT,
56702,SENOPAR DS SYP,1,13.5,25,L2141N,2026-09-01,1,1,,2500073006579,2025-07-17,25-26/0000003,10312,JANATHA PHARMA,MANGLORE,KA-MN1-245544,29EKIPS0746F1ZT,
44249,LANCET,64,52,150,9019,2028-03-01,1,100,,2500073006579,2025-07-17,25-26/0000003,10312,JANATHA PHARMA,MANGLORE,KA-MN1-245544,29EKIPS0746F1ZT,
56711,SILICONE FINGER BRUSH,2,61.75,80,61.75,2027-01-01,1,1,,2500073006579,2025-07-17,25-26/0000003,10312,JANATHA PHARMA,MANGLORE,KA-MN1-245544,29EKIPS0746F1ZT,
56719,GLIDAPAFLOZIN M 5/500,90,27.3,90,24S2GTB129,2026-04-01,15,15,,2500073006429,2025-07-15,25-26/0000004,10312,JANATHA PHARMA,MANGLORE,KA-MN1-245544,29EKIPS0746F1ZT,
56721,VILDIABATE M 1000,90,43.75,85,24S2GTC486,2026-06-01,15,15,,2500073006429,2025-07-15,25-26/0000004,10312,JANATHA PHARMA,MANGLORE,KA-MN1-245544,29EKIPS0746F1ZT,
56733,TEROMIDE 5,30,9.33,20,AMN01BKA,2027-01-01,10,10,,2500073006429,2025-07-15,25-26/0000004,10312,JANATHA PHARMA,MANGLORE,KA-MN1-245544,29EKIPS0746F1ZT,
56739,ELBAZOLE TAB,10,3.9,6,19107,2027-12-01,1,1,,2500073006429,2025-07-15,25-26/0000004,10312,JANATHA PHARMA,MANGLORE,KA-MN1-245544,29EKIPS0746F1ZT,
56770,OFLO PLUS OZ,28,24,50,T4585,2027-04-01,10,10,,2500073006429,2025-07-15,25-26/0000004,10312,JANATHA PHARMA,MANGLORE,KA-MN1-245544,29EKIPS0746F1ZT,
56747,CIPRONEE TZ,50,21.75,50,T4525,2026-10-01,10,10,,2500073006429,2025-07-15,25-26/0000004,10312,JANATHA PHARMA,MANGLORE,KA-MN1-245544,29EKIPS0746F1ZT,
56745,GATOLINE 100,10,15,24,CC24250024A,2026-05-01,10,10,,2500073006429,2025-07-15,25-26/0000004,10312,JANATHA PHARMA,MANGLORE,KA-MN1-245544,29EKIPS0746F1ZT,
56749,LOR 2 TAB,60,6.8,20,DT50111,2028-03-01,10,10,,2500073006429,2025-07-15,25-26/0000004,10312,JANATHA PHARMA,MANGLORE,KA-MN1-245544,29EKIPS0746F1ZT,
56751,BVM GOLD 50,32,73.52,120,338024001,2026-09-01,15,15,,2500073006429,2025-07-15,25-26/0000004,10312,JANATHA PHARMA,MANGLORE,KA-MN1-245544,29EKIPS0746F1ZT,
56758,HIMAC 50,5,4,10,SPT-39382,2027-12-01,10,10,,2500073006429,2025-07-15,25-26/0000004,10312,JANATHA PHARMA,MANGLORE,KA-MN1-245544,29EKIPS0746F1ZT,
56760,CGMAC 50,20,10.63,25,CC25260003,2027-03-01,10,10,,2500073006429,2025-07-15,25-26/0000004,10312,JANATHA PHARMA,MANGLORE,KA-MN1-245544,29EKIPS0746F1ZT,
56767,VORGUN GM 0.2/1,20,18,45,ST-27099,2027-03-01,10,10,,2500073006429,2025-07-15,25-26/0000004,10312,JANATHA PHARMA,MANGLORE,KA-MN1-245544,29EKIPS0746F1ZT,
56718,ST GLIPTIN 100/500,31,40,90,SIBP24309C,2026-06-01,15,15,,2500073006429,2025-07-15,25-26/0000004,10312,JANATHA PHARMA,MANGLORE,KA-MN1-245544,29EKIPS0746F1ZT,
56771,DOLOCOLD JUNIOR DROPS,1,15.62,30,DA2416,2026-11-01,1,1,,77,2025-07-17,25-26/0000005,10311,MALABAR PHARMA,"CASA MARINA COMPLEX,THALAP,KANNUR",WLF20B2024KL001695,32BQKPN5471R1Z3,9037573266
56775,INTAGESIC GEL PLUS,1,30.8,60,IPL24003,2025-12-01,1,1,,77,2025-07-17,25-26/0000005,10311,MALABAR PHARMA,"CASA MARINA COMPLEX,THALAP,KANNUR",WLF20B2024KL001695,32BQKPN5471R1Z3,9037573266
56780,DISPOVAN IML SYRINGE,84,5.77,10,436014AG22,2029-08-01,1,1,,77,2025-07-17,25-26/0000005,10311,MALABAR PHARMA,"CASA MARINA COMPLEX,THALAP,KANNUR",WLF20B2024KL001695,32BQKPN5471R1Z3,9037573266
56798,CEREGROW ,1,268.23,345,51220453A8,2026-07-01,1,1,,NAS06652,2025-07-26,25-26/0000007,10313,MINI AGENCIES,,,,
56815,UMIKKARI,4,23.43,30,VGUP1023,2027-01-01,1,1,,B2C-641/25-26,2025-07-28,25-26/0000009,1052,GENERAL TRADE LINKS,KANNUR,0,32AAEFG2263D1ZI,0
56816,TOOTHBRUSH BIOLINE(M),5,11.86,20,4319,2027-09-01,1,1,,B2C-641/25-26,2025-07-28,25-26/0000009,1052,GENERAL TRADE LINKS,KANNUR,0,32AAEFG2263D1ZI,0
56821,ODOMOS  S,1,26,34,JK04017,2027-04-01,1,1,,B2C-641/25-26,2025-07-28,25-26/0000009,1052,GENERAL TRADE LINKS,KANNUR,0,32AAEFG2263D1ZI,0
56828,ELADI SYP ADULT,2,57,75,B1365,2027-04-01,1,1,,B2C-641/25-26,2025-07-28,25-26/0000009,1052,GENERAL TRADE LINKS,KANNUR,0,32AAEFG2263D1ZI,0
56829,ELADI SYP PAED,2,57.14,75,B0696,2026-07-01,1,1,,B2C-641/25-26,2025-07-28,25-26/0000009,1052,GENERAL TRADE LINKS,KANNUR,0,32AAEFG2263D1ZI,0
56830,NJARAMBENNA 25ML,5,29.46,40,G01,2028-06-01,1,1,,B2C-641/25-26,2025-07-28,25-26/0000009,1052,GENERAL TRADE LINKS,KANNUR,0,32AAEFG2263D1ZI,0
56835,CIPRODROPS E/D,7,12.75,17,23212,2025-12-30,1,1,,2500173002064,2025-07-28,25-26/0000010,10268,FATHIMA MATHA MEDICALS,,,,
56837,HIM NEEM FACE WASH 15ML,2,11.83,15,992401422,2027-11-01,1,1,,2500173002064,2025-07-28,25-26/0000010,10268,FATHIMA MATHA MEDICALS,,,,
56847,HIM KAJAL,2,38,50,B702400031,2027-07-01,1,1,,2500173002064,2025-07-28,25-26/0000010,10268,FATHIMA MATHA MEDICALS,,,,
43939,AEROCORT FORTE RC,2,90.46,120,4SA2814,2026-10-01,1,1,,MCRB-25-26-9210,2025-07-31,25-26/0000011,10310,MCRB PHARMA,,,,
43870,AEROCORT RC,2,98.82,130,5SA0538,2026-08-01,1,1,,MCRB-25-26-9210,2025-07-31,25-26/0000011,10310,MCRB PHARMA,,,,
44791,DUOLIN R/C,3,170.37,225,4BA2521,2026-10-01,1,1,,MCRB-25-26-9210,2025-07-31,25-26/0000011,10310,MCRB PHARMA,,,,
44146,SYNDOPA CR,20,38.48,53,GKG0597A,2027-03-01,10,10,,MCRB-25-26-9210,2025-07-31,25-26/0000011,10310,MCRB PHARMA,,,,
56862,D PROTIN VF 200GM,1,232.14,310,DPVA250401,2027-03-01,1,1,,ME08517,2025-07-28,25-26/0000012,10314,MUDRA ENTERPRISES,,,,
56869,PARABOOST DROPS,1,18.2,30,24281683,2026-07-01,1,1,,ME08517,2025-07-28,25-26/0000012,10314,MUDRA ENTERPRISES,,,,
56870,AZICIP 100 SYP,2,22.9,45,ACP24006,2026-04-01,1,1,,ME08517,2025-07-28,25-26/0000012,10314,MUDRA ENTERPRISES,,,,
44445,TRIODERM PLUS,2,19.5,40,4932,2026-11-01,1,1,,ME08517,2025-07-28,25-26/0000012,10314,MUDRA ENTERPRISES,,,,
56875,SKINTOP CREAM,1,84.29,110,ST2502,2027-05-01,1,1,,ME08517,2025-07-28,25-26/0000012,10314,MUDRA ENTERPRISES,,,,
56878,MICEF O 50 SYP,1,24,50,MCF2413,2026-10-01,1,1,,ME08517,2025-07-28,25-26/0000012,10314,MUDRA ENTERPRISES,,,,
56879,I-CAN PREG TEST CARD,1,0,40,IHFF016,2027-02-01,1,1,,ME08517,2025-07-28,25-26/0000012,10314,MUDRA ENTERPRISES,,,,
56881,BADAM LEHYAM 400GM,1,193,260,4117,2027-06-01,1,1,,ME08517,2025-07-28,25-26/0000012,10314,MUDRA ENTERPRISES,,,,
56882,BABY KAJAL,2,73,100,BCEZS-34,2027-02-01,1,1,,ME08517,2025-07-28,25-26/0000012,10314,MUDRA ENTERPRISES,,,,
56883,AZAX-XL 200MG SUS,1,55,100,LMB0104,2026-11-01,1,1,,ME08517,2025-07-28,25-26/0000012,10314,MUDRA ENTERPRISES,,,,
56884,HISTAC MPS 170ML,1,34,65,MWB0056,2026-06-01,1,1,,ME08517,2025-07-28,25-26/0000012,10314,MUDRA ENTERPRISES,,,,
43731,ICHITHAMOL GLYCERIN,1,20,35,2647,2028-01-01,1,1,,ME08517,2025-07-28,25-26/0000012,10314,MUDRA ENTERPRISES,,,,
45312,MAGNESIUM SULPHATE PASTE,4,7.7,20,2634,2028-01-01,1,1,,ME08517,2025-07-28,25-26/0000012,10314,MUDRA ENTERPRISES,,,,
56862,D PROTIN VF 200GM,2,232.14,310,DPVA250401,2027-03-01,1,1,,ME08517,2025-07-28,25-26/0000012,10314,MUDRA ENTERPRISES,,,,
56893,WARFELIX 2,139,7.4,15,T240008,2026-03-01,10,10,,2500073007567,2025-07-30,25-26/0000013,10312,JANATHA PHARMA,MANGLORE,KA-MN1-245544,29EKIPS0746F1ZT,
56895,WARFELIX 5,60,8.5,20,T251517,2027-04-01,10,10,,2500073007567,2025-07-30,25-26/0000013,10312,JANATHA PHARMA,MANGLORE,KA-MN1-245544,29EKIPS0746F1ZT,
56899,TEROMIDE PLUS 20,400,60,105,TRD2402,2026-07-01,20,20,,2500073007567,2025-07-30,25-26/0000013,10312,JANATHA PHARMA,MANGLORE,KA-MN1-245544,29EKIPS0746F1ZT,
44303,OMEFOL D,13,16.5,30,5654008,2026-07-01,15,15,,454,2025-08-01,25-26/0000014,10283,MADHAVI ENTERPRISES,,,,9496360332
56913,MUPINETA OINT,1,36,60,B278C,2026-09-01,1,1,,454,2025-08-01,25-26/0000014,10283,MADHAVI ENTERPRISES,,,,9496360332
44647,METNIZID GEL,3,22,40,DLTK4001,2026-01-01,1,1,,454,2025-08-01,25-26/0000014,10283,MADHAVI ENTERPRISES,,,,9496360332
56915,BETALON TAB,10,3,4.5,BNL24006,2026-07-01,10,10,,454,2025-08-01,25-26/0000014,10283,MADHAVI ENTERPRISES,,,,9496360332
56916,HYDROWIN 400,30,77,98,HWAT-014,2026-09-01,10,10,,454,2025-08-01,25-26/0000014,10283,MADHAVI ENTERPRISES,,,,9496360332
56918,BIGFUN CONDOMS STW 10`S,3,59,100,BF01024,2026-12-01,1,1,,454,2025-08-01,25-26/0000014,10283,MADHAVI ENTERPRISES,,,,9496360332
56920,MOONEX CONDOM 3`S,1,20,50,M22314,2028-01-01,1,1,,454,2025-08-01,25-26/0000014,10283,MADHAVI ENTERPRISES,,,,9496360332
56921,BIGFUN CONDOMS CHOC 10`S,2,59,100,BF088/23,2026-11-01,1,1,,454,2025-08-01,25-26/0000014,10283,MADHAVI ENTERPRISES,,,,9496360332
56927,HYDRALINE 25,10,38.9,60,HLN25001,2027-04-01,15,15,,4713,2025-08-01,25-26/0000015,1187,WESTERN PHARMA,KANNUR,0,32120241052,0
56929,ELDOSTAL 10,19,6.9,12,IS24204,2026-10-01,10,10,,4713,2025-08-01,25-26/0000015,1187,WESTERN PHARMA,KANNUR,0,32120241052,0
56930,HYLORIC 100,10,11.9,19,AGT50271,2027-01-01,10,10,,4713,2025-08-01,25-26/0000015,1187,WESTERN PHARMA,KANNUR,0,32120241052,0
43840,TREXODAT 7.5,16,35.5,58,L09-2501,2027-01-01,10,10,,2075,2025-07-31,25-26/0000016,1172,TRIWIN PHARMA,KANNUR,0,32120523854,0
56947,ACTIVE STAR SOFTGEL,5,10.5,25,SBSG-0486,2026-12-01,10,10,,2500073007338,2025-07-28,25-26/0000018,10312,JANATHA PHARMA,MANGLORE,KA-MN1-245544,29EKIPS0746F1ZT,
56948,SENCARE MULTIVITAMIN SYP,1,27,70,L316F,2026-10-01,1,1,,2500073007338,2025-07-28,25-26/0000018,10312,JANATHA PHARMA,MANGLORE,KA-MN1-245544,29EKIPS0746F1ZT,
56948,SENCARE MULTIVITAMIN SYP,1,27,70,L25IA,2026-10-01,1,1,,2500073007338,2025-07-28,25-26/0000018,10312,JANATHA PHARMA,MANGLORE,KA-MN1-245544,29EKIPS0746F1ZT,
56952,NEBIVALVE 5,5,58.5,90,T241270,2027-05-01,30,30,,2500073007338,2025-07-28,25-26/0000018,10312,JANATHA PHARMA,MANGLORE,KA-MN1-245544,29EKIPS0746F1ZT,
56955,SETA 50,35,11.25,20,DT40058,2027-10-01,10,10,,2500073007338,2025-07-28,25-26/0000018,10312,JANATHA PHARMA,MANGLORE,KA-MN1-245544,29EKIPS0746F1ZT,
56956,SETA 25,16,8.13,18,DT40057,2027-10-01,10,10,,2500073007338,2025-07-28,25-26/0000018,10312,JANATHA PHARMA,MANGLORE,KA-MN1-245544,29EKIPS0746F1ZT,
56957,ELDOMAC TAB,6,2.5,6,ECA24003,2026-05-01,10,10,,2500073007338,2025-07-28,25-26/0000018,10312,JANATHA PHARMA,MANGLORE,KA-MN1-245544,29EKIPS0746F1ZT,
56959,RACEDOTIME 100,2,35,60,SC-24340,2026-12-01,10,10,,2500073007338,2025-07-28,25-26/0000018,10312,JANATHA PHARMA,MANGLORE,KA-MN1-245544,29EKIPS0746F1ZT,
56960,VOMI TAB,26,12,20,T113H07B,2027-01-01,10,10,,2500073007338,2025-07-28,25-26/0000018,10312,JANATHA PHARMA,MANGLORE,KA-MN1-245544,29EKIPS0746F1ZT,
56961,CIPROSEN 500,5,22.5,50,T4614,2027-04-01,10,10,,2500073007338,2025-07-28,25-26/0000018,10312,JANATHA PHARMA,MANGLORE,KA-MN1-245544,29EKIPS0746F1ZT,
56962,CEFDOPILL 200,8,54.4,80,CT24400A,2026-10-01,10,10,,2500073007338,2025-07-28,25-26/0000018,10312,JANATHA PHARMA,MANGLORE,KA-MN1-245544,29EKIPS0746F1ZT,
56964,PRAZOPRIME XL 2.5,200,22.5,50,PPZ2501,2027-02-01,20,20,,2500073007338,2025-07-28,25-26/0000018,10312,JANATHA PHARMA,MANGLORE,KA-MN1-245544,29EKIPS0746F1ZT,
56967,CGTEN 25,200,2,10,CT24251278A,2026-09-01,10,10,,2500073007338,2025-07-28,25-26/0000018,10312,JANATHA PHARMA,MANGLORE,KA-MN1-245544,29EKIPS0746F1ZT,
56968,TELMISARTEN 20,17,8,15,CBT-0943,2026-09-01,10,10,,2500073007338,2025-07-28,25-26/0000018,10312,JANATHA PHARMA,MANGLORE,KA-MN1-245544,29EKIPS0746F1ZT,
57011,ELDEOM ES LSR,34,51.9,75,GC240266,2026-04-01,10,10,,4887,2025-08-05,25-26/0000022,1187,WESTERN PHARMA,KANNUR,0,32120241052,0
57013,DONEPAL 5,70,27.5,45,T242365,2026-10-01,10,10,,4887,2025-08-05,25-26/0000022,1187,WESTERN PHARMA,KANNUR,0,32120241052,0
55515,LEVOSALVAC SYP,1,28.9,45,L41192,2026-08-01,1,1,,4887,2025-08-05,25-26/0000022,1187,WESTERN PHARMA,KANNUR,0,32120241052,0
57015,TRUXIME 100MG TAB,54,34.5,60,EA24665,2026-11-01,10,10,,4887,2025-08-05,25-26/0000022,1187,WESTERN PHARMA,KANNUR,0,32120241052,0
45014,ELMOX 500 CAP,27,31.5,55,MZOAL26,2026-05-01,10,10,,4887,2025-08-05,25-26/0000022,1187,WESTERN PHARMA,KANNUR,0,32120241052,0
45301,MOUTH ULCER GEL,1,14.9,30,CU25015,2027-04-01,1,1,,4887,2025-08-05,25-26/0000022,1187,WESTERN PHARMA,KANNUR,0,32120241052,0
57016,ELDIKOF-LS SYP,1,39.5,70,P2EQY001,2026-12-01,1,1,,4887,2025-08-05,25-26/0000022,1187,WESTERN PHARMA,KANNUR,0,32120241052,0
57021,ROSUHEM 5,5,11.5,22,GA935002,2027-03-01,10,10,,4901,2025-08-06,25-26/0000025,1187,WESTERN PHARMA,KANNUR,0,32120241052,0
43752,PILEX FORTE OINT,2,100.25,140,442402203,2027-11-01,1,1,,2500173002240,2025-08-06,25-26/0000026,10268,FATHIMA MATHA MEDICALS,,,,
57026,SV SET 20G,5,24,42,3K08S,2028-08-01,1,1,,2500173002275,2025-08-07,25-26/0000027,10268,FATHIMA MATHA MEDICALS,,,,
57027,SV SET 22G,2,32,48,5C13S,2030-02-01,1,1,,2500173002275,2025-08-07,25-26/0000027,10268,FATHIMA MATHA MEDICALS,,,,
57028,SV SET 24G,5,20,38,2B15S,2027-01-01,1,1,,2500173002275,2025-08-07,25-26/0000027,10268,FATHIMA MATHA MEDICALS,,,,
43752,PILEX FORTE OINT,2,100.25,140,442402203,2027-11-01,1,1,,2500173002275,2025-08-07,25-26/0000027,10268,FATHIMA MATHA MEDICALS,,,,
57033,MEFICIN FORTE,8,18.2,30,AC102AFA,2027-08-01,10,10,,ME09433,2025-08-08,25-26/0000029,10314,MUDRA ENTERPRISES,,,,
57034,CHYMOKEM FORTE,13,55,90,CYF25003ES,2027-02-01,20,20,,ME09433,2025-08-08,25-26/0000029,10314,MUDRA ENTERPRISES,,,,
44368,ZINDERVIT TAB,13,38.5,55,AK17576,2026-12-01,15,15,,6095,2025-08-09,25-26/0000031,1187,WESTERN PHARMA,KANNUR,0,32120241052,0
45794,POTTASSIUM PERMANGANATE,9,14.5,35,67,2027-12-01,1,1,,6095,2025-08-09,25-26/0000031,1187,WESTERN PHARMA,KANNUR,0,32120241052,0
45138,CREPE BANDAGE 10 CM SMART,1,79,120,CBJL2402,2029-11-01,1,1,,6095,2025-08-09,25-26/0000031,1187,WESTERN PHARMA,KANNUR,0,32120241052,0
57039,TRANOPAL 500MG,30,75.5,98,JD25047,2027-02-01,10,10,,6095,2025-08-09,25-26/0000031,1187,WESTERN PHARMA,KANNUR,0,32120241052,0
57042,LANBOW 30,40,15.5,30,SPA243357,2026-10-01,10,10,,6095,2025-08-09,25-26/0000031,1187,WESTERN PHARMA,KANNUR,0,32120241052,0
57055,MINTHAL 200 TAB,15,14.03,19.65,4300001,2028-01-01,6,6,,NP2223-2713,2025-08-09,25-26/0000034,10318,NEW PHARMA,IRITTY,,,
57057,TIKOUT SOAP,1,61.7,91,GJ5968007,2027-03-01,1,1,,NP2223-2713,2025-08-09,25-26/0000034,10318,NEW PHARMA,IRITTY,,,
57061,EXAPAR BOLUS ,4,32.74,44,23010,2026-08-01,4,4,,NP2223-2713,2025-08-09,25-26/0000034,10318,NEW PHARMA,IRITTY,,,
57062,INFLAMIN VET CREAM,1,67.86,95,014,2027-12-01,1,1,,NP2223-2713,2025-08-09,25-26/0000034,10318,NEW PHARMA,IRITTY,,,
57063,MEO ADULT PERSIAN 400GM,1,144,195,MO24,2028-10-01,1,1,,NP2223-2713,2025-08-09,25-26/0000034,10318,NEW PHARMA,IRITTY,,,
57064,BUFZONE POWDER 200GM,2,73.6,92,T2501709,2027-05-01,1,1,,NP2223-2713,2025-08-09,25-26/0000034,10318,NEW PHARMA,IRITTY,,,
57068,GRIPTOL N 60ML,2,85.71,120,LB070,2027-04-01,1,1,,NP2223-2713,2025-08-09,25-26/0000034,10318,NEW PHARMA,IRITTY,,,
57070,SOFTAS MAX SOAP,1,61.02,90,SF04-027,2026-06-01,1,1,,NP2223-2713,2025-08-09,25-26/0000034,10318,NEW PHARMA,IRITTY,,,
57072,ZIPVIT 200ML,1,186.44,275,ZP2509,2027-02-01,1,1,,NP2223-2713,2025-08-09,25-26/0000034,10318,NEW PHARMA,IRITTY,,,
57073,D MAG SPRAY 50ML,1,82.14,115,125,2026-08-01,1,1,,NP2223-2713,2025-08-09,25-26/0000034,10318,NEW PHARMA,IRITTY,,,
57076,GLUCABOOST 1 LTR,1,632,790,25T005,2027-01-01,1,1,,NP2223-2713,2025-08-09,25-26/0000034,10318,NEW PHARMA,IRITTY,,,
57078,NATCOF LIQUID 300ML,2,92.86,130,25002,2027-12-01,1,1,,NP2223-2713,2025-08-09,25-26/0000034,10318,NEW PHARMA,IRITTY,,,
57082,WISPREC ADV CREAM 25GM,2,42.86,60,25V005,2027-02-01,1,1,,NP2223-2713,2025-08-09,25-26/0000034,10318,NEW PHARMA,IRITTY,,,
45899,BENDOL 1500,20,96.73,130,165,2027-09-01,4,4,,NP2223-2713,2025-08-09,25-26/0000034,10318,NEW PHARMA,IRITTY,,,
45898,BENDOL 600,17,44.64,60,194,2027-06-01,4,4,,NP2223-2713,2025-08-09,25-26/0000034,10318,NEW PHARMA,IRITTY,,,
45974,INFLAX 50GM,2,74.4,100,59,2026-08-01,1,1,,NP2223-2713,2025-08-09,25-26/0000034,10318,NEW PHARMA,IRITTY,,,
57093,FENDOBAN BOLUS 1.5GM,6,47.86,65,TFB23009,2026-11-01,2,2,,NP2223-2713,2025-08-09,25-26/0000034,10318,NEW PHARMA,IRITTY,,,
57094,FENDOBAN BOLUS 3GM,4,37.85,53,5003,2028-02-01,1,1,,NP2223-2713,2025-08-09,25-26/0000034,10318,NEW PHARMA,IRITTY,,,
57095,FENDOBAN I VET BOLUS,5,51.42,72,TFI25002,2027-12-01,1,1,,NP2223-2713,2025-08-09,25-26/0000034,10318,NEW PHARMA,IRITTY,,,
57096,FENDOBAN VET BOLUS 150 MG,20,35,49,TBF24007,2027-11-01,10,10,,NP2223-2713,2025-08-09,25-26/0000034,10318,NEW PHARMA,IRITTY,,,
57099,ERINA EP DUSTING POWDER,1,178.58,250,842501542,2028-06-01,1,1,,NP2223-2713,2025-08-09,25-26/0000034,10318,NEW PHARMA,IRITTY,,,
57102,EPISOOTHE SHAMPOO,1,227.12,335,GC314,2026-06-01,1,1,,NP2223-2713,2025-08-09,25-26/0000034,10318,NEW PHARMA,IRITTY,,,
57103,HEALANT CREAM ,1,189.29,265,380,2027-01-01,1,1,,NP2223-2713,2025-08-09,25-26/0000034,10318,NEW PHARMA,IRITTY,,,
57110,DEXOLAC 3 400GM,2,404.47,525,2506027901,2026-09-01,1,1,,25-26/14870,2025-08-09,25-26/0000035,1126,RAM AGENCIES,KANNUR,0,32AACFR7971D1ZA,0
57115,FOLIGEM TAB,8,7.3,20,5534002,2026-05-01,15,15,,508,2025-08-11,25-26/0000037,10283,MADHAVI ENTERPRISES,,,,9496360332
57117,LEEMOL SPAS SUSP ,2,27,45,DOLH24001,2026-03-01,1,1,,508,2025-08-11,25-26/0000037,10283,MADHAVI ENTERPRISES,,,,9496360332
45757,RETIVA ,2,47,60,VGL250011,2026-08-01,1,1,,508,2025-08-11,25-26/0000037,10283,MADHAVI ENTERPRISES,,,,9496360332
45365,ENSHINE TOOTH BRUSH,2,38,55,5170,2034-05-01,1,1,,507,2025-08-09,25-26/0000038,10283,MADHAVI ENTERPRISES,,,,9496360332
56973,AIRFLOW 250 R/C,2,68,125,MCD0094A,2027-09-01,1,1,,2500073008202,2025-08-07,25-26/0000041,10312,JANATHA PHARMA,MANGLORE,KA-MN1-245544,29EKIPS0746F1ZT,
56658,DICLONOC GEL,9,15,60,C2526,2027-02-01,1,1,,2500073008202,2025-08-07,25-26/0000041,10312,JANATHA PHARMA,MANGLORE,KA-MN1-245544,29EKIPS0746F1ZT,
57126,LANSOSTRUM 15 JUNIOR,69,24.4,48,BD250006,2026-12-01,15,15,,2500073008202,2025-08-07,25-26/0000041,10312,JANATHA PHARMA,MANGLORE,KA-MN1-245544,29EKIPS0746F1ZT,
57127,LOR-10,20,7.5,20,SPT241527A,2026-06-01,10,10,,2500073008202,2025-08-07,25-26/0000041,10312,JANATHA PHARMA,MANGLORE,KA-MN1-245544,29EKIPS0746F1ZT,
57128,ST GLIPTIN M 50/1000,55,49,95,SSSIL401,2026-11-01,15,15,,2500073008202,2025-08-07,25-26/0000041,10312,JANATHA PHARMA,MANGLORE,KA-MN1-245544,29EKIPS0746F1ZT,
57130,BP MONITOR RGB,1,840,1200,BPM44,2030-01-01,1,1,,2500073008202,2025-08-07,25-26/0000041,10312,JANATHA PHARMA,MANGLORE,KA-MN1-245544,29EKIPS0746F1ZT,
57136,AVOL-500CR,20,25,55,DT50019,2026-12-01,10,10,,2500073008202,2025-08-07,25-26/0000041,10312,JANATHA PHARMA,MANGLORE,KA-MN1-245544,29EKIPS0746F1ZT,
57137,DESOVIS M ,5,16.7,30,UGT-25154A,2027-01-01,10,10,,2500073008202,2025-08-07,25-26/0000041,10312,JANATHA PHARMA,MANGLORE,KA-MN1-245544,29EKIPS0746F1ZT,
56951,NEBIVALVE 2.5,201,45,90,308824002,2026-08-01,30,30,,2500073008202,2025-08-07,25-26/0000041,10312,JANATHA PHARMA,MANGLORE,KA-MN1-245544,29EKIPS0746F1ZT,
57144,REMINIL 5,170,8,20,KLSIG401,2026-06-01,10,10,,2500073008202,2025-08-07,25-26/0000041,10312,JANATHA PHARMA,MANGLORE,KA-MN1-245544,29EKIPS0746F1ZT,
57146,TRIMOVE NS 10ML,3,11,30,24NL08N,2026-11-01,1,1,0,2500073008202,2025-08-07,25-26/0000041,10312,JANATHA PHARMA,MANGLORE,KA-MN1-245544,29EKIPS0746F1ZT,
57152,DOLOPAR 120 SYP,3,28.8,38,DPHS046,2026-01-01,1,1,,MCRB-25-26-10424,2025-08-12,25-26/0000043,10310,MCRB PHARMA,,,,
45848,FORGLYN PLUS INHALER,1,712.05,910,I501232,2027-03-01,1,1,,MCRB-25-26-10424,2025-08-12,25-26/0000043,10310,MCRB PHARMA,,,,
57156,SULFAZEE 1000,17,118.9,140,PT42525,2026-06-01,15,15,,5154,2025-08-12,25-26/0000044,1187,WESTERN PHARMA,KANNUR,0,32120241052,0
57157,GINTREX 15,25,65.5,95,ST241669,2027-01-01,10,10,,5154,2025-08-12,25-26/0000044,1187,WESTERN PHARMA,KANNUR,0,32120241052,0
46112,LACOSAPAL 50,12,35.5,58,T242171,2026-10-01,10,10,,5154,2025-08-12,25-26/0000044,1187,WESTERN PHARMA,KANNUR,0,32120241052,0
57043,ELDECAL 500,106,13.5,30,ACW16AKA,2026-12-01,15,15,,5154,2025-08-12,25-26/0000044,1187,WESTERN PHARMA,KANNUR,0,32120241052,0
57159,ROSUWIK FB,20,32.5,58,INA25008,2027-12-01,10,10,,5154,2025-08-12,25-26/0000044,1187,WESTERN PHARMA,KANNUR,0,32120241052,0
57160,GLIMICUT M1 FORTE ,5,20.9,40,WI24158,2026-11-01,10,10,,5154,2025-08-12,25-26/0000044,1187,WESTERN PHARMA,KANNUR,0,32120241052,0
55612,TICABREL 60,24,84.5,130,T242461,2026-11-01,14,14,,5154,2025-08-12,25-26/0000044,1187,WESTERN PHARMA,KANNUR,0,32120241052,0
57161,FUSITAS CREAM,1,18.5,45,F-2402,2026-01-01,1,1,,5154,2025-08-12,25-26/0000044,1187,WESTERN PHARMA,KANNUR,0,32120241052,0
57163,SITAWICK MET 50,94,30.5,60,G1782002,2027-02-01,7,7,,5154,2025-08-12,25-26/0000044,1187,WESTERN PHARMA,KANNUR,0,32120241052,0
57168,CONDOM CATHETER,1,20.5,50,240901,2029-08-01,1,1,,5158,2025-08-12,25-26/0000045,1187,WESTERN PHARMA,KANNUR,0,32120241052,0
57176,MAMYPOKO L 4,2,41.67,56,UYTJ,2028-06-01,1,1,,A1875,2025-08-13,25-26/0000048,10320,FORTUNE TRADE LINK,,,,
43747,ORTHOHERB 30,1,141,190,A016125,2028-05-01,1,1,,B2C-743/25-26,2025-08-13,25-26/0000049,1052,GENERAL TRADE LINKS,KANNUR,0,32AAEFG2263D1ZI,0
43748,ORTHOHERB 60,1,255,345,A043425,2028-05-01,1,1,,B2C-743/25-26,2025-08-13,25-26/0000049,1052,GENERAL TRADE LINKS,KANNUR,0,32AAEFG2263D1ZI,0
48366,SANTIA MET 100,84,52.5,85,IS24201,2027-10-01,7,7,,5184,2025-08-13,25-26/0000050,1187,WESTERN PHARMA,KANNUR,0,32120241052,0
57180,MONTEDER 10,15,19.9,35,INA25011,2026-12-01,10,10,,5184,2025-08-13,25-26/0000050,1187,WESTERN PHARMA,KANNUR,0,32120241052,0
57183,PRAPEXOL 0.5,50,33.5,52,19296,2027-02-01,10,10,,5279,2025-08-14,25-26/0000053,1187,WESTERN PHARMA,KANNUR,0,32120241052,0
57185,VONOSTRUM 10,8,66.9,80,SVA241201,2026-11-01,10,10,,5276,2025-08-14,25-26/0000055,1187,WESTERN PHARMA,KANNUR,0,32120241052,0
57187,MONTEVAC AB ,50,60.9,90,ST241794,2027-02-01,10,10,,5276,2025-08-14,25-26/0000055,1187,WESTERN PHARMA,KANNUR,0,32120241052,0
57037,AZARA PETROLEM JELLY,1,27.9,43,001,2027-09-01,1,1,,5276,2025-08-14,25-26/0000055,1187,WESTERN PHARMA,KANNUR,0,32120241052,0
57191,OZIM 2.5 MD,9,7.5,15,19593,2028-05-01,10,10,,5276,2025-08-14,25-26/0000055,1187,WESTERN PHARMA,KANNUR,0,32120241052,0
48366,SANTIA MET 100,140,52.5,85,IS24201,2027-10-01,7,7,,5276,2025-08-14,25-26/0000055,1187,WESTERN PHARMA,KANNUR,0,32120241052,0
45340,CALAPTIN 40,3,20.63,27,CSY25001,2027-06-01,30,30,,MCRB-25-26-10773,2025-08-16,25-26/0000057,10310,MCRB PHARMA,,,,
45304,TIOVA RC,1,257.04,340,5BA0415,2026-07-01,1,1,,MCRB-25-26-10773,2025-08-16,25-26/0000057,10310,MCRB PHARMA,,,,
57205,OVRAL L,42,58.32,66,MW6280,2027-01-01,21,21,,MCRB-25-26-10773,2025-08-16,25-26/0000057,10310,MCRB PHARMA,,,,
57209,OTRIGARD E/D,4,24,45,DLXX4002,2026-11-01,1,1,,517,2025-08-16,25-26/0000058,10283,MADHAVI ENTERPRISES,,,,9496360332
45761,RENOCEL 4000IU,1,125,250,11020284,2027-04-01,1,1,,A001207,2025-08-18,25-26/0000063,10296,alka associates,,,,
57214,ELCARBONATE 450 SR,58,53,75,ADT241202,2026-10-01,10,10,,A001207,2025-08-18,25-26/0000063,10296,alka associates,,,,
57216,RANOGEM 500 ER,110,30,55,183924005,2026-08-01,10,10,,A001207,2025-08-18,25-26/0000063,10296,alka associates,,,,
57217,GLIEMPAFLOZIN MET 5/1000,40,24.05,50,AMN01CPA,2027-02-01,10,10,,2500073008671,2025-08-14,25-26/0000064,10312,JANATHA PHARMA,MANGLORE,KA-MN1-245544,29EKIPS0746F1ZT,
57141,ALERVO M KID,85,9.2,40,SHT-26070,2027-02-01,10,10,,2500073008671,2025-08-14,25-26/0000064,10312,JANATHA PHARMA,MANGLORE,KA-MN1-245544,29EKIPS0746F1ZT,
56716,ST GLIPTIN 100,1,29,70,SQSIC502,2027-02-01,10,10,,2500073008671,2025-08-14,25-26/0000064,10312,JANATHA PHARMA,MANGLORE,KA-MN1-245544,29EKIPS0746F1ZT,
56732,TEROMIDE 10,26,6.25,20,PX8JN04,2026-06-01,10,10,,2500073008671,2025-08-14,25-26/0000064,10312,JANATHA PHARMA,MANGLORE,KA-MN1-245544,29EKIPS0746F1ZT,
45177,ROLL BANDAGE 5X3,3,20,40,725,2030-11-01,10,10,,2500073008671,2025-08-14,25-26/0000064,10312,JANATHA PHARMA,MANGLORE,KA-MN1-245544,29EKIPS0746F1ZT,
57226,MESAGUT 800 DR,40,46.25,80,MT-242763,2026-11-01,10,10,,2500073008671,2025-08-14,25-26/0000064,10312,JANATHA PHARMA,MANGLORE,KA-MN1-245544,29EKIPS0746F1ZT,
57227,AZEDAX 16,60,33,60,CMT241574,2026-07-01,10,10,,2500073008671,2025-08-14,25-26/0000064,10312,JANATHA PHARMA,MANGLORE,KA-MN1-245544,29EKIPS0746F1ZT,
57230,TP MATE 25,35,13.48,35,T242086,2027-10-01,10,10,,2500073008671,2025-08-14,25-26/0000064,10312,JANATHA PHARMA,MANGLORE,KA-MN1-245544,29EKIPS0746F1ZT,
57232,NORATE TAB,1,11.25,25,AJAA30,2026-10-01,10,10,,2500073008671,2025-08-14,25-26/0000064,10312,JANATHA PHARMA,MANGLORE,KA-MN1-245544,29EKIPS0746F1ZT,
57239,AXE OIL 5ML,5,144,179,BNA31824,2029-12-01,1,1,,B2C-774/25-26,2025-08-19,25-26/0000067,1052,GENERAL TRADE LINKS,KANNUR,0,32AAEFG2263D1ZI,0
57240,AXE OIL 3ML,2,100,123,BNA00725,2030-01-01,1,1,,B2C-774/25-26,2025-08-19,25-26/0000067,1052,GENERAL TRADE LINKS,KANNUR,0,32AAEFG2263D1ZI,0
57247,MOXOPAL 0.2,30,22.5,45,T241947,2026-09-01,10,10,,5439,2025-08-19,25-26/0000069,1187,WESTERN PHARMA,KANNUR,0,32120241052,0
57186,GLUCOGIANT 500,43,16.9,40,SPT250455,2027-01-01,10,10,,5439,2025-08-19,25-26/0000069,1187,WESTERN PHARMA,KANNUR,0,32120241052,0
57251,SITAVAC 3D MAX 1000,10,124.5,150,LGN12/034/0,2026-11-01,10,10,,5439,2025-08-19,25-26/0000069,1187,WESTERN PHARMA,KANNUR,0,32120241052,0
44711,ZENCLOBATE GM ,1,18.9,40,BR10,2027-01-01,1,1,,5439,2025-08-19,25-26/0000069,1187,WESTERN PHARMA,KANNUR,0,32120241052,0
47352,TRYPTIPAL 10,1,9.5,20,WTPL325001,2027-02-01,10,10,,5439,2025-08-19,25-26/0000069,1187,WESTERN PHARMA,KANNUR,0,32120241052,0
57252,ELKEZEN OINT,1,19.5,45,4578,2026-11-01,1,1,,5439,2025-08-19,25-26/0000069,1187,WESTERN PHARMA,KANNUR,0,32120241052,0
46217,SUPER ZINC 20,30,9.5,25,DLT1325,2026-07-01,10,10,,5439,2025-08-19,25-26/0000069,1187,WESTERN PHARMA,KANNUR,0,32120241052,0
46159,CIPCOZ D DROPS,8,18.9,30,LHLE25022,2027-01-01,1,1,,2444,2025-08-19,25-26/0000070,1172,TRIWIN PHARMA,KANNUR,0,32120523854,0
57254,CIPCOZ  DROPS,2,10.5,17,LHLE25020,2027-01-01,1,1,,2444,2025-08-19,25-26/0000070,1172,TRIWIN PHARMA,KANNUR,0,32120523854,0
57259,DABIGATREX 110,40,88,130,PX8AQ11,2026-07-01,10,10,,A001213,2025-08-19,25-26/0000071,10296,alka associates,,,,
57263,PIMAPEXOLE 0.25,30,13,25,PX8KK03,2026-11-01,10,10,,A001213,2025-08-19,25-26/0000071,10296,alka associates,,,,
57264,VRINIDINE 0.2,20,12,30,PT-42491,2026-06-01,10,10,,A001213,2025-08-19,25-26/0000071,10296,alka associates,,,,
44433,ALPHADAY ,15,190,190,t-2411092,2026-10-01,10,10,,123,2025-08-21,25-26/0000072,10317,general,,,,
57274,CHYMORAL FORTE ,115,356.43,460,2KU6M007,2028-01-01,20,20,,LP-25-24572,2025-08-20,25-26/0000073,1203,LINK PHARMA,KANNUR,,32AABFT3905A1ZK,
57275,CHYMORAL PLUS,6,170.79,224,WBB2F009,2027-01-01,15,15,,LP-25-24572,2025-08-20,25-26/0000073,1203,LINK PHARMA,KANNUR,,32AABFT3905A1ZK,
57280,REMMAG TAB,40,43.21,56,DT243,2028-02-01,10,10,,DL-25-21426,2025-08-20,25-26/0000075,1041,DRUG LINK,KANNUR,0,32AACFD4259N1ZC,0
57282,CONTRACTUBEX GEL,1,1169.29,1520,B00063130,2027-02-01,1,1,,TL-25-14313,2025-08-20,25-26/0000076,1170,TRADE LINK,KANNUR,0,32AADFT4058N1ZY,0
45554,LIV 52 ,100,154.53,200,111250284,2028-02-01,1,100,,2500173002496,2025-08-20,25-26/0000077,10268,FATHIMA MATHA MEDICALS,,,,
57286,P,60,13,30,MT-242438,2026-09-01,10,10,,A001213,2025-08-19,25-26/0000071,10296,alka associates,,,,
57294,SUBADOM RESPULES,22,3.9,6.5,ER1525001,2027-01-01,1,1,,A001254,2025-08-22,25-26/0000079,10296,alka associates,,,,
56936,BUDEPRESS 200 INH,3,122.5,210,SHIN-BS216,2026-07-01,1,1,,A001254,2025-08-22,25-26/0000079,10296,alka associates,,,,
57299,DUOLOXTIME 30,40,16,40,PX8LE01,2026-05-01,10,10,,A001254,2025-08-22,25-26/0000079,10296,alka associates,,,,
57300,MENTATIME 10,50,24.5,50,T250130,2026-12-01,10,10,,A001254,2025-08-22,25-26/0000079,10296,alka associates,,,,
57265,OXETIN 40,44,13,40,NB/250111,2027-06-01,10,10,,A001254,2025-08-22,25-26/0000079,10296,alka associates,,,,
57305,MEDIGRIP 1.25,2,11,45,12J,2026-06-01,1,1,,123,2025-08-09,25-26/0000030,10317,general,,,,
45941,MIGRAFEN,1,39.5,70,ECH501F,2027-05-01,10,10,,FLO01-XL/0221,2025-08-23,25-26/0000080,10283,MADHAVI ENTERPRISES,,,,9496360332
57320,SENSODYNE BRUSH COMBO 140,1,88.136,140,S43111310/3,2028-06-30,1,1,,A7197-25/26,2025-08-23,25-26/0000082,10321,BHARATHI SALES CORPERATION,12/171-A4,11318013000469,32BVCPC2400G1ZK,9895961146
57091,HUG N WAG SHAMPOO,2,84.75,125,CAE25009,2027-05-01,1,1,,NP2223-2969,2025-08-23,25-26/0000084,1105,NEW PHARMA,MAIN ROAD IRITTY,0,0,0
57335,BROTONE VT 500ML,1,210.71,292,CH3038,2026-12-01,1,1,,NP2223-2969,2025-08-23,25-26/0000084,1105,NEW PHARMA,MAIN ROAD IRITTY,0,0,0
46069,ALBOMAR SUSPENSION 30ML,2,48.57,68,GP819,2028-02-01,1,1,,NP2223-2969,2025-08-23,25-26/0000084,1105,NEW PHARMA,MAIN ROAD IRITTY,0,0,0
57020,TEXIFORD 250 TAB,40,48.9,75,7144007,2026-11-01,10,10,,2567,2025-08-25,25-26/0000085,1172,TRIWIN PHARMA,KANNUR,0,32120523854,0
57336,CLOTIGEM DUSTING POWDER,1,46.5,80,LSP25008,2028-01-01,1,1,,2567,2025-08-25,25-26/0000085,1172,TRIWIN PHARMA,KANNUR,0,32120523854,0
57337,SPIRIT 400ML,3,89,150,002,2027-09-01,1,1,,2567,2025-08-25,25-26/0000085,1172,TRIWIN PHARMA,KANNUR,0,32120523854,0
44658,CERVICAL COLLAR M,1,220,350,LFG0546/0147,2029-11-01,1,1,,2567,2025-08-25,25-26/0000085,1172,TRIWIN PHARMA,KANNUR,0,32120523854,0
43866,TRIODERM ,1,18.9,40,4822,2026-04-01,1,1,,5710,2025-08-25,25-26/0000086,1187,WESTERN PHARMA,KANNUR,0,32120241052,0
57338,MENSTRUAL CUP M   PROCURE,1,124,250,MCO624,2031-07-01,1,1,,5710,2025-08-25,25-26/0000086,1187,WESTERN PHARMA,KANNUR,0,32120241052,0
56923,SNEHCAL D3 800 DROPS,2,23.9,50,SAL25001,2026-10-01,1,1,,5710,2025-08-25,25-26/0000086,1187,WESTERN PHARMA,KANNUR,0,32120241052,0
57339,FLUWICK 150,1,4.99,11,PE25017,2028-03-01,1,1,,5710,2025-08-25,25-26/0000086,1187,WESTERN PHARMA,KANNUR,0,32120241052,0
57041,TIMICOLD SYP,2,20.9,50,B5F0354,2027-05-01,1,1,,5710,2025-08-25,25-26/0000086,1187,WESTERN PHARMA,KANNUR,0,32120241052,0
57168,CONDOM CATHETER,2,20.5,50,240901,2029-08-01,1,1,,5710,2025-08-25,25-26/0000086,1187,WESTERN PHARMA,KANNUR,0,32120241052,0
57342,TRIMOL TAB,251,19.29,25,GT18244,2028-08-01,10,10,0,250017300464,2025-08-25,25-26/0000087,10322,MED WORLD PHARMA,,,,
57345,CLARIDOL 500,35,199.78,300,VGT242243A,2026-10-01,10,10,,250017300464,2025-08-25,25-26/0000087,10322,MED WORLD PHARMA,,,,
57346,ETROVIS 90,9,30.58,50,XT2850,2026-11-01,10,10,,250017300464,2025-08-25,25-26/0000087,10322,MED WORLD PHARMA,,,,
57347,X VIS 500,22,198.98,250,XT2410E,2026-09-01,10,10,,250017300464,2025-08-25,25-26/0000087,10322,MED WORLD PHARMA,,,,
43731,ICHITHAMOL GLYCERIN,8,12.56,30,136,2027-01-01,1,1,,250017300464,2025-08-25,25-26/0000087,10322,MED WORLD PHARMA,,,,
57350,MENSTRUAL CUP M NOVAS,1,220,290,3515,2033-08-01,1,1,,250017300464,2025-08-25,25-26/0000087,10322,MED WORLD PHARMA,,,,
57352,ALIDES TAB,50,18,40,6175001,2026-12-01,10,10,,549,2025-08-26,25-26/0000088,10283,MADHAVI ENTERPRISES,,,,9496360332
57353,CASTOR NF,4,30,60,DLWH5015,2026-12-01,1,1,,549,2025-08-26,25-26/0000088,10283,MADHAVI ENTERPRISES,,,,9496360332
57355,BECLONETA OINT,2,22,45,AL9582,2027-04-01,1,1,,549,2025-08-26,25-26/0000088,10283,MADHAVI ENTERPRISES,,,,9496360332
43940,ASTHALIN RC,4,49.72,65,5SA0168,2027-12-01,1,1,,5979,2025-08-26,25-26/0000089,1057,HIND PHARMA,KANNUR,0,32AAGFH2002R1ZJ,0
43939,AEROCORT FORTE RC,5,90.46,120,5SA0664,2027-02-01,1,1,,5979,2025-08-26,25-26/0000089,1057,HIND PHARMA,KANNUR,0,32AAGFH2002R1ZJ,0
57362,LISINOMAX 5,50,13.9,28,LMT240638,2026-04-01,10,10,,5795,2025-08-27,25-26/0000090,1187,WESTERN PHARMA,KANNUR,0,32120241052,0
57363,LEVEHEM 250,24,36.9,50,IBI85002,2027-04-01,10,10,,5795,2025-08-27,25-26/0000090,1187,WESTERN PHARMA,KANNUR,0,32120241052,0
57364,DYDROSMART 10,50,209.9,320,KWAC05,2026-05-01,10,10,,5795,2025-08-27,25-26/0000090,1187,WESTERN PHARMA,KANNUR,0,32120241052,0
55537,ABZ SUSPENSION,5,10.5,18,LID25150,2027-01-01,1,1,,5795,2025-08-27,25-26/0000090,1187,WESTERN PHARMA,KANNUR,0,32120241052,0
57365,RECALMIN D3 DROPS,2,29.5,60,EILH25002,2026-11-01,1,1,,2605,2025-08-27,25-26/0000091,1172,TRIWIN PHARMA,KANNUR,0,32120523854,0
57370,GLMIND PM2,65,18.5,60,BU25221B,2027-03-01,15,15,,A001303,2025-08-27,25-26/0000092,10296,alka associates,,,,
57378,RABZEN DSR ,1,12,40,WREN325001,2027-02-01,10,10,,A001303,2025-08-27,25-26/0000092,10296,alka associates,,,,
46296,NIZ- 5,20,7.75,20,NR/240904,2027-02-01,10,10,,A001303,2025-08-27,25-26/0000092,10296,alka associates,,,,
57383,MOX DROPS ,2,51.43,70,DFF8393A,2026-05-01,1,1,,LP-25-25880,2025-08-27,25-26/0000093,1203,LINK PHARMA,KANNUR,,32AABFT3905A1ZK,
57384,MOXCLAV DROPS,1,72.14,95,DFG0526A,2026-06-01,1,1,,LP-25-25880,2025-08-27,25-26/0000093,1203,LINK PHARMA,KANNUR,,32AABFT3905A1ZK,
45477,SUNETRA SENIOR,2,62,80,SSZS-11,2027-12-01,1,1,,2500173002660,2025-08-29,25-26/0000097,10268,FATHIMA MATHA MEDICALS,,,,
57038,DOCTORS PHENYL,1,62,90,54004,2026-06-01,1,1,,2500173002660,2025-08-29,25-26/0000097,10268,FATHIMA MATHA MEDICALS,,,,
57391,VITCOSE D 100 GM,9,22.5,40,259945,2027-02-01,1,1,,2500173002660,2025-08-29,25-26/0000097,10268,FATHIMA MATHA MEDICALS,,,,
57123,EVESTRA 2,420,42.5,65,BTH250004D,2026-12-01,28,28,,2500073009329,2025-08-23,25-26/0000098,10312,JANATHA PHARMA,MANGLORE,KA-MN1-245544,29EKIPS0746F1ZT,
56677,BETAFRENCH SOLUTION 100ML,1,30,48,ABL003,2026-12-01,1,1,,2500073009329,2025-08-23,25-26/0000098,10312,JANATHA PHARMA,MANGLORE,KA-MN1-245544,29EKIPS0746F1ZT,
56768,AMLOSPAS TAB,139,7.8,20,PNTD107,2026-06-01,10,10,,2500073009329,2025-08-23,25-26/0000098,10312,JANATHA PHARMA,MANGLORE,KA-MN1-245544,29EKIPS0746F1ZT,
57371,ROUSTRIN CV 20,10,39,65,PX8CL05,2026-03-01,15,15,,2500073009329,2025-08-23,25-26/0000098,10312,JANATHA PHARMA,MANGLORE,KA-MN1-245544,29EKIPS0746F1ZT,
56664,MEDITEANOX CYPRO,97,3,8,STJ124001,2026-11-01,10,10,,2500073009329,2025-08-23,25-26/0000098,10312,JANATHA PHARMA,MANGLORE,KA-MN1-245544,29EKIPS0746F1ZT,
57145,PRIMVIS 100,5,32,90,ID24-0715A,2026-08-01,15,15,,2500073009329,2025-08-23,25-26/0000098,10312,JANATHA PHARMA,MANGLORE,KA-MN1-245544,29EKIPS0746F1ZT,
45138,CREPE BANDAGE 10 CM SMART,1,24,60,CBY-D25257,2028-03-01,1,1,,2500073009329,2025-08-23,25-26/0000098,10312,JANATHA PHARMA,MANGLORE,KA-MN1-245544,29EKIPS0746F1ZT,
57402,COTTON 225GM,2,97.5,130,273,2027-09-01,1,1,,2500073009329,2025-08-23,25-26/0000098,10312,JANATHA PHARMA,MANGLORE,KA-MN1-245544,29EKIPS0746F1ZT,
57403,DESOVIS 5,144,8.3,25,UT-241281,2026-07-01,10,10,,2500073009410,2025-08-25,25-26/0000099,10312,JANATHA PHARMA,MANGLORE,KA-MN1-245544,29EKIPS0746F1ZT,
57406,SERACON CREAM ,2,72.5,105,5218,2026-03-01,1,1,,2500073009410,2025-08-25,25-26/0000099,10312,JANATHA PHARMA,MANGLORE,KA-MN1-245544,29EKIPS0746F1ZT,
57407,OROBLUE GEL,1,11.8,30,F266,2026-07-01,1,1,,2500073009410,2025-08-25,25-26/0000099,10312,JANATHA PHARMA,MANGLORE,KA-MN1-245544,29EKIPS0746F1ZT,
56744,ALTRALOX 500,41,15.9,40,T24244,2026-03-01,5,5,,2500073009473,2025-08-25,25-26/0000100,10312,JANATHA PHARMA,MANGLORE,KA-MN1-245544,29EKIPS0746F1ZT,
57413,MEDIMIX  GLYCERIN GREEN,2,34.66,45,3401110,2028-05-01,1,1,,ASP02756,2025-08-30,25-26/0000104,10313,MINI AGENCIES,,,,
57415,DROOLS ADULT 1.2KG,1,200,260,KCE7/25,2027-01-01,1,1,,NP2223-3183,2025-09-01,25-26/0000105,1105,NEW PHARMA,MAIN ROAD IRITTY,0,0,0
57330,SHARKOFEROL PET 200GM,2,111.18,164,AN4568005,2026-11-01,1,1,,NP2223-3183,2025-09-01,25-26/0000105,1105,NEW PHARMA,MAIN ROAD IRITTY,0,0,0
57416,MINTHAL 600 TAB,20,26.86,37.6,31008,2028-04-01,4,4,,NP2223-3183,2025-09-01,25-26/0000105,1105,NEW PHARMA,MAIN ROAD IRITTY,0,0,0
46043,SHARKOFEROL VET 450 GM,1,153.6,192,569019,2027-04-01,1,1,,NP2223-3183,2025-09-01,25-26/0000105,1105,NEW PHARMA,MAIN ROAD IRITTY,0,0,0
45923,SHARKOL 200 ML,2,125,140,134,2027-04-01,1,1,,NP2223-3183,2025-09-01,25-26/0000105,1105,NEW PHARMA,MAIN ROAD IRITTY,0,0,0
57331,FLEMATIC WS SPRAY,1,125,175,25016,2028-06-01,1,1,,NP2223-3183,2025-09-01,25-26/0000105,1105,NEW PHARMA,MAIN ROAD IRITTY,0,0,0
46069,ALBOMAR SUSPENSION 30ML,1,28.57,40,GC822,2028-06-01,1,1,,NP2223-3183,2025-09-01,25-26/0000105,1105,NEW PHARMA,MAIN ROAD IRITTY,0,0,0
57419,PENDISTRIN SH,2,30.38,40.5,5026,2026-12-01,1,1,,NP2223-3183,2025-09-01,25-26/0000105,1105,NEW PHARMA,MAIN ROAD IRITTY,0,0,0
56908,MEDISOFT ALOEVERA LOTION,2,56,100,BLDL4001,2027-08-01,1,1,,584,2025-09-02,25-26/0000106,10283,MADHAVI ENTERPRISES,,,,9496360332
44925,VALPOCARE CR 300,15,26.5,48,VC2T-012,2026-07-01,10,10,,584,2025-09-02,25-26/0000106,10283,MADHAVI ENTERPRISES,,,,9496360332
44645,CASTOR E/D,6,8,15,LHLE24007,2025-12-30,1,1,,584,2025-09-02,25-26/0000106,10283,MADHAVI ENTERPRISES,,,,9496360332
44645,CASTOR E/D,5,8,15,LHLE24055,2026-06-01,1,1,,584,2025-09-02,25-26/0000106,10283,MADHAVI ENTERPRISES,,,,9496360332
57429,LETOLIFE 2.5,5,12.5,45,T242554,2026-11-01,10,10,,A001342,2025-09-01,25-26/0000107,10296,alka associates,,,,
57432,VERTINIST 8,46,9,20,T251352,2027-06-01,10,10,,A001342,2025-09-01,25-26/0000107,10296,alka associates,,,,
57297,AZATHIOPRIME 50,4,17,50,24346,2026-09-01,10,10,,A001342,2025-09-01,25-26/0000107,10296,alka associates,,,,
57433,DUOLOXTIME 20,1,13,35,BTH01ADA,2027-02-01,10,10,,A001342,2025-09-01,25-26/0000107,10296,alka associates,,,,
45635,ROUSTRIN AV 20,150,38,80,RVSIL401,2026-11-01,15,15,,A001342,2025-09-01,25-26/0000107,10296,alka associates,,,,
57435,ORS 21.8 LEMON,5,9,20,c4064,2026-01-01,1,1,,105,2025-09-03,25-26/0000108,10311,MALABAR PHARMA,"CASA MARINA COMPLEX,THALAP,KANNUR",WLF20B2024KL001695,32BQKPN5471R1Z3,9037573266
56646,CIPROFRESH MOUTHWASH,1,40,70,N0240178,2026-02-01,1,1,,105,2025-09-03,25-26/0000108,10311,MALABAR PHARMA,"CASA MARINA COMPLEX,THALAP,KANNUR",WLF20B2024KL001695,32BQKPN5471R1Z3,9037573266
56772,ALCITRATE SYP,1,20.8,50,VHL2403022,2026-02-01,1,1,,105,2025-09-03,25-26/0000108,10311,MALABAR PHARMA,"CASA MARINA COMPLEX,THALAP,KANNUR",WLF20B2024KL001695,32BQKPN5471R1Z3,9037573266
44421,CLOZOLE B LOTION,2,26,45,C279,2026-08-01,1,1,,105,2025-09-03,25-26/0000108,10311,MALABAR PHARMA,"CASA MARINA COMPLEX,THALAP,KANNUR",WLF20B2024KL001695,32BQKPN5471R1Z3,9037573266
57442,FULRICH CALCIUM SYP,2,40,80,624609,2026-07-01,1,1,,2500173002756,2025-09-03,25-26/0000111,10268,FATHIMA MATHA MEDICALS,,,,
57445,DRESSING PAD 10*12,1,25,40,DS1012/03-0521,2029-04-01,1,1,,2500173002775,2025-09-04,25-26/0000112,10268,FATHIMA MATHA MEDICALS,,,,
57448,REKTHAKANTHI CHOORNAM,1,34.5,50,1500,2027-03-01,1,1,,2500173002775,2025-09-04,25-26/0000112,10268,FATHIMA MATHA MEDICALS,,,,
57454,SR-VENAX 37.5,40,13.5,30,NB/240842,2027-01-01,10,10,,A001374,2025-09-03,25-26/0000113,10296,alka associates,,,,
57456,BISOPROLIN 5,200,8.5,25,M241505,2027-11-01,10,10,,A001374,2025-09-03,25-26/0000113,10296,alka associates,,,,
56934,BUDEPRESS 400 INH,3,170,240,APM24007,2026-02-01,1,1,,A001374,2025-09-03,25-26/0000113,10296,alka associates,,,,
57457,FLUREPTIN 100,80,33.5,60,PX8KD01,2026-01-01,10,10,,A001374,2025-09-03,25-26/0000113,10296,alka associates,,,,
57458,HYDROXENA 500,10,32,70,BC24394A,2026-10-01,10,10,,A001374,2025-09-03,25-26/0000113,10296,alka associates,,,,
57459,CANDID V6 TAB,2,48.05,65,50240035,2028-08-01,6,1,,13366,2025-09-03,25-26/0000114,1100,MODERN PHARMA,KANNUR,0,32AAEFM3567C1ZN,0
57460,CANDID V3 TAB,1,66.43,90,10242213,2028-08-01,1,1,,13366,2025-09-03,25-26/0000114,1100,MODERN PHARMA,KANNUR,0,32AAEFM3567C1ZN,0
57461,CANDID MOUTH PAINT,1,135.36,178,11241718,2027-11-01,1,1,,13366,2025-09-03,25-26/0000114,1100,MODERN PHARMA,KANNUR,0,32AAEFM3567C1ZN,0
57472,PHOTOFIRST CREAM,1,1230.51,1750,BPFCG25101,2027-06-01,1,1,,13366,2025-09-03,25-26/0000114,1100,MODERN PHARMA,KANNUR,0,32AAEFM3567C1ZN,0
57473,THEO ASTHALIN,180,14.9,20,5C10493,2028-03-01,30,30,,6354,2025-09-03,25-26/0000115,1057,HIND PHARMA,KANNUR,0,32AAGFH2002R1ZJ,0
57273,VANTEJ TOOTH PASTE 100GM,1,273.22,350,BBV25104,2027-05-01,1,1,,LP-25-27496,2025-09-06,25-26/0000117,1203,LINK PHARMA,KANNUR,,32AABFT3905A1ZK,
57384,MOXCLAV DROPS,1,77.14,95,DFG603A,2026-11-01,1,1,,LP-25-27496,2025-09-06,25-26/0000117,1203,LINK PHARMA,KANNUR,,32AABFT3905A1ZK,
57482,CARMICIDE ADULT,1,85,115,25AV0051,2028-05-01,1,1,,LP-25-27526,2025-09-06,25-26/0000118,1203,LINK PHARMA,KANNUR,,32AABFT3905A1ZK,
57486,DOMSTAL SYP,2,29.76,40,TLK3M010,2027-02-01,1,1,,LP-25-27526,2025-09-06,25-26/0000118,1203,LINK PHARMA,KANNUR,,32AABFT3905A1ZK,
57483,EXTOR,1,689.83,925,74064MN1,2026-08-01,1,1,,LP-25-27526,2025-09-06,25-26/0000118,1203,LINK PHARMA,KANNUR,,32AABFT3905A1ZK,
57487,ALERID SYP,1,16.08,22,5A60500,2028-04-01,1,1,,IL-25-24603,2025-09-06,25-26/0000119,1060,INTER LINK,KANNUR,0,32AABFI5741B1ZO,0
57278,BILYPSA 4MG,1,1561.98,2050,IA00623A,2027-11-01,1,1,,IL-25-24603,2025-09-06,25-26/0000119,1060,INTER LINK,KANNUR,0,32AABFI5741B1ZO,0
57488,BILYPSA 4MG STRIP,25,347.11,455,IA00444B,2027-11-01,10,10,,IL-25-24603,2025-09-06,25-26/0000119,1060,INTER LINK,KANNUR,0,32AABFI5741B1ZO,0
44773,SUPERCIN OINT,1,38,65,AVK0072,2026-05-01,1,1,,601,2025-09-08,25-26/0000120,10283,MADHAVI ENTERPRISES,,,,9496360332
57118,CEFITAXE CV TAB,11,118,150,LPL24332,2026-04-01,10,10,,601,2025-09-08,25-26/0000120,10283,MADHAVI ENTERPRISES,,,,9496360332
57195,DOVE SHAMPOO ANTI DANDRUFF,2,70.34,93,3305,2028-06-01,1,1,,5930,2025-09-08,25-26/0000121,10315,AMALA STATIONERY,ANGADIKADAVU,,,
57175,MAMYPOKO M 4,4,35.71,48,HRHR,2028-06-01,1,1,,A2226,2025-09-08,25-26/0000122,10320,FORTUNE TRADE LINK,,,,
57491,MAMYPOKO XL 4,1,55.8,75,UYT,2026-06-01,1,1,,A2226,2025-09-08,25-26/0000122,10320,FORTUNE TRADE LINK,,,,
57492,MAMYPOKO M 6,3,73.66,99,HGF,2026-06-01,1,1,,A2226,2025-09-08,25-26/0000122,10320,FORTUNE TRADE LINK,,,,
57503,GLYCOMET GP 0.5,100,44.64,60,60001928,2027-02-01,10,10,,C16970,2025-09-09,25-26/0000123,1090,MAYO PHARMA,KANNUR,0,32AADFM8103D1ZW,0
57504,MICROCID CAP,36,38.93,52,MIAS0056,2027-09-01,10,10,,C16970,2025-09-09,25-26/0000123,1090,MAYO PHARMA,KANNUR,0,32AADFM8103D1ZW,0
57504,MICROCID CAP,50,38.93,52,MIAS0057,2027-09-01,10,10,,C16970,2025-09-09,25-26/0000123,1090,MAYO PHARMA,KANNUR,0,32AADFM8103D1ZW,0
57505,ROSEDAY 10,90,162.14,215,48020300,2027-11-01,15,15,,C16970,2025-09-09,25-26/0000123,1090,MAYO PHARMA,KANNUR,0,32AADFM8103D1ZW,0
45269,SMUTH CREAM,1,118.86,145,S0929,2027-02-01,1,1,,C16970,2025-09-09,25-26/0000123,1090,MAYO PHARMA,KANNUR,0,32AADFM8103D1ZW,0
57506,TAZLOC AM,100,114.55,152,28026561,2027-03-01,10,10,,C16970,2025-09-09,25-26/0000123,1090,MAYO PHARMA,KANNUR,0,32AADFM8103D1ZW,0
57508,UDAPA TRIO ,70,149.25,196,EMV251021,2027-05-01,10,10,,C16970,2025-09-09,25-26/0000123,1090,MAYO PHARMA,KANNUR,0,32AADFM8103D1ZW,0
45472,PREGAFER PLUS,60,24,50,PGC25-209B,2026-11-01,10,10,,A001401,2025-09-08,25-26/0000124,10296,alka associates,,,,
57511,DOPFLIZN GM 2/500,60,43,85,CMT250153A,2026-06-01,10,10,,A001401,2025-09-08,25-26/0000124,10296,alka associates,,,,
57256,LNGIPTIN M 2.5/500,10,16,70,BD250571D,2027-02-01,10,10,,A001401,2025-09-08,25-26/0000124,10296,alka associates,,,,
57458,HYDROXENA 500,60,32,70,CHYA231279,2026-11-01,10,10,,A001401,2025-09-08,25-26/0000124,10296,alka associates,,,,
57300,MENTATIME 10,60,24.5,50,T250130,2026-12-01,10,10,,A001401,2025-09-08,25-26/0000124,10296,alka associates,,,,
57513,MENTATIME 5,6,12.5,30,T241510,2026-07-01,10,10,,A001401,2025-09-08,25-26/0000124,10296,alka associates,,,,
45153,DAPAFORD 10,30,36,60,DAA501C,2027-02-01,15,15,,610,2025-09-09,25-26/0000125,10283,MADHAVI ENTERPRISES,,,,9496360332
57520,STERCYCLINE POWDER,1,62.86,88,TTPP25006,2027-04-01,1,1,,NP2223-3354,2025-09-10,25-26/0000128,1105,NEW PHARMA,MAIN ROAD IRITTY,0,0,0
45922,MILKVET TAB 100,2,96,120,104,2028-01-01,1,1,,NP2223-3354,2025-09-10,25-26/0000128,1105,NEW PHARMA,MAIN ROAD IRITTY,0,0,0
57418,DIGYTON DROPS,2,104.28,146,252500484,2028-04-01,1,1,,NP2223-3354,2025-09-10,25-26/0000128,1105,NEW PHARMA,MAIN ROAD IRITTY,0,0,0
57102,EPISOOTHE SHAMPOO,2,227.12,335,GC314,2026-06-01,1,1,,NP2223-3354,2025-09-10,25-26/0000128,1105,NEW PHARMA,MAIN ROAD IRITTY,0,0,0
57107,VITABEST DERM 250ML,3,338.98,500,CH226,2027-01-01,1,1,,NP2223-3354,2025-09-10,25-26/0000128,1105,NEW PHARMA,MAIN ROAD IRITTY,0,0,0
57522,FOLEYS CATHETER 20,3,45,100,24K071,2027-09-01,1,1,,2500173002912,2025-09-11,25-26/0000129,10268,FATHIMA MATHA MEDICALS,,,,
57284,MOOV SPRAY 35G,1,140.76,170,B5051B4,2028-04-01,1,1,,2500173002884,2025-09-11,25-26/0000130,10268,FATHIMA MATHA MEDICALS,,,,
57285,MOOV SPRAY 15G,1,70.5,85,B5037A4,2027-03-01,1,1,,2500173002884,2025-09-11,25-26/0000130,10268,FATHIMA MATHA MEDICALS,,,,
57372,METAPROLE XR 50,20,9.6,20,T251226,2027-05-01,10,10,,A001433,2025-09-10,25-26/0000131,10296,alka associates,,,,
57259,DABIGATREX 110,50,88,130,PX8AQ11,2026-07-01,10,10,,A001433,2025-09-10,25-26/0000131,10296,alka associates,,,,
56648,FOLEYS CATHETER 16,1,50,125,24J088,2027-08-01,1,1,,2500173002866,2025-09-10,25-26/0000133,10268,FATHIMA MATHA MEDICALS,,,,
57526,ASRUGEN EYE DROP,2,81.85,100,25048,2027-03-01,1,1,,2500173002866,2025-09-10,25-26/0000133,10268,FATHIMA MATHA MEDICALS,,,,
57528,CASTOR OIL 60ML,2,37,50,1154,2026-02-01,1,1,,2500173002866,2025-09-10,25-26/0000133,10268,FATHIMA MATHA MEDICALS,,,,
44249,LANCET,25,3.2,4,D09D8S,2028-09-01,1,1,,2500173002866,2025-09-10,25-26/0000133,10268,FATHIMA MATHA MEDICALS,,,,
57530,OXYDROPS ADULT,3,62.86,80,09625,2027-05-01,1,1,,2500173002866,2025-09-10,25-26/0000133,10268,FATHIMA MATHA MEDICALS,,,,
57532,VERICOIL SIDHANS,1,350,420,82,2027-07-01,1,1,,2500173002866,2025-09-10,25-26/0000133,10268,FATHIMA MATHA MEDICALS,,,,
57532,VERICOIL SIDHANS,1,280,360,78,2027-06-01,1,1,,2500173002866,2025-09-10,25-26/0000133,10268,FATHIMA MATHA MEDICALS,,,,
45422,FORGLYN PLUS RC,2,403.54,550,IA00761A,2026-12-01,1,1,,IL-25-25400,2025-09-11,25-26/0000134,1060,INTER LINK,KANNUR,0,32AABFI5741B1ZO,0
57542,FORMONIDE 0.5 RESPULES,14,55,75,25R046,2026-09-01,1,1,,IL-25-25400,2025-09-11,25-26/0000134,1060,INTER LINK,KANNUR,0,32AABFI5741B1ZO,0
57539,MACGESIA OIL,2,136.78,179,MAC25007,2028-03-01,1,1,,IL-25-25400,2025-09-11,25-26/0000134,1060,INTER LINK,KANNUR,0,32AABFI5741B1ZO,0
57206,TEAR DROPS ,1,100.02,130,GTG1438B,2027-04-01,1,1,,IL-25-25400,2025-09-11,25-26/0000134,1060,INTER LINK,KANNUR,0,32AABFI5741B1ZO,0
57541,TETRAFOL PLUS ,30,195.71,260,GKG0745A,2027-03-01,10,10,,IL-25-25400,2025-09-11,25-26/0000134,1060,INTER LINK,KANNUR,0,32AABFI5741B1ZO,0
57149,MEFTAL P SYP,1,26.43,34,PZ2557,2027-06-01,1,1,,LP-25-28555,2025-09-11,25-26/0000135,1203,LINK PHARMA,KANNUR,,32AABFT3905A1ZK,
57382,TRUCOF PD SYP,4,52.14,70,MTL-2412,2027-01-01,1,1,,LP-25-28555,2025-09-11,25-26/0000135,1203,LINK PHARMA,KANNUR,,32AABFT3905A1ZK,
57544,SOFRAMYCIN CREAM,3,41.83,54,I4CH638,2027-07-01,1,1,,LP-25-28555,2025-09-11,25-26/0000135,1203,LINK PHARMA,KANNUR,,32AABFT3905A1ZK,
45340,CALAPTIN 40,245,20.63,27,CSY24012,2027-02-01,30,30,,LP-25-28555,2025-09-11,25-26/0000135,1203,LINK PHARMA,KANNUR,,32AABFT3905A1ZK,
57545,COLICOZY DROPS,3,56.43,72,LLD-9499,2027-04-01,1,1,,LP-25-28555,2025-09-11,25-26/0000135,1203,LINK PHARMA,KANNUR,,32AABFT3905A1ZK,
57547,AZIFORD 500TAB,5,55,90,7995001,2027-01-01,5,5,,626,2025-09-12,25-26/0000137,10283,MADHAVI ENTERPRISES,,,,9496360332
57325,SENSODYNE FRESHMINT 150G,1,185.703,252,HFJ,2026-06-01,1,1,,A7966-25/26,2025-09-13,25-26/0000138,10321,BHARATHI SALES CORPERATION,12/171-A4,11318013000469,32BVCPC2400G1ZK,9895961146
57550,NIFEDULE RT 30,111,48,75,SPT250741,2027-02-01,15,15,,25000730010375,2025-09-06,25-26/0000140,10312,JANATHA PHARMA,MANGLORE,KA-MN1-245544,29EKIPS0746F1ZT,
57551,TELMISTRUM  MT 25,60,29.4,55,STE25001,2027-04-01,15,15,,25000730010375,2025-09-06,25-26/0000140,10312,JANATHA PHARMA,MANGLORE,KA-MN1-245544,29EKIPS0746F1ZT,
56890,QT-PINE 25,13,6.25,20,AMN01CAA,2027-02-01,10,10,,25000730010375,2025-09-06,25-26/0000140,10312,JANATHA PHARMA,MANGLORE,KA-MN1-245544,29EKIPS0746F1ZT,
56891,QT-PINE 50,52,9.1,25,PX8LS01,2026-07-01,10,10,,25000730010375,2025-09-06,25-26/0000140,10312,JANATHA PHARMA,MANGLORE,KA-MN1-245544,29EKIPS0746F1ZT,
57072,ZIPVIT 200ML,1,186.44,275,ZP2517,2027-04-01,1,1,,NP2223-3414,2025-09-13,25-26/0000141,1105,NEW PHARMA,MAIN ROAD IRITTY,0,0,0
46266,ENRIN SOLN 100ML,3,130.21,175,NEN-2508,2027-02-01,1,1,,NP2223-3414,2025-09-13,25-26/0000141,1105,NEW PHARMA,MAIN ROAD IRITTY,0,0,0
45922,MILKVET TAB 100,3,96,120,104,2028-01-01,1,1,,NP2223-3414,2025-09-13,25-26/0000141,1105,NEW PHARMA,MAIN ROAD IRITTY,0,0,0
57103,HEALANT CREAM ,2,189.29,265,380,2027-01-01,1,1,,NP2223-3414,2025-09-13,25-26/0000141,1105,NEW PHARMA,MAIN ROAD IRITTY,0,0,0
48450,ADULT DIAPER STICK ON L KAREMED(JANATHA),1,182,300,CKM16/L20,2027-07-01,1,1,,25000730010375,2025-09-06,25-26/0000140,10312,JANATHA PHARMA,MANGLORE,KA-MN1-245544,29EKIPS0746F1ZT,
57556,ADULT DIAPER STICK ON XL KAREMED(JANATHA),3,190,300,CKM16/XL20,2027-07-01,1,1,,25000730010375,2025-09-06,25-26/0000140,10312,JANATHA PHARMA,MANGLORE,KA-MN1-245544,29EKIPS0746F1ZT,
57557,FENOFIBRON 160,150,18.2,40,PX8LQ02,2026-11-01,10,10,,25000730010375,2025-09-06,25-26/0000140,10312,JANATHA PHARMA,MANGLORE,KA-MN1-245544,29EKIPS0746F1ZT,
57558,REVOSTATIN 5,5,9.5,20,RCSIG401,2026-06-01,10,10,,25000730010375,2025-09-06,25-26/0000140,10312,JANATHA PHARMA,MANGLORE,KA-MN1-245544,29EKIPS0746F1ZT,
44485,KNEE CAP XL,3,73,150,KP-H25307,2028-08-01,1,1,,25000730010375,2025-09-06,25-26/0000140,10312,JANATHA PHARMA,MANGLORE,KA-MN1-245544,29EKIPS0746F1ZT,
57559,TELMISTRUM 20,31,17,35,STE124001,2026-05-01,15,15,,25000730010375,2025-09-06,25-26/0000140,10312,JANATHA PHARMA,MANGLORE,KA-MN1-245544,29EKIPS0746F1ZT,
56700,CIDINITAB 20,310,7.5,25,CVB24002,2026-08-01,10,10,,25000730010375,2025-09-06,25-26/0000140,10312,JANATHA PHARMA,MANGLORE,KA-MN1-245544,29EKIPS0746F1ZT,
56686,ACEFLUR PLUS TAB,66,6,20,T4696,2027-10-01,10,10,,25000730010375,2025-09-06,25-26/0000140,10312,JANATHA PHARMA,MANGLORE,KA-MN1-245544,29EKIPS0746F1ZT,
56756,SEIZMET GP1,260,22,60,STT25001,2026-12-01,15,15,,25000730010375,2025-09-06,25-26/0000140,10312,JANATHA PHARMA,MANGLORE,KA-MN1-245544,29EKIPS0746F1ZT,
56727,ATOVASTRIN GOLD 40,396,50,90,ATV25001,2026-10-01,15,15,,25000730010375,2025-09-06,25-26/0000140,10312,JANATHA PHARMA,MANGLORE,KA-MN1-245544,29EKIPS0746F1ZT,
57560,LEFLUCARE 20,90,23,60,SPT2409615A,2026-04-01,10,10,,25000730010375,2025-09-06,25-26/0000140,10312,JANATHA PHARMA,MANGLORE,KA-MN1-245544,29EKIPS0746F1ZT,
56762,LEFLUNOMILE 10,65,18.9,40,258TLT25001,2026-12-01,10,10,,25000730010375,2025-09-06,25-26/0000140,10312,JANATHA PHARMA,MANGLORE,KA-MN1-245544,29EKIPS0746F1ZT,
56965,PRAZOPRIME XL 5,33,30.5,60,PZX2501,2027-03-01,20,20,,25000730010375,2025-09-06,25-26/0000140,10312,JANATHA PHARMA,MANGLORE,KA-MN1-245544,29EKIPS0746F1ZT,
57401,TELMISTRUM BISO 40/5,50,23.44,45,PLX8MH01,2026-10-01,10,10,,25000730010375,2025-09-06,25-26/0000140,10312,JANATHA PHARMA,MANGLORE,KA-MN1-245544,29EKIPS0746F1ZT,
56971,BISOGARD 5,105,7.8,25,AMN01DXA,2027-03-01,10,10,,25000730010375,2025-09-06,25-26/0000140,10312,JANATHA PHARMA,MANGLORE,KA-MN1-245544,29EKIPS0746F1ZT,
57561,BISOGEN 2.5,10,3.51,20,PT-43627,2026-10-01,10,10,,25000730010375,2025-09-06,25-26/0000140,10312,JANATHA PHARMA,MANGLORE,KA-MN1-245544,29EKIPS0746F1ZT,
56672,NIFEDULES RT 10,110,8.6,14,PX8JO04,2026-10-01,10,10,,25000730010375,2025-09-06,25-26/0000140,10312,JANATHA PHARMA,MANGLORE,KA-MN1-245544,29EKIPS0746F1ZT,
57400,TRIMETAZ CR 60,70,27.5,60,TRZ24002,2026-10-01,15,15,0,25000730010375,2025-09-06,25-26/0000140,10312,JANATHA PHARMA,MANGLORE,KA-MN1-245544,29EKIPS0746F1ZT,
57131,LINALIGLIP DAPA,10,32,70,25S3GTA578,2027-05-01,15,15,,25000730010375,2025-09-06,25-26/0000140,10312,JANATHA PHARMA,MANGLORE,KA-MN1-245544,29EKIPS0746F1ZT,
57563,ESMOSTRUM FAST ,15,29,50,ADT251640D,2027-05-01,10,10,,25000730010375,2025-09-06,25-26/0000140,10312,JANATHA PHARMA,MANGLORE,KA-MN1-245544,29EKIPS0746F1ZT,
57565,SODIBICARB TAB,5,11.5,30,STG-250448,2027-02-01,15,15,,25000730010375,2025-09-06,25-26/0000140,10312,JANATHA PHARMA,MANGLORE,KA-MN1-245544,29EKIPS0746F1ZT,
57566,EVIC ER 400,100,35,50,DT50015,2027-12-01,10,10,,25000730010375,2025-09-06,25-26/0000140,10312,JANATHA PHARMA,MANGLORE,KA-MN1-245544,29EKIPS0746F1ZT,
56933,BUDEPRESS 200 R/C,4,48,100,NCD0055C,2028-05-01,1,1,,25000730010375,2025-09-06,25-26/0000140,10312,JANATHA PHARMA,MANGLORE,KA-MN1-245544,29EKIPS0746F1ZT,
57567,CLOBOT GM NF CREAM,4,12,40,1410,2026-08-01,1,1,,A42,2025-09-13,25-26/0000142,10324,EASTERN PHARMA,,,,
57569,ZINCIWELL SYP,2,51,90,MCS24J004,2026-03-01,1,1,,A42,2025-09-13,25-26/0000142,10324,EASTERN PHARMA,,,,
57571,BREALEVO DUO RESPULES,39,60,80,2449001H,2026-11-01,5,5,,A42,2025-09-13,25-26/0000142,10324,EASTERN PHARMA,,,,
44778,BYLAX 5,138,7,12,AD25082,2027-05-01,10,10,,A42,2025-09-13,25-26/0000142,10324,EASTERN PHARMA,,,,
57369,CLOPIVIA  A 75,93,16,35,T242109,2026-11-01,10,10,,A001485,2025-09-15,25-26/0000145,10296,alka associates,,,,
44219,CLOPIVIA  A 150,20,16.8,45,T250968,2027-04-01,10,10,,A001485,2025-09-15,25-26/0000145,10296,alka associates,,,,
57572,KIN PLUS,20,6.25,15,NB/240947,2027-02-01,10,10,,A001485,2025-09-15,25-26/0000145,10296,alka associates,,,,
57573,MIRA 15,45,25,50,NB/250408,2027-09-01,10,10,,A001485,2025-09-15,25-26/0000145,10296,alka associates,,,,
57574,SETRO 25,195,8.57,18,NB/241033,2027-03-01,10,10,,A001485,2025-09-15,25-26/0000145,10296,alka associates,,,,
56735,PANTOSTRUM 40,1,13,30,POM25001,2027-04-01,15,15,,A001485,2025-09-15,25-26/0000145,10296,alka associates,,,,
57121,GLOWSOFT CREAM,3,58,100,GSFTJ003,2027-02-01,1,1,,634,2025-09-16,25-26/0000146,10283,MADHAVI ENTERPRISES,,,,9496360332
57579,ELBOW SUPPORT M LEEFORD,1,147,230,BA05-M/0723,2030-03-01,1,1,,634,2025-09-16,25-26/0000146,10283,MADHAVI ENTERPRISES,,,,9496360332
57583,IGITIMOD 25,25,82,140,LT2409027,2026-08-01,10,10,,A001503,2025-09-17,25-26/0000147,10296,alka associates,,,,
57584,LEFLUVIA 10,4,18,40,T250196,2026-12-01,10,10,,A001503,2025-09-17,25-26/0000147,10296,alka associates,,,,
57585,LEFLUVIA 20,70,26,60,MOT25065,2027-02-01,10,10,,A001503,2025-09-17,25-26/0000147,10296,alka associates,,,,
57588,BOTTLE 100ML STERILE,2,15,25,KBH27C25S,2030-02-01,1,1,,2500173003027,2025-09-18,25-26/0000148,10268,FATHIMA MATHA MEDICALS,,,,
43746,GRIPE WATER,1,37,52,MA01041,2026-08-01,1,1,,NASE,2025-09-17,25-26/0000149,10268,FATHIMA MATHA MEDICALS,,,,
56644,CLOCIP POWDER,1,60,85,KC24173,2027-03-01,1,1,,NASE,2025-09-17,25-26/0000149,10268,FATHIMA MATHA MEDICALS,,,,
55594,FLUKA 150,2,8,12,5N40108,2027-12-01,1,1,,NASE,2025-09-17,25-26/0000149,10268,FATHIMA MATHA MEDICALS,,,,
57591,ADULT DIAPER S FRIENDS,1,245,350,21.05.25,2028-05-01,1,1,,NASE,2025-09-17,25-26/0000149,10268,FATHIMA MATHA MEDICALS,,,,
57593,THENGIN POOKULA 400GM,1,192.85,270,B0923,2026-10-01,1,1,,NASE,2025-09-17,25-26/0000149,10268,FATHIMA MATHA MEDICALS,,,,
57594,NASELIN NASAL SPRAY,1,60,85,NSL25001,2028-01-01,1,1,,NASE,2025-09-17,25-26/0000149,10268,FATHIMA MATHA MEDICALS,,,,
56829,ELADI SYP PAED,2,57.14,75,B0696,2026-06-01,1,1,,B2C-942/25-26,2025-09-17,25-26/0000150,1052,GENERAL TRADE LINKS,KANNUR,0,32AAEFG2263D1ZI,0
57541,TETRAFOL PLUS ,100,195.71,260,GKG0745A,2027-03-01,10,10,,IL-25-26534,2025-09-18,25-26/0000151,1060,INTER LINK,KANNUR,0,32AABFI5741B1ZO,0
57599,CARMICIDE PAED,5,73.57,95,25V0026,2028-02-01,1,1,,LP-25-29862,2025-09-18,25-26/0000152,1203,LINK PHARMA,KANNUR,,32AABFT3905A1ZK,
43907,NOVOMIX 30 PENFIL,5,749.62,937.02,RR720G5,2026-11-01,1,1,,LP-25-29862,2025-09-18,25-26/0000152,1203,LINK PHARMA,KANNUR,,32AABFT3905A1ZK,
57600,ULTRACET SEMI,87,138.07,183,J12085,2027-06-01,15,15,,LP-25-29862,2025-09-18,25-26/0000152,1203,LINK PHARMA,KANNUR,,32AABFT3905A1ZK,
57604,CEFPET TAB,17,146.43,205,507,2027-05-01,10,10,,NP2223-3552,2025-09-20,25-26/0000153,1105,NEW PHARMA,MAIN ROAD IRITTY,0,0,0
45949,OSSOMIN SUSP 4.5 LTR,1,1024,1280,5082,2027-05-01,1,1,,NP2223-3552,2025-09-20,25-26/0000153,1105,NEW PHARMA,MAIN ROAD IRITTY,0,0,0
57555,CALPOVET GEL,1,184,230,CG2473,2027-08-01,1,1,,NP2223-3552,2025-09-20,25-26/0000153,1105,NEW PHARMA,MAIN ROAD IRITTY,0,0,0
57605,LIXEN BOLUS,4,71.43,100,CT337,2026-10-01,2,2,,NP2223-3552,2025-09-20,25-26/0000153,1105,NEW PHARMA,MAIN ROAD IRITTY,0,0,0
57608,TONGUE CLEANER,23,2.5,5,4365465,2030-09-21,1,1,,3212322,2025-09-21,25-26/0000155,1051,GENERAL PURCHASE,GROUP OF SUPLERS ANYWARE IN KERALA,0,0,0
56699,B-CORT C CREAM,2,23,40,33713,2027-03-01,1,1,,25000730011134,2025-09-16,25-26/0000156,10312,JANATHA PHARMA,MANGLORE,KA-MN1-245544,29EKIPS0746F1ZT,
56740,FLUSEN 150,10,4.5,12,T4417,2026-10-01,1,1,,25000730011134,2025-09-16,25-26/0000156,10312,JANATHA PHARMA,MANGLORE,KA-MN1-245544,29EKIPS0746F1ZT,
56767,VORGUN GM 0.2/1,300,18,45,ST-27226,2027-03-01,10,10,,25000730011134,2025-09-16,25-26/0000156,10312,JANATHA PHARMA,MANGLORE,KA-MN1-245544,29EKIPS0746F1ZT,
56892,SACUSMART 50,161,40,75,SWQ25003,2027-03-01,14,14,,25000730011134,2025-09-16,25-26/0000156,10312,JANATHA PHARMA,MANGLORE,KA-MN1-245544,29EKIPS0746F1ZT,
56732,TEROMIDE 10,200,6.25,20,PX8JN04,2026-06-01,10,10,,25000730011134,2025-09-16,25-26/0000156,10312,JANATHA PHARMA,MANGLORE,KA-MN1-245544,29EKIPS0746F1ZT,
56967,CGTEN 25,500,2,10,CT24251278A,2026-09-01,10,10,,25000730011134,2025-09-16,25-26/0000156,10312,JANATHA PHARMA,MANGLORE,KA-MN1-245544,29EKIPS0746F1ZT,
57129,RABISTRUM ACF,22,28,50,LGN10/041/18,2026-03-01,10,10,,25000730011134,2025-09-16,25-26/0000156,10312,JANATHA PHARMA,MANGLORE,KA-MN1-245544,29EKIPS0746F1ZT,
57609,APIXAZEN 2.5,4,12,45,AMN01BGA,2027-01-01,10,10,,25000730011134,2025-09-16,25-26/0000156,10312,JANATHA PHARMA,MANGLORE,KA-MN1-245544,29EKIPS0746F1ZT,
57128,ST GLIPTIN M 50/1000,90,49,95,SSSIL401,2026-11-01,15,15,,25000730011134,2025-09-16,25-26/0000156,10312,JANATHA PHARMA,MANGLORE,KA-MN1-245544,29EKIPS0746F1ZT,
56697,CLOTOP CREAM,1,20,35,26024,2027-02-01,1,1,,25000730011134,2025-09-16,25-26/0000156,10312,JANATHA PHARMA,MANGLORE,KA-MN1-245544,29EKIPS0746F1ZT,
56973,AIRFLOW 250 R/C,3,68,125,MCD0094A,2027-09-01,1,1,,25000730011134,2025-09-16,25-26/0000156,10312,JANATHA PHARMA,MANGLORE,KA-MN1-245544,29EKIPS0746F1ZT,
56723,CLOPIGOLD A 75,88,23.54,50,GESIG502,2027-06-01,15,15,,25000730011134,2025-09-16,25-26/0000156,10312,JANATHA PHARMA,MANGLORE,KA-MN1-245544,29EKIPS0746F1ZT,
56724,CLOPIGOLD A 150,175,28,60,CJSID501,2027-03-01,15,15,,25000730011134,2025-09-16,25-26/0000156,10312,JANATHA PHARMA,MANGLORE,KA-MN1-245544,29EKIPS0746F1ZT,
56896,PROCHLOROMETIL MD TAB,27,12.9,25,T241944,2027-09-01,10,10,,25000730011134,2025-09-16,25-26/0000156,10312,JANATHA PHARMA,MANGLORE,KA-MN1-245544,29EKIPS0746F1ZT,
56678,DEXAREX TAB,33,1,2,DST-2411,2027-03-01,10,10,,25000730011134,2025-09-16,25-26/0000156,10312,JANATHA PHARMA,MANGLORE,KA-MN1-245544,29EKIPS0746F1ZT,
44450,CT PRIDE 1,100,13.13,40,T250998,2027-04-01,10,10,,25000730011134,2025-09-16,25-26/0000156,10312,JANATHA PHARMA,MANGLORE,KA-MN1-245544,29EKIPS0746F1ZT,
57610,DYDROPILL PRO 10,5,150,320,BTH240337F,2026-11-01,1,1,,25000730011134,2025-09-16,25-26/0000156,10312,JANATHA PHARMA,MANGLORE,KA-MN1-245544,29EKIPS0746F1ZT,
57611,NICOSHINE 5,76,11,30,T251291,2027-05-01,10,10,,A001541,2025-09-22,25-26/0000157,10296,alka associates,,,,
57615,OLPID 5,72,8.4,20,NR/250714,2027-12-01,10,10,,A001541,2025-09-22,25-26/0000157,10296,alka associates,,,,
57617,DULOXTIME PREGA 20/50,46,35.5,70,WDLM324003,2026-10-01,10,10,,A001541,2025-09-22,25-26/0000157,10296,alka associates,,,,
57620,LACOSMILE 100,130,27,85,AMN01DLA,2027-02-01,10,10,,A001541,2025-09-22,25-26/0000157,10296,alka associates,,,,
57621,PUMACOXIB 2,8,57,90,SPO250502,2027-04-01,10,10,,A001541,2025-09-22,25-26/0000157,10296,alka associates,,,,
57631,ZOLE OINTMENT,3,50,65,SXF1205A,2026-12-01,1,1,,250017300561,2025-09-22,25-26/0000158,10322,MED WORLD PHARMA,,,,
57030,CHLORAGESIC E/D,1,37.5,48,11224,2026-04-01,1,1,,2500173003124,2025-09-24,25-26/0000159,10268,FATHIMA MATHA MEDICALS,,,,
56842,HIM BABY MASSAGE OIL+SOAP,2,95.5,125,452500180,2028-03-01,1,1,,2500173003124,2025-09-24,25-26/0000159,10268,FATHIMA MATHA MEDICALS,,,,
57634,HIM BABY CREAM 100ML,1,136,178,B992500237,2028-01-01,1,1,,2500173003124,2025-09-24,25-26/0000159,10268,FATHIMA MATHA MEDICALS,,,,
57589,BABYVITA KANNANKAYA POWDER,2,260,310,KSC22T07,2026-08-01,1,1,,2500173003124,2025-09-24,25-26/0000159,10268,FATHIMA MATHA MEDICALS,,,,
57640,ROZALET 20/75,70,193.57,250,FHC0599,2027-05-01,10,10,,250017300571,2025-09-23,25-26/0000160,10322,MED WORLD PHARMA,,,,
56647,FOLEYS CATHETER 14,3,50,125,24L017,2027-10-01,1,1,,2500173003137,2025-09-25,25-26/0000161,10268,FATHIMA MATHA MEDICALS,,,,
45477,SUNETRA SENIOR,2,62,80,SSZS-11,2027-12-01,1,1,,2500173003137,2025-09-25,25-26/0000161,10268,FATHIMA MATHA MEDICALS,,,,
57647,NICARDIA RETARD 10,205,80.69,102,KCG25005,2028-04-01,30,30,,IL-25-27688,2025-09-25,25-26/0000162,1060,INTER LINK,KANNUR,0,32AABFI5741B1ZO,0
57204,FORACORT 100 INH,2,207.36,260,5SN0691,2027-10-01,1,1,,IL-25-27688,2025-09-25,25-26/0000162,1060,INTER LINK,KANNUR,0,32AABFI5741B1ZO,0
57653,GRILLINCTUS DX SYP,2,108.71,140,CN1795019,2027-05-01,1,1,,LP-25-31186,2025-09-25,25-26/0000163,1203,LINK PHARMA,KANNUR,,32AABFT3905A1ZK,
57654,BETNESOL FORTE TAB,4,20.18,26,X42L,2026-06-01,20,20,,LP-25-31186,2025-09-25,25-26/0000163,1203,LINK PHARMA,KANNUR,,32AABFT3905A1ZK,
57657,FLUTIWAYS NASAL SPRAY,2,407.08,530,A1LVY015,2027-04-01,1,1,,LP-25-31186,2025-09-25,25-26/0000163,1203,LINK PHARMA,KANNUR,,32AABFT3905A1ZK,
57658,DEROBIN OINT,1,99.64,130,D5189,2027-03-01,1,1,,LP-25-31186,2025-09-25,25-26/0000163,1203,LINK PHARMA,KANNUR,,32AABFT3905A1ZK,
57660,CEFREDROX 100 SYP,1,49,80,LPL25104,2027-02-01,1,1,,681,2025-09-26,25-26/0000164,10283,MADHAVI ENTERPRISES,,,,9496360332
57196,PANTENE SHAMPOO ,2,61.9,79,3305,2028-06-01,1,1,,6688,2025-09-27,25-26/0000165,10315,AMALA STATIONERY,ANGADIKADAVU,,,
56642,KETOL SHAMPOO,1,70.87,110,EF065,2026-06-01,1,1,,122,2025-09-27,25-26/0000166,10311,MALABAR PHARMA,"CASA MARINA COMPLEX,THALAP,KANNUR",WLF20B2024KL001695,32BQKPN5471R1Z3,9037573266
57664,VERTIFORD 8,105,9,20,VFD401J,2026-09-30,10,10,10,694,2025-09-29,25-26/0000167,10283,MADHAVI ENTERPRISES,,,,9496360332
57665,KUFSHINA SYRUP,4,36,70,FDLH25005,2027-03-01,1,1,,694,2025-09-29,25-26/0000167,10283,MADHAVI ENTERPRISES,,,,9496360332
56917,VOMISHIELD DROPS,2,19,35,EULH24003,2026-05-01,1,1,,694,2025-09-29,25-26/0000167,10283,MADHAVI ENTERPRISES,,,,9496360332
56834,KANNANKAYA POWDER,1,164,210,N198,2026-09-01,1,1,,B2C-981/25-26,2025-09-27,25-26/0000168,1052,GENERAL TRADE LINKS,KANNUR,0,32AAEFG2263D1ZI,0
56810,CHUKKU KAPPI,7,16,15,AGC31,2026-08-01,1,1,,B2C-981/25-26,2025-09-27,25-26/0000168,1052,GENERAL TRADE LINKS,KANNUR,0,32AAEFG2263D1ZI,0
57666,CHARCOAL PEEL OFF MASK,3,208,299,G21739,2028-05-01,1,1,,B2C-981/25-26,2025-09-27,25-26/0000168,1052,GENERAL TRADE LINKS,KANNUR,0,32AAEFG2263D1ZI,0
57667,GOLD PEEL OFF MASK,1,174,250,BM039,2027-02-01,1,1,,B2C-981/25-26,2025-09-27,25-26/0000168,1052,GENERAL TRADE LINKS,KANNUR,0,32AAEFG2263D1ZI,0
57423,TENDODELL,57,40,80,EHT-1344,2026-09-01,10,10,,A001593,2025-09-27,25-26/0000169,10296,alka associates,,,,
44367,DIVANIST OD 250,30,18,45,PGT25-1302C,2027-04-01,10,10,,A001593,2025-09-27,25-26/0000169,10296,alka associates,,,,
57428,GLMIND TRIO 2/0.3,60,21.5,65,BU25200A,2027-03-01,15,15,,A001593,2025-09-27,25-26/0000169,10296,alka associates,,,,
57263,PIMAPEXOLE 0.25,10,13,25,AMN01DVA,2027-03-01,10,10,,A001593,2025-09-27,25-26/0000169,10296,alka associates,,,,
44146,SYNDOPA CR,60,38.48,53,GKG0852A,2027-04-01,10,10,,A001593,2025-09-27,25-26/0000169,10296,alka associates,,,,
44790,SYNDOPA CR 125,25,22.7,29,GKG0973A,2027-05-01,10,10,,A001593,2025-09-27,25-26/0000169,10296,alka associates,,,,
56688,ADOPI-C GEL,4,42.5,80,C-3707,2027-02-01,1,1,,25000730011688,2025-09-24,25-26/0000170,10312,JANATHA PHARMA,MANGLORE,KA-MN1-245544,29EKIPS0746F1ZT,
56900,HYDROZOLIN ISDN,127,33,60,HYD25002,2027-05-01,10,10,,25000730011688,2025-09-24,25-26/0000170,10312,JANATHA PHARMA,MANGLORE,KA-MN1-245544,29EKIPS0746F1ZT,
57230,TP MATE 25,100,13.48,35,T242086,2027-10-01,10,10,,25000730011688,2025-09-24,25-26/0000170,10312,JANATHA PHARMA,MANGLORE,KA-MN1-245544,29EKIPS0746F1ZT,
57406,SERACON CREAM ,2,72.5,105,5219,2026-11-01,1,1,,25000730011688,2025-09-24,25-26/0000170,10312,JANATHA PHARMA,MANGLORE,KA-MN1-245544,29EKIPS0746F1ZT,
57668,ELITH 300,30,15,25,DT50239,2028-06-01,10,10,,25000730011688,2025-09-24,25-26/0000170,10312,JANATHA PHARMA,MANGLORE,KA-MN1-245544,29EKIPS0746F1ZT,
46312,ZON 2,170,5,20,DT50180,2028-05-01,10,10,,25000730011688,2025-09-24,25-26/0000170,10312,JANATHA PHARMA,MANGLORE,KA-MN1-245544,29EKIPS0746F1ZT,
57617,DULOXTIME PREGA 20/50,100,40,70,WDLM324003,2026-10-01,10,10,,25000730011688,2025-09-24,25-26/0000170,10312,JANATHA PHARMA,MANGLORE,KA-MN1-245544,29EKIPS0746F1ZT,
57670,CARBIZOLE 20,1,120,200,NTD003A,2027-01-01,1,1,,25000730011688,2025-09-24,25-26/0000170,10312,JANATHA PHARMA,MANGLORE,KA-MN1-245544,29EKIPS0746F1ZT,
56765,CYCLOPEX PLUS,10,6.3,20,COT-2403,2026-09-01,10,10,,25000730011688,2025-09-24,25-26/0000170,10312,JANATHA PHARMA,MANGLORE,KA-MN1-245544,29EKIPS0746F1ZT,
57671,EPIOTIC EAR CLEANER,2,178.57,234,GC258,2026-09-01,1,1,,NP2223-3765,2025-09-30,25-26/0000171,1105,NEW PHARMA,MAIN ROAD IRITTY,0,0,0
57672,POMISOL EAR DROPS,1,57.14,75,ILP25008,2027-04-01,1,1,,NP2223-3765,2025-09-30,25-26/0000171,1105,NEW PHARMA,MAIN ROAD IRITTY,0,0,0
46272,AVOXY BOLUS,11,29.76,37.5,GT25146A,2027-05-01,4,4,,NP2223-3765,2025-09-30,25-26/0000171,1105,NEW PHARMA,MAIN ROAD IRITTY,0,0,0
57070,SOFTAS MAX SOAP,2,61.02,90,SG01-043,2027-03-01,1,1,,NP2223-3765,2025-09-30,25-26/0000171,1105,NEW PHARMA,MAIN ROAD IRITTY,0,0,0
57519,MELONEX Z PLUS BOLUS,2,103.57,136,TB138,2026-11-01,6,6,,NP2223-3765,2025-09-30,25-26/0000171,1105,NEW PHARMA,MAIN ROAD IRITTY,0,0,0
57419,PENDISTRIN SH,5,30.38,38,PS25110,2027-06-01,1,1,,NP2223-3765,2025-09-30,25-26/0000171,1105,NEW PHARMA,MAIN ROAD IRITTY,0,0,0
44860,TONOBOOST LIQUID 1L,1,1032,1290,2558,2027-04-01,1,1,,NP2223-3765,2025-09-30,25-26/0000171,1105,NEW PHARMA,MAIN ROAD IRITTY,0,0,0
57177,MAMYPOKO S 4,3,29.76,40,OUIO,2028-06-01,1,1,,A2486,2025-09-29,25-26/0000172,10320,FORTUNE TRADE LINK,,,,
57174,MAMYPOKO S 10,1,73.81,93,IYUY,2026-06-01,1,1,,A2486,2025-09-29,25-26/0000172,10320,FORTUNE TRADE LINK,,,,
57673,MAMYPOKO S 38,1,296.84,374,GJH,2026-06-01,1,1,,A2486,2025-09-29,25-26/0000172,10320,FORTUNE TRADE LINK,,,,
57491,MAMYPOKO XL 4,3,55.8,70,UYT,2026-06-01,1,1,,A2486,2025-09-29,25-26/0000172,10320,FORTUNE TRADE LINK,,,,
57493,MAMYPOKO XL 6,3,81.85,103,GHF,2026-06-01,1,1,,A2486,2025-09-29,25-26/0000172,10320,FORTUNE TRADE LINK,,,,
57674,MAMYPOKO XL 11,3,156.36,197,HJ,2026-06-01,1,1,,A2486,2025-09-29,25-26/0000172,10320,FORTUNE TRADE LINK,,,,
57676,MICOGEL F,2,35.15,55,0253M002,2027-01-01,1,1,,122,2025-09-27,25-26/0000166,10311,MALABAR PHARMA,"CASA MARINA COMPLEX,THALAP,KANNUR",WLF20B2024KL001695,32BQKPN5471R1Z3,9037573266
57659,FLUMET 400,5,13,26,694404,2027-08-01,1,1,,122,2025-09-27,25-26/0000166,10311,MALABAR PHARMA,"CASA MARINA COMPLEX,THALAP,KANNUR",WLF20B2024KL001695,32BQKPN5471R1Z3,9037573266
45794,POTTASSIUM PERMANGANATE,4,19.57,40,058,2028-01-01,1,1,,122,2025-09-27,25-26/0000166,10311,MALABAR PHARMA,"CASA MARINA COMPLEX,THALAP,KANNUR",WLF20B2024KL001695,32BQKPN5471R1Z3,9037573266
57677,VICKS BABY RUB 50ML,1,170,210,5197C56708,2027-06-01,1,1,,COX1-680184,2025-10-01,25-26/0000173,10325,AMAZON,,,,
57678,VEET PURE 100GM,2,174,285,BSTT774,2027-07-01,1,1,,COX1-680184,2025-10-01,25-26/0000173,10325,AMAZON,,,,
56794,CERELAC STAGE 5(18+)GRAIN FRUIT,1,296.2,299,52200453A8G,2026-08-01,1,1,,NAS10655,2025-10-03,25-26/0000176,10313,MINI AGENCIES,,,,
57490,POLO MINT,5,4.18,5,52241519FAG,2026-06-01,1,1,,NAS10655,2025-10-03,25-26/0000176,10313,MINI AGENCIES,,,,
57681,AZTOLET 10,55,145.71,195,FHC0511,2028-04-01,10,10,,IL-25-28772,2025-10-02,25-26/0000177,1060,INTER LINK,KANNUR,0,32AABFI5741B1ZO,0
57683,MOX SYP 125MG,1,48.96,65,DFG1292A,2026-08-01,1,1,,LP-25-32414,2025-10-02,25-26/0000178,1203,LINK PHARMA,KANNUR,,32AABFT3905A1ZK,
57421,DAPAFORD 10 VDM,63,98,130,2553GTA781,2027-06-01,15,15,,704,2025-10-03,25-26/0000179,10283,MADHAVI ENTERPRISES,,,,9496360332
57119,EMPAFORD 25,10,47,70,ALA01BJA,2027-02-01,10,10,,704,2025-10-03,25-26/0000179,10283,MADHAVI ENTERPRISES,,,,9496360332
57685,FLOXIP 500MG,48,24,45,AMK0424,2027-08-01,10,10,,704,2025-10-03,25-26/0000179,10283,MADHAVI ENTERPRISES,,,,9496360332
57687,ACIFRESH O GEL ,3,64,110,EL25357,2027-07-01,1,1,,AP1397,2025-09-03,25-26/0000180,10326,AROGYA PHARMACEUTICALS,,,,
57689,CLOVEFIX CLOVE OIL,1,30,60,A061,2028-04-01,1,1,,AP1397,2025-09-03,25-26/0000180,10326,AROGYA PHARMACEUTICALS,,,,
57692,GINFLOW SOFTGEL CAP,20,25,50,BLG-25009,2027-01-01,10,10,,AP1397,2025-09-03,25-26/0000180,10326,AROGYA PHARMACEUTICALS,,,,
57693,IBUJOY P TAB,67,36,60,GD024006,2027-09-01,20,20,,AP1397,2025-09-03,25-26/0000180,10326,AROGYA PHARMACEUTICALS,,,,
57697,PANGNOR TAB,10,11,20,T062526,2027-05-01,10,10,,AP1397,2025-09-03,25-26/0000180,10326,AROGYA PHARMACEUTICALS,,,,
57701,BAND AID SPOT,151,170,400,24FSB170,2027-10-01,200,200,,AP1397,2025-09-03,25-26/0000180,10326,AROGYA PHARMACEUTICALS,,,,
57702,BUDS PKT(SMART),1,20,40,SLPL-P003,2030-03-01,1,1,,AP1397,2025-09-03,25-26/0000180,10326,AROGYA PHARMACEUTICALS,,,,
56872,SANITIZER 50ML SMART,1,36,50,SAHS506,2028-06-01,1,1,,AP1397,2025-09-03,25-26/0000180,10326,AROGYA PHARMACEUTICALS,,,,
57707,THYPURE 12.5,1,35,60,BER01AHA,2027-03-01,1,1,,A001642,2025-10-03,25-26/0000182,10296,alka associates,,,,
57709,ISORID ER 30,200,11.75,25,NB/250631,2027-11-01,10,10,,A001642,2025-10-03,25-26/0000182,10296,alka associates,,,,
57575,SETRO 50,15,15.5,30,NB/241112,2027-04-01,10,10,,A001642,2025-10-03,25-26/0000182,10296,alka associates,,,,
57215,QT-PINE SR 200,60,32.5,52,ADT25167,2026-12-01,10,10,,A001642,2025-10-03,25-26/0000182,10296,alka associates,,,,
57304,KNEE CAP XL LEEFORD,3,205,280,FL01-XL/1734,2030-07-01,1,1,,712,2025-10-05,25-26/0000185,10283,MADHAVI ENTERPRISES,,,,9496360332
57715,MAMYPOKO NB 64,1,375,499,B01U,2028-04-01,1,1,,COX1-680184,2025-10-01,25-26/0000173,10325,AMAZON,,,,
57722,COSART H,56,28,48,5N40053,2026-12-01,10,10,,712,2025-10-05,25-26/0000185,10283,MADHAVI ENTERPRISES,,,,9496360332
57723,OMNETA CAP,2,13,25,ACBAA24001,2026-04-01,10,10,,712,2025-10-05,25-26/0000185,10283,MADHAVI ENTERPRISES,,,,9496360332
44445,TRIODERM PLUS,6,18,40,4971,2027-02-01,1,1,,712,2025-10-05,25-26/0000185,10283,MADHAVI ENTERPRISES,,,,9496360332
57724,RING GUARD CREAM ,1,99.95,120,A0656,2028-02-01,1,1,,2500173003262,2025-10-01,25-26/0000186,10268,FATHIMA MATHA MEDICALS,,,,
45554,LIV 52 ,3,168.85,200,111250612,2028-04-01,1,1,,2500173003262,2025-10-01,25-26/0000186,10268,FATHIMA MATHA MEDICALS,,,,
45447,COTTON 25G,13,12.8,22,38701,2028-01-01,1,1,,A50,2025-10-03,25-26/0000187,10324,EASTERN PHARMA,,,,
57730,BEUTHEAL CRACK CREAM,3,35,55,02,2028-01-01,1,1,,A50,2025-10-03,25-26/0000187,10324,EASTERN PHARMA,,,,
57731,MEFESUN FORTE TAB,88,13.5,30,SBT2074,2026-04-01,10,10,,A50,2025-10-03,25-26/0000187,10324,EASTERN PHARMA,,,,
56924,SALBUVAC RESPULES,22,5.1,6.4,ERS152004,2027-04-01,1,1,,A49,2025-09-27,25-26/0000188,10324,EASTERN PHARMA,,,,
54507,LACTOGEN 4,1,428.13,450,52530453J1G,2026-06-01,1,1,,NAS10776,2025-10-06,25-26/0000189,10313,MINI AGENCIES,,,,
57735,GILLETTE MACH 3 RAZOR,2,352,415,5224D299M0,2030-04-01,1,1,,COX1-680184,2025-10-01,25-26/0000173,10325,AMAZON,,,,
57736,CHARCOAL BLACK PEEL OFF URBAN GABRU,2,179,250,CPM-2406020,2027-06-01,1,1,,COX1-680184,2025-10-01,25-26/0000173,10325,AMAZON,,,,
57475,DOIL LINIMENT ,1,92.5,125,AJP15AAA,2026-11-01,1,1,,7785,2025-10-07,25-26/0000190,1057,HIND PHARMA,KANNUR,0,32AAGFH2002R1ZJ,0
45704,LEVOLIN SYP,1,23.02,30,5A60478,2027-04-01,1,1,,7785,2025-10-07,25-26/0000190,1057,HIND PHARMA,KANNUR,0,32AAGFH2002R1ZJ,0
57738,GABAPIX NT ,69,33.5,60,PGT250119A,2026-12-01,10,10,,A001690,2025-10-07,25-26/0000191,10296,alka associates,,,,
57256,LNGIPTIN M 2.5/500,100,16,70,BD250571D,2027-02-01,10,10,,A001690,2025-10-07,25-26/0000191,10296,alka associates,,,,
57739,ESRAM 5,43,11.8,25,NB/250652,2027-11-01,10,10,,A001690,2025-10-07,25-26/0000191,10296,alka associates,,,,
57458,HYDROXENA 500,100,32,70,CHYA231279,2026-11-01,10,10,,A001690,2025-10-07,25-26/0000191,10296,alka associates,,,,
57368,AMLODAM 10,25,5.5,20,T2409177,2026-08-01,10,10,,A001700,2025-10-08,25-26/0000192,10296,alka associates,,,,
57203,FORACORT  400 SYNCHROBREATHE INH,2,396.66,510,5BA1904,2027-06-01,1,1,,250017300619,2025-10-08,25-26/0000193,10322,MED WORLD PHARMA,,,,
57743,AMBRODIL  SYP,5,64.29,85,MPG252804,2027-12-01,1,1,,250017300619,2025-10-08,25-26/0000193,10322,MED WORLD PHARMA,,,,
43980,NEFROSAVE FORTE,140,302.14,395,M25130017,2027-04-01,15,15,,250017300619,2025-10-08,25-26/0000193,10322,MED WORLD PHARMA,,,,
57744,APXENTA 30,60,232.86,300,CT02035,2027-02-01,10,10,,250017300619,2025-10-08,25-26/0000193,10322,MED WORLD PHARMA,,,,
57747,PRUFREE 25,60,21.92,30,MTT8692,2027-01-01,10,10,,250017300619,2025-10-08,25-26/0000193,10322,MED WORLD PHARMA,,,,
45234,SIMBIOTIC- B LOTION,6,33,60,DLSP5002,2027-03-01,1,1,,734,2025-10-09,25-26/0000194,10283,MADHAVI ENTERPRISES,,,,9496360332
56820,NEELABRINGADI 200ML,1,210,270,4740,2028-06-01,1,1,,B2C-106/25-26,2025-10-09,25-26/0000195,1052,GENERAL TRADE LINKS,KANNUR,0,32AAEFG2263D1ZI,0
45837,BUDS JAR,2,41,60,KIWI 09,2027-09-01,1,1,,B2C-106/25-26,2025-10-09,25-26/0000195,1052,GENERAL TRADE LINKS,KANNUR,0,32AAEFG2263D1ZI,0
57507,TRETIN 0.025%,1,146.43,190,HC032,2027-05-01,1,1,,MCRB-25-26-14800,2025-10-09,25-26/0000196,10310,MCRB PHARMA,,,,
57755,DOLOPAR TAB,58,45,60,DOCS0194,2028-09-01,15,15,,MCRB-25-26-14800,2025-10-09,25-26/0000196,10310,MCRB PHARMA,,,,
57756,MAXMALA 75,20,179.29,235,GKG0161A,2027-06-01,10,10,,MCRB-25-26-14800,2025-10-09,25-26/0000196,10310,MCRB PHARMA,,,,
57110,DEXOLAC 3 400GM,2,402.6,525,2507277901,2026-10-01,1,1,,25-26/21886,2025-10-09,25-26/0000197,1126,RAM AGENCIES,KANNUR,0,32AACFR7971D1ZA,0
55590,MEGAHEAL GEL,1,96.43,130,VAB2571,2027-03-01,1,1,,MCRB-25-26-14780,2025-10-08,25-26/0000198,10310,MCRB PHARMA,,,,
57641,IPRAVENT RESPULES,8,25.55,32,5SA0780,2027-03-01,5,5,,MCRB-25-26-14780,2025-10-08,25-26/0000198,10310,MCRB PHARMA,,,,
57759,BUDESAL RESPULES ,30,37.96,48,4SA1794,2026-07-01,1,1,,MCRB-25-26-14780,2025-10-08,25-26/0000198,10310,MCRB PHARMA,,,,
44183,NITROSUN 10,30,55.72,75,DFG0698A,2028-01-01,10,10,,MCRB-25-26-14780,2025-10-08,25-26/0000198,10310,MCRB PHARMA,,,,
56776,SAIBOL 15GM,2,41,48,B-25044,2027-06-01,1,1,,2500173003383,2025-10-10,25-26/0000199,10268,FATHIMA MATHA MEDICALS,,,,
56636,OMNICLAV 375 TAB,43,60,100,5KM0017,2026-12-01,6,6,,2500173003383,2025-10-10,25-26/0000199,10268,FATHIMA MATHA MEDICALS,,,,
57761,NAYANTOB F E/D,1,63.57,83,LW258,2027-02-01,1,1,,2500173003383,2025-10-10,25-26/0000199,10268,FATHIMA MATHA MEDICALS,,,,
56843,HIM DIAPER RASH CREAM,2,65,85,992500599,2028-04-01,1,1,,2500173003383,2025-10-10,25-26/0000199,10268,FATHIMA MATHA MEDICALS,,,,
46009,CIPLADIN OINT 20G,1,30,55,CH040258,2026-11-01,1,1,,2500173003383,2025-10-10,25-26/0000199,10268,FATHIMA MATHA MEDICALS,,,,
57764,PACIFIER BABYHUG,3,100,190,F-3576073,2030-10-01,1,1,,COX1-680184,2025-10-01,25-26/0000173,10325,AMAZON,,,,
57765,NIBBLER BABYHUG,2,134,220,F-3061468,2030-10-01,1,1,,COX1-680184,2025-10-01,25-26/0000173,10325,AMAZON,,,,
57766,MEDIMIX  SANDAL,3,46.75,60,40825,2028-08-01,1,1,,ASP03579,2025-10-10,25-26/0000200,10313,MINI AGENCIES,,,,
57414,MEDIMIX  GLYCERIN BLUE,3,38.95,50,3401110,2028-06-01,1,1,,ASP03579,2025-10-10,25-26/0000200,10313,MINI AGENCIES,,,,
57413,MEDIMIX  GLYCERIN GREEN,2,35.5,45,3401110,2028-05-01,1,1,,ASP03579,2025-10-10,25-26/0000200,10313,MINI AGENCIES,,,,
57767,TICTAC SEED,1,15.31,20,17049090,2028-05-01,1,1,,ASP03579,2025-10-10,25-26/0000200,10313,MINI AGENCIES,,,,
57766,MEDIMIX  SANDAL,5,46.75,60,34011110,2028-08-01,1,1,,ASP03579,2025-10-10,25-26/0000200,10313,MINI AGENCIES,,,,
54507,LACTOGEN 4,2,428.13,450,52530453J1G,2026-06-01,1,1,,NAS11061,2025-10-10,25-26/0000201,10313,MINI AGENCIES,,,,
57113,CERELAC STAGE 4(12+)MIXED FRUIT,1,288.34,295,52040451DA,2026-09-01,1,1,,NAS11061,2025-10-10,25-26/0000201,10313,MINI AGENCIES,,,,
57369,CLOPIVIA  A 75,100,16,35,T251521,2027-07-01,10,10,,A001727,2025-10-10,25-26/0000203,10296,alka associates,,,,
57706,ENAPAL 2.5,20,10.5,20,TSF-C1193,2026-03-01,10,10,,A001727,2025-10-10,25-26/0000203,10296,alka associates,,,,
57258,BEFORTIME PLUS,6,45,80,307325003,2026-08-01,10,10,,A001727,2025-10-10,25-26/0000203,10296,alka associates,,,,
57770,METROTREX 15,77,32,95,SPOT250081A,2027-04-01,10,10,,A001727,2025-10-10,25-26/0000203,10296,alka associates,,,,
57380,VRITAM F,15,23.5,50,VR125001,2027-01-01,10,10,,A001727,2025-10-10,25-26/0000203,10296,alka associates,,,,
57772,ELBOW SUPPORT XL ALPHA,1,117,150,9021,2028-10-01,1,1,,743,2025-10-10,25-26/0000204,10283,MADHAVI ENTERPRISES,,,,9496360332
57509,ASCORIL LS JUNIOR,2,82.86,110,05250988A,2026-11-01,1,1,,250017300614,2025-10-08,25-26/0000202,10322,MED WORLD PHARMA,,,,
57774,DENTICLES MOUTH WASH,1,44,90,24J69A,2026-09-01,1,1,,250017300624,2025-10-11,25-26/0000205,10322,MED WORLD PHARMA,,,,
56999,CIBACA BRUSH,4,19.048,30,9603,2028-06-01,1,1,,7195,2025-10-11,25-26/0000206,10315,AMALA STATIONERY,ANGADIKADAVU,,,
57001,DOVE SOAP,1,52.38,65,9603,2028-06-01,1,1,,7195,2025-10-11,25-26/0000206,10315,AMALA STATIONERY,ANGADIKADAVU,,,
57002,PEARS SOAP,3,44.76,58,9603,2028-06-01,1,1,,7195,2025-10-11,25-26/0000206,10315,AMALA STATIONERY,ANGADIKADAVU,,,
57410,COLGATE 100GM,1,59.05,70,3306,2028-06-01,1,1,,7195,2025-10-11,25-26/0000206,10315,AMALA STATIONERY,ANGADIKADAVU,,,
57777,GILLETTE PRESTO,4,13.06,25,8212,2028-06-01,1,1,,7195,2025-10-11,25-26/0000206,10315,AMALA STATIONERY,ANGADIKADAVU,,,
57779,MAX SOFTCARE RAZOR,2,4.87,15,8121,2026-06-01,1,1,,7195,2025-10-11,25-26/0000206,10315,AMALA STATIONERY,ANGADIKADAVU,,,
57052,CLINIC PLUS SHAMPOO,2,44.76,76,3305,2028-06-01,1,1,,7195,2025-10-11,25-26/0000206,10315,AMALA STATIONERY,ANGADIKADAVU,,,
57079,SPEED UP 440G,1,224,280,25V017,2027-08-01,1,1,,NP2223-3950,2025-10-11,25-26/0000207,1105,NEW PHARMA,MAIN ROAD IRITTY,0,0,0
57080,SPEED UP 800G,3,320,400,25V037,2027-05-01,1,1,,NP2223-3950,2025-10-11,25-26/0000207,1105,NEW PHARMA,MAIN ROAD IRITTY,0,0,0
57090,BIG BOSS POWDER 100GM,1,117.86,165,MTP25010,2027-03-01,1,1,,NP2223-3950,2025-10-11,25-26/0000207,1105,NEW PHARMA,MAIN ROAD IRITTY,0,0,0
57781,ENROBEST BOLUS,48,92.86,130,007,2028-08-01,4,4,,NP2223-3950,2025-10-11,25-26/0000207,1105,NEW PHARMA,MAIN ROAD IRITTY,0,0,0
57782,LYSETIK 15ML,1,39.29,55,MTL25005,2027-02-01,1,1,,NP2223-3950,2025-10-11,25-26/0000207,1105,NEW PHARMA,MAIN ROAD IRITTY,0,0,0
57097,MELOBEST P BOLUS,4,35.7,48.33,5008,2027-03-01,4,4,,NP2223-3950,2025-10-11,25-26/0000207,1105,NEW PHARMA,MAIN ROAD IRITTY,0,0,0
57783,ALUSPRAY AWD,1,303.57,425,RBAL25051,2027-07-01,1,1,,NP2223-3950,2025-10-11,25-26/0000207,1105,NEW PHARMA,MAIN ROAD IRITTY,0,0,0
57784,RIDEMA INJ,4,52.14,73,SARM24008,2026-09-01,1,1,,NP2223-3950,2025-10-11,25-26/0000207,1105,NEW PHARMA,MAIN ROAD IRITTY,0,0,0
57786,TISSUE AID TAB,2,132,165,TFWA2521,2027-05-01,6,6,,NP2223-3950,2025-10-11,25-26/0000207,1105,NEW PHARMA,MAIN ROAD IRITTY,0,0,0
57787,ADULT DIAPER PANTS L SHIELD,2,140,250,HUIUIU,2028-06-01,1,1,,COX1-680184,2025-10-01,25-26/0000173,10325,AMAZON,,,,
57790,ADULT DIAPER STICK ON L SHIELD,3,140,250,UUYI,2028-06-01,1,1,,COX1-680184,2025-10-01,25-26/0000173,10325,AMAZON,,,,
57792,ADULT DIAPER STICK ON XL SHIELD,6,150,270,GUYI,2028-06-01,1,1,,COX1-680184,2025-10-01,25-26/0000173,10325,AMAZON,,,,
57794,ADULT DIAPER PANTS L KARE IN,2,230,300,UYIUO,2028-06-01,1,1,,COX1-680184,2025-10-01,25-26/0000173,10325,AMAZON,,,,
57795,ADULT DIAPER PANTS XL KARE IN,2,250,320,IUYIU,2028-06-01,1,1,,COX1-680184,2025-10-01,25-26/0000173,10325,AMAZON,,,,
57796,ADULT DIAPER PANTS XXL KARE IN,3,280,390,UYIU,2028-06-01,1,1,,COX1-680184,2025-10-01,25-26/0000173,10325,AMAZON,,,,
56634,ADULT DIAPER PANTS XL KAREMED,4,180,300,128,2028-12-01,1,1,,COX1-680184,2025-10-01,25-26/0000173,10325,AMAZON,,,,
57797,ADULT DIAPER STICK ON XL B FIT,3,220,320,HJH,2028-06-01,1,1,,COX1-680184,2025-10-01,25-26/0000173,10325,AMAZON,,,,
57801,VSL 3 TAB,40,328.57,435,JMG0710A,2027-06-01,10,10,,IL-25-30503,2025-10-13,25-26/0000209,1060,INTER LINK,KANNUR,0,32AABFI5741B1ZO,0
57805,SIMILAC ADVANCE 3,1,678.64,805,78031MN1,2026-12-01,1,1,,LP-25-34331,2025-10-13,25-26/0000211,1203,LINK PHARMA,KANNUR,,32AABFT3905A1ZK,
57807,KETOROL DT,4,126.61,175,E2501474,2028-06-01,15,15,,LP-25-34331,2025-10-13,25-26/0000211,1203,LINK PHARMA,KANNUR,,32AABFT3905A1ZK,
57809,MANKIND`S PLACIDA ,61,68.93,93,D65Y010,2026-10-01,10,10,,LP-25-34331,2025-10-13,25-26/0000211,1203,LINK PHARMA,KANNUR,,32AABFT3905A1ZK,
57546,DIPROBATE PLUS LOTION,1,150,200,PSC0098,2027-05-01,1,1,,LP-25-34331,2025-10-13,25-26/0000211,1203,LINK PHARMA,KANNUR,,32AABFT3905A1ZK,
57812,REHAID QUADRIPOD DYNA,1,880,1250,RHQP06-0325,2030-02-01,1,1,,25-16169,2025-10-13,25-26/0000212,10328,LINK SURGICALS,,,,
57813,KNEE CAP XL DYNA,1,197.5,280,DKS038-0225,2030-01-01,1,1,,25-16169,2025-10-13,25-26/0000212,10328,LINK SURGICALS,,,,
44470,KNEE CAP M,1,197.5,280,DKS016-0724,2029-07-01,1,1,,25-16169,2025-10-13,25-26/0000212,10328,LINK SURGICALS,,,,
57816,ELBOW SUPPORT XL DYNA,1,105,190,DEB008,2026-12-01,1,1,,25-16169,2025-10-13,25-26/0000212,10328,LINK SURGICALS,,,,
57467,OROVIT TAB,102,56.43,75,tzot-0451,2026-12-01,10,10,,17033,2025-10-04,25-26/0000213,1100,MODERN PHARMA,KANNUR,0,32AAEFM3567C1ZN,0
57213,DVENAFAX 50,5,24.5,50,PX8IH02,2026-05-01,10,10,,A001774,2025-10-15,25-26/0000217,10296,alka associates,,,,
57820,ROPINPRIME 1,50,24.5,45,T251269,2027-05-01,10,10,,A001774,2025-10-15,25-26/0000217,10296,alka associates,,,,
57822,LINALIGOLD 5,3,15.6,30,PX8JC02,2026-10-01,10,10,,25000730012786,2025-10-10,25-26/0000219,10312,JANATHA PHARMA,MANGLORE,KA-MN1-245544,29EKIPS0746F1ZT,
57823,STOCKING XL RGB,1,910,1250,THIGHXL0824,2030-01-01,1,1,,25000730012786,2025-10-10,25-26/0000219,10312,JANATHA PHARMA,MANGLORE,KA-MN1-245544,29EKIPS0746F1ZT,
56942,THYRORISE 50,8,37,70,HBH12Y002,2027-05-01,1,1,,25000730012786,2025-10-10,25-26/0000219,10312,JANATHA PHARMA,MANGLORE,KA-MN1-245544,29EKIPS0746F1ZT,
56946,THYRORISE 12.5,2,32.5,60,HBH41Y001,2027-02-01,1,1,,25000730012786,2025-10-10,25-26/0000219,10312,JANATHA PHARMA,MANGLORE,KA-MN1-245544,29EKIPS0746F1ZT,
57670,CARBIZOLE 20,1,120,200,NTD003A,2027-01-01,1,1,,25000730012786,2025-10-10,25-26/0000219,10312,JANATHA PHARMA,MANGLORE,KA-MN1-245544,29EKIPS0746F1ZT,
57827,STERILE WATER 10ML,37,2.1,3,WGK0212,2028-03-01,1,1,,2500173003507,2025-10-15,25-26/0000220,10268,FATHIMA MATHA MEDICALS,,,,
45973,NICIP,269,8,20,P131220,2026-09-01,10,10,,2500173003507,2025-10-15,25-26/0000220,10268,FATHIMA MATHA MEDICALS,,,,
57829,CREMAFFIN SYP,2,202.5,260,NXK0117,2027-05-01,1,1,,2500173003507,2025-10-15,25-26/0000220,10268,FATHIMA MATHA MEDICALS,,,,
45864,PANKAJA KASTHURI COUGH SYRUP,4,59.29,80,A003325,2027-04-01,1,1,,2500173003507,2025-10-15,25-26/0000220,10268,FATHIMA MATHA MEDICALS,,,,
57283,LIV 52 DS,1,197.5,250,111250386,2028-03-01,1,1,,2500173003531,2025-10-16,25-26/0000221,10268,FATHIMA MATHA MEDICALS,,,,
57830,MAGNESIUM SULPHATE PASTE 400GM,2,35,60,1003604,2028-06-01,1,1,,2500173003531,2025-10-16,25-26/0000221,10268,FATHIMA MATHA MEDICALS,,,,
57831,IODINE TINCTURE,3,14,22,IT236,2027-02-01,1,1,,2500173003531,2025-10-16,25-26/0000221,10268,FATHIMA MATHA MEDICALS,,,,
57834,EVAC ENEMA,2,67.14,88,VAC6011,2026-11-01,1,1,,2500173003531,2025-10-16,25-26/0000221,10268,FATHIMA MATHA MEDICALS,,,,
57270,SIMILAC 4,2,460.95,550,78041MN2,2026-12-01,1,1,,LP-25-34924,2025-10-16,25-26/0000222,1203,LINK PHARMA,KANNUR,,32AABFT3905A1ZK,
57482,CARMICIDE ADULT,3,85,115,25AV0051,2028-05-01,1,1,,LP-25-34924,2025-10-16,25-26/0000222,1203,LINK PHARMA,KANNUR,,32AABFT3905A1ZK,
56858,EPTOIN 100,1,171.84,220,EPB25013,2028-04-01,1,1,,LP-25-34924,2025-10-16,25-26/0000222,1203,LINK PHARMA,KANNUR,,32AABFT3905A1ZK,
46008,OTOGESIC ,4,142.5,180,1725008,2026-08-01,1,1,,LP-25-34924,2025-10-16,25-26/0000222,1203,LINK PHARMA,KANNUR,,32AABFT3905A1ZK,
57838,NEOMOL 170 SUPPOSITORY,1,33,42,BLNP487043,2028-01-01,5,5,,LP-25-34924,2025-10-16,25-26/0000222,1203,LINK PHARMA,KANNUR,,32AABFT3905A1ZK,
57840,NEOMOL 80 SUPPOSITORY,5,26.5,35,BLNP486015,2028-01-01,5,5,,LP-25-34924,2025-10-16,25-26/0000222,1203,LINK PHARMA,KANNUR,,32AABFT3905A1ZK,
57841,DULCOFLEX ADULT SUPPOSITORY,4,159.93,225,SA25010,2027-03-01,5,5,,LP-25-34924,2025-10-16,25-26/0000222,1203,LINK PHARMA,KANNUR,,32AABFT3905A1ZK,
57843,ATOGLA CREAM 100GM,1,263.73,389,AT2528,2027-04-01,1,1,,LP-25-34924,2025-10-16,25-26/0000222,1203,LINK PHARMA,KANNUR,,32AABFT3905A1ZK,
57844,ATOGLA LOTION 200ML,1,430.51,635,AL2537,2027-04-01,1,1,,LP-25-34924,2025-10-16,25-26/0000222,1203,LINK PHARMA,KANNUR,,32AABFT3905A1ZK,
57847,OMNACORTIL FORTE SYP,1,41.76,55,13250689A,2028-03-01,1,1,,IL-25-31049,2025-10-16,25-26/0000224,1060,INTER LINK,KANNUR,0,32AABFI5741B1ZO,0
57848,OMNACORTIL SUSP,3,23.92,32,13250855A,2027-10-01,1,1,,IL-25-31049,2025-10-16,25-26/0000224,1060,INTER LINK,KANNUR,0,32AABFI5741B1ZO,0
56911,CEFITAXE 100 DRY SYP,2,36,65,LPL25180,2027-06-01,1,1,,776,2025-10-17,25-26/0000225,10283,MADHAVI ENTERPRISES,,,,9496360332
57851,A NETA  Z SOFTGEL,50,25.5,50,PPASG054,2027-04-01,10,10,,776,2025-10-17,25-26/0000225,10283,MADHAVI ENTERPRISES,,,,9496360332
45365,ENSHINE TOOTH BRUSH,12,38,55,5213,2034-06-01,1,1,,776,2025-10-17,25-26/0000225,10283,MADHAVI ENTERPRISES,,,,9496360332
46155,DROOLS  C AND EGG PUPPY 400,1,76.98,109,KCEP06/25,2027-05-01,1,1,,3217,2025-10-16,25-26/0000226,10302,english pharma,,,,
57852,NUTRICH TAB ,2,174.92,258,VB611,2027-03-01,1,1,,3217,2025-10-16,25-26/0000226,10302,english pharma,,,,
57853,ENCHANTER TALC 75GM,1,83.8,106,3304,2028-06-01,1,1,,7458,2025-10-18,25-26/0000227,10315,AMALA STATIONERY,ANGADIKADAVU,,,
57855,CETAPHIL BABY GENTLE WASH AND SHAMPOO 230ML,2,496,787,2507308,2027-09-01,1,1,,COX1-680184,2025-10-01,25-26/0000173,10325,AMAZON,,,,
56794,CERELAC STAGE 5(18+)GRAIN FRUIT,1,296.2,299,52200453A8G,2026-08-01,1,1,,NAS11357,2025-10-16,25-26/0000228,10313,MINI AGENCIES,,,,
57857,CERELAC STAGE 5(18+) GRAIN VEG,1,296.2,299,52210453a7g,2026-08-01,1,1,,NAS11357,2025-10-16,25-26/0000228,10313,MINI AGENCIES,,,,
57858,DAPACURE M 10/1000,100,40,110,25S3GTA187,2026-06-01,10,10,,A001802,2025-10-18,25-26/0000230,10296,alka associates,,,,
56719,GLIDAPAFLOZIN M 5/500,60,35,90,24S2GTB129,2026-04-01,15,15,,A001802,2025-10-18,25-26/0000230,10296,alka associates,,,,
57859,GLIEMPAFLOZIN SITA 10/100,30,51.75,110,EMV250564C,2027-02-01,10,10,,A001802,2025-10-18,25-26/0000230,10296,alka associates,,,,
57860,MOXIDIP 0.2,10,11.5,30,MXT240601,2026-05-01,10,10,,A001802,2025-10-18,25-26/0000230,10296,alka associates,,,,
57067,EAZYPET TAB,39,126.5,380,TB104,2028-04-01,10,10,,NP2223-4158,2025-10-18,25-26/0000231,1105,NEW PHARMA,MAIN ROAD IRITTY,0,0,0
45933,MELONEX PLUS BOLUS,36,42.86,56.25,5009,2027-02-01,6,6,,NP2223-4158,2025-10-18,25-26/0000231,1105,NEW PHARMA,MAIN ROAD IRITTY,0,0,0
57519,MELONEX Z PLUS BOLUS,36,103.57,136,135,2027-06-01,6,6,,NP2223-4158,2025-10-18,25-26/0000231,1105,NEW PHARMA,MAIN ROAD IRITTY,0,0,0
57098,OSSOMIN SUSPENSION 1 LTR,1,256,320,COV25115,2027-07-01,1,1,,NP2223-4158,2025-10-18,25-26/0000231,1105,NEW PHARMA,MAIN ROAD IRITTY,0,0,0
57866,CETAPHIL BABY CREAM 80GM,4,507.8,749,2517809,2027-06-01,1,1,,250017300666,2025-10-20,25-26/0000232,10322,MED WORLD PHARMA,,,,
57800,MESACOL OD 1.2,82,412.86,540,GKG1105A,2027-06-01,15,15,,250017300666,2025-10-20,25-26/0000232,10322,MED WORLD PHARMA,,,,
57837,BANDY PLUS SYP,3,29.29,42,BOAGY023,2027-04-01,1,1,,250017300666,2025-10-20,25-26/0000232,10322,MED WORLD PHARMA,,,,
57845,FOURTS B TAB,57,79.32,105,NF011,2026-11-01,15,15,,250017300666,2025-10-20,25-26/0000232,10322,MED WORLD PHARMA,,,,
46008,OTOGESIC ,5,142.5,180,1725008,2026-08-01,1,1,,250017300666,2025-10-20,25-26/0000232,10322,MED WORLD PHARMA,,,,
57869,DYSTAMIDE 100,11,67,105,21484001,2026-09-01,10,10,,777,2025-10-21,25-26/0000233,10283,MADHAVI ENTERPRISES,,,,9496360332
45759,PURADINE GARGLE,1,0,50,DSU4006,2025-12-31,1,1,,777,2025-10-21,25-26/0000233,10283,MADHAVI ENTERPRISES,,,,9496360332
57870,ALKAZIP SYP,4,32,60,AELH25008,2027-05-01,1,1,,777,2025-10-21,25-26/0000233,10283,MADHAVI ENTERPRISES,,,,9496360332
57871,SITALIPTIN 100 M SR FORTE,45,117,155,PBQDX08,2026-08-01,15,15,,777,2025-10-21,25-26/0000233,10283,MADHAVI ENTERPRISES,,,,9496360332
57872,ELBOW SUPPORT XL LEEFORD,1,180,250,LTE5009,2029-08-01,1,1,,777,2025-10-21,25-26/0000233,10283,MADHAVI ENTERPRISES,,,,9496360332
57874,ROSEMARY LEAVES,2,148,169,NVBM28JRL,2026-07-01,1,1,,COX1-680184,2025-10-01,25-26/0000173,10325,AMAZON,,,,
57737,RIFAXIZONE 400,2,117,180,T250338,2027-01-01,10,10,,A001813,2025-10-21,25-26/0000234,10296,alka associates,,,,
57256,LNGIPTIN M 2.5/500,100,16,70,BD250571D,2027-02-01,10,10,,A001813,2025-10-21,25-26/0000234,10296,alka associates,,,,
57260,DROTHEPINE 25,90,24,55,LGP05/189/01,2027-03-01,15,15,,A001813,2025-10-21,25-26/0000234,10296,alka associates,,,,
57875,VRIZIDE M 60,100,20,40,CBT25-0996,2027-06-01,10,10,,A001813,2025-10-21,25-26/0000234,10296,alka associates,,,,
57876,WOMENS HORLICKS,1,310,355,0723BA5B,2026-07-01,1,1,,COX1-680184,2025-10-01,25-26/0000173,10325,AMAZON,,,,
57879,JUNIOR HORLICKS VANILA BOX 500G,2,280,314,0807DB1T,2026-08-01,1,1,,COX1-680184,2025-10-01,25-26/0000173,10325,AMAZON,,,,
57880,MOTHERS PLUS HORLICKS,1,580,620,0816BC,2026-08-01,1,1,,COX1-680184,2025-10-01,25-26/0000173,10325,AMAZON,,,,
48405,DETTOL  SOAP,1,50,70,BSTD032,2027-01-01,1,1,,COX1-680184,2025-10-01,25-26/0000173,10325,AMAZON,,,,
56705,COTTON 200GM,4,100,150,918,2027-05-01,1,1,,2500173003626,2025-10-22,25-26/0000235,10268,FATHIMA MATHA MEDICALS,,,,
57636,SYRINGE 20ML,5,12,25,524202DJG1,2030-05-01,1,1,,2500173003626,2025-10-22,25-26/0000235,10268,FATHIMA MATHA MEDICALS,,,,
45139,CREPE BANDAGE 15CM,1,120,200,SV-13,2028-02-01,1,1,,2500173003626,2025-10-22,25-26/0000235,10268,FATHIMA MATHA MEDICALS,,,,
44434,B TEX,10,23,30,BO03Y25,2028-06-01,1,1,,2500173003626,2025-10-22,25-26/0000235,10268,FATHIMA MATHA MEDICALS,,,,
56844,HIM BABY CREAM 50ML,1,71.5,94,B5925000884,2028-06-01,1,1,,2500173003626,2025-10-22,25-26/0000235,10268,FATHIMA MATHA MEDICALS,,,,
57724,RING GUARD CREAM ,2,70,90,A0635,2028-02-01,1,1,,2500173003626,2025-10-22,25-26/0000235,10268,FATHIMA MATHA MEDICALS,,,,
57648,DOLOGEL ,2,85.54,118,DLG25003,2027-03-01,1,1,,LP-25-36220,2025-10-23,25-26/0000237,1203,LINK PHARMA,KANNUR,,32AABFT3905A1ZK,
58889,EXAM GLOVES SURAKSHA L,98,250,500,SUP020161,2030-08-01,100,100,,25-17015,2025-10-23,25-26/0000239,1080,LINK SURGICALS,KANNUR,0,32AACFL1761F1ZS,0
58888,EXAM GLOVES SURAKSHA M,9,250,500,SUP020158,2030-06-01,100,100,,25-17015,2025-10-23,25-26/0000239,1080,LINK SURGICALS,KANNUR,0,32AACFL1761F1ZS,0
58891,BUDECORT 200 INH,1,324.8,426,5SN0012,2027-11-01,1,1,,IL-25-32244,2025-10-23,25-26/0000240,1060,INTER LINK,KANNUR,0,32AABFI5741B1ZO,0
58892,ODIHALE 50 INH,1,548.57,670,I501601,2027-03-01,1,1,,IL-25-32244,2025-10-23,25-26/0000240,1060,INTER LINK,KANNUR,0,32AABFI5741B1ZO,0
43874,SYNDOPA 110,128,21.48,28,GKG1162A,2029-06-01,15,15,,IL-25-32356,2025-10-23,25-26/0000241,1060,INTER LINK,KANNUR,0,32AABFI5741B1ZO,0
45837,BUDS JAR,1,41,60,KIWI 09,2027-09-01,1,1,,B2C-1155/25-26,2025-10-23,25-26/0000243,1052,GENERAL TRADE LINKS,KANNUR,0,32AAEFG2263D1ZI,0
46004,HITEK BOLUS,20,45.71,60,VB1119,2027-06-01,1,1,,3363,2025-10-24,25-26/0000244,10302,english pharma,,,,
57313,SENSODYNE FRESHGEL 40G,2,70.391,85,33061020,2026-06-01,1,1,,A9917-25/26,2025-10-25,25-26/0000245,10321,BHARATHI SALES CORPERATION,12/171-A4,11318013000469,32BVCPC2400G1ZK,9895961146
57318,PARODONTAX ULTRA 75G,3,91.925,111,33061020,2026-06-01,1,1,,A9917-25/26,2025-10-25,25-26/0000245,10321,BHARATHI SALES CORPERATION,12/171-A4,11318013000469,32BVCPC2400G1ZK,9895961146
57321,SENSODYNE DEEP CLEAN 40G,5,73.714,89,33061020,2026-06-01,1,1,,A9917-25/26,2025-10-25,25-26/0000245,10321,BHARATHI SALES CORPERATION,12/171-A4,11318013000469,32BVCPC2400G1ZK,9895961146
57322,SENSODYNE DEEP CLEAN 70G,1,110.971,134,33061020,2026-06-01,1,1,,A9917-25/26,2025-10-25,25-26/0000245,10321,BHARATHI SALES CORPERATION,12/171-A4,11318013000469,32BVCPC2400G1ZK,9895961146
57315,SENSODYNE REPAIR PROTECT 70G,2,165.629,200,33061020,2026-06-01,1,1,,A9917-25/26,2025-10-25,25-26/0000245,10321,BHARATHI SALES CORPERATION,12/171-A4,11318013000469,32BVCPC2400G1ZK,9895961146
57004,GINGER CANDY,1,109.52,150,1704,2028-06-01,75,75,,7705,2025-10-25,25-26/0000246,10315,AMALA STATIONERY,ANGADIKADAVU,,,
58899,MAMYPOKO M 64,1,594.46,699,1322,2028-06-01,1,1,,A2921-25/26,2025-10-25,25-26/0000247,10320,FORTUNE TRADE LINK,,,,
58902,MAMYPOKO M 40,3,519.86,625,1322,2028-06-01,1,1,,A2921-25/26,2025-10-25,25-26/0000247,10320,FORTUNE TRADE LINK,,,,
58908,MAMYPOKO M 22,2,259.54,327,1322,2028-06-01,1,1,,A2921-25/26,2025-10-25,25-26/0000247,10320,FORTUNE TRADE LINK,,,,
57171,MAMYPOKO M 16,2,156.25,197,1322,2028-06-01,1,1,,A2921-25/26,2025-10-25,25-26/0000247,10320,FORTUNE TRADE LINK,,,,
58911,EVA LIP BALM,1,21.19,30,1322,2028-06-01,1,1,,A2921-25/26,2025-10-25,25-26/0000247,10320,FORTUNE TRADE LINK,,,,
55549,ZINCODERM GM,3,49,65,ZGN2502,2026-12-31,1,1,,MCRB-25-26-16070,2025-10-25,25-26/0000249,10310,MCRB PHARMA,,,,
58919,HIFENAC P,50,81.43,106.88,K2501712,2027-06-30,1,15,,MCRB-25-26-16070,2025-10-25,25-26/0000249,10310,MCRB PHARMA,,,,
58921,LOSAKIND H,40,73.07,95.91,J9AHY001,2027-03-31,10,10,,MCRB-25-26-16070,2025-10-25,25-26/0000249,10310,MCRB PHARMA,,,,
58922,EBAST 10,50,82.14,107.81,EBAS0054,2026-01-31,1,10,,MCRB-25-26-16070,2025-10-25,25-26/0000249,10310,MCRB PHARMA,,,,
58923,PREMARIN 0.625MG,56,986.8,1295.17,MM3004,2027-07-30,1,28,,MCRB-25-26-16070,2025-10-25,25-26/0000249,10310,MCRB PHARMA,,,,
58924,NEXITO 10,150,109.88,144.22,SIG0995A,2028-05-30,1,15,,MCRB-25-26-16070,2025-10-25,25-26/0000249,10310,MCRB PHARMA,,,,
58925,NEXITO 15,36,114.29,150,SIG1385A,2027-06-30,1,10,,MCRB-25-26-16070,2025-10-25,25-26/0000249,10310,MCRB PHARMA,,,,
58926,NEXITO 5,8,61.28,78,SIG0987A,2027-03-30,10,15,,MCRB-25-26-16070,2025-10-25,25-26/0000249,10310,MCRB PHARMA,,,,
58927,ENO LEMON 5GM,79,476.191,600,S250484,2027-06-30,1,60,60,A9921-25/26,2025-10-25,25-26/0000250,10321,BHARATHI SALES CORPERATION,12/171-A4,11318013000469,32BVCPC2400G1ZK,9895961146
57324,SENSODYNE FRESHGEL 150G,1,185.524,224,BSG25140,2027-06-30,1,1,,A9921-25/26,2025-10-25,25-26/0000250,10321,BHARATHI SALES CORPERATION,12/171-A4,11318013000469,32BVCPC2400G1ZK,9895961146
57325,SENSODYNE FRESHMINT 150G,2,185.524,224,BGM250461,2027-06-30,1,1,,A9921-25/26,2025-10-25,25-26/0000250,10321,BHARATHI SALES CORPERATION,12/171-A4,11318013000469,32BVCPC2400G1ZK,9895961146
57322,SENSODYNE DEEP CLEAN 70G,3,110.971,134,BCD250079,2028-06-30,1,1,,A9921-25/26,2025-10-25,25-26/0000250,10321,BHARATHI SALES CORPERATION,12/171-A4,11318013000469,32BVCPC2400G1ZK,9895961146
57515,WRIST BRACE LEEFORD,1,180,260,LWBN020,2029-08-01,1,1,,796,2025-10-25,25-26/0000251,10283,MADHAVI ENTERPRISES,,,,9496360332
57470,OTOBIOTIC PL E/D,3,97.86,125,de5h021,2027-01-01,1,1,,18238,2025-10-27,25-26/0000254,1100,MODERN PHARMA,KANNUR,0,32AAEFM3567C1ZN,0
57462,CANDID POWDER 100GM,1,124.29,170,71250060,2029-01-01,1,1,,18238,2025-10-27,25-26/0000254,1100,MODERN PHARMA,KANNUR,0,32AAEFM3567C1ZN,0
57359,PAIN OUT,5,58.23,75,2024,2026-09-01,1,1,,8670,2025-10-27,25-26/0000255,1057,HIND PHARMA,KANNUR,0,32AAGFH2002R1ZJ,0
57357,ORTHODONTIC BRUSH,5,56.5,80,3103,2027-03-01,1,1,,8670,2025-10-27,25-26/0000255,1057,HIND PHARMA,KANNUR,0,32AAGFH2002R1ZJ,0
57358,INTERDENTAL BRUSH,6,115.6,140,P M,2027-05-01,1,1,,8670,2025-10-27,25-26/0000255,1057,HIND PHARMA,KANNUR,0,32AAGFH2002R1ZJ,0
56859,B PROTIN CF 200GM,1,206.79,275,BPCH250715,2027-06-01,1,1,,BP,2025-10-28,25-26/0000256,10314,MUDRA ENTERPRISES,,,,
56861,B PROTIN DF 200GM,2,264.42,350,BPCH250501,2027-04-01,1,1,,BP,2025-10-28,25-26/0000256,10314,MUDRA ENTERPRISES,,,,
59933,B PROTIN VF 500GM,1,505.11,650,BPVAE250501,2027-04-01,1,1,,BP,2025-10-28,25-26/0000256,10314,MUDRA ENTERPRISES,,,,
59936,GABAWIN 25 TAB,28,60.72,80,MT25-453,2028-06-01,10,10,,BP,2025-10-28,25-26/0000256,10314,MUDRA ENTERPRISES,,,,
56865,GABAWIN 50 TAB,1,95,120,MT25-226,2028-03-01,10,10,,BP,2025-10-28,25-26/0000256,10314,MUDRA ENTERPRISES,,,,
59939,ALKOF PLUS  SYRUP,3,15,38,25230024,2027-01-01,1,1,,BP,2025-10-28,25-26/0000256,10314,MUDRA ENTERPRISES,,,,
56873,PEDIFLOR KIDS TOOTH PASTE,1,92.19,118,BPD25036,2028-08-01,1,1,,BP,2025-10-28,25-26/0000256,10314,MUDRA ENTERPRISES,,,,
59943,MENSTRUAL CUP M I ACTIVE,1,186,300,MMCF006,2030-05-01,1,1,,BP,2025-10-28,25-26/0000256,10314,MUDRA ENTERPRISES,,,,
59942,MENSTRUAL CUP L I ACTIVE,2,186,300,MLCF006,2030-05-01,1,1,,BP,2025-10-28,25-26/0000256,10314,MUDRA ENTERPRISES,,,,
59944,HISTAC MPS 170ML,3,34,65,MWC0055,2027-06-01,1,1,,BP,2025-10-28,25-26/0000256,10314,MUDRA ENTERPRISES,,,,
57830,MAGNESIUM SULPHATE PASTE 400GM,2,34,65,2703,2028-06-01,1,1,,BP,2025-10-28,25-26/0000256,10314,MUDRA ENTERPRISES,,,,
56888,SUGAR FREE GOLD TAB 100`S,1,66.6,75,BWSB0716,2027-06-01,1,1,,BP,2025-10-28,25-26/0000256,10314,MUDRA ENTERPRISES,,,,
56885,MAGNESIUM SULPHATE PASTE 50GM,5,18.5,40,2678,2028-05-01,1,1,,BP,2025-10-28,25-26/0000256,10314,MUDRA ENTERPRISES,,,,
45943,LNGIPTIN 5/500,60,26,60,T251503,2027-07-01,10,10,,A001891,2025-10-28,25-26/0000257,10296,alka associates,,,,
59946,LOSASTRUM 50,95,18,30,LWSIL401,2026-11-01,15,15,,A001891,2025-10-28,25-26/0000257,10296,alka associates,,,,
59947,PREGABRIAL 50,66,14,45,BGSIE501,2027-04-01,10,10,,A001891,2025-10-28,25-26/0000257,10296,alka associates,,,,
57875,VRIZIDE M 60,100,20,40,CBT25-0996,2027-06-01,10,10,,A001891,2025-10-28,25-26/0000257,10296,alka associates,,,,
59949,MEDIMIX SOAP 125GM,4,40.69,50,3401110,2028-06-01,1,1,,ASP03970,2025-10-30,25-26/0000258,10313,MINI AGENCIES,,,,
57857,CERELAC STAGE 5(18+) GRAIN VEG,1,296.2,299,52210453a7g,2026-08-01,1,1,,NAS12186,2025-10-30,25-26/0000259,10313,MINI AGENCIES,,,,
57680,CERELAC STAGE 4(12+)WHEAT HONEY,1,283.97,290,52460451DCG,2026-08-01,1,1,,NAS12186,2025-10-30,25-26/0000259,10313,MINI AGENCIES,,,,
57490,POLO MINT,70,4.18,5,52241519FAG,2026-06-01,1,1,,NAS12186,2025-10-30,25-26/0000259,10313,MINI AGENCIES,,,,
59950,POLO MINT 10/-,5,8.28,10,52221519RAG,2028-06-01,1,1,,NAS12186,2025-10-30,25-26/0000259,10313,MINI AGENCIES,,,,
57412,LACTOGEN 1 TIN,1,524.25,600,52340453T1G,2026-06-01,1,1,,NAS12186,2025-10-30,25-26/0000259,10313,MINI AGENCIES,,,,
59951,NESTUM STAGE 2 VEGETABLES,1,191.35,219,52140453A1G,2028-06-01,1,1,,NAS12186,2025-10-30,25-26/0000259,10313,MINI AGENCIES,,,,
59953,MAMYPOKO M 30,1,296.84,365,1225,2028-06-01,1,1,,A302825/26,2025-10-30,25-26/0000260,10320,FORTUNE TRADE LINK,,,,
59954,SOFY XL 18`S,2,100,120,3813751,2028-06-01,1,1,,A302825/26,2025-10-30,25-26/0000260,10320,FORTUNE TRADE LINK,,,,
59955,NAN EXLAPRO 1,2,899.96,1030,5122453T3G,2026-06-01,1,1,,NAS12187,2025-10-30,25-26/0000261,10313,MINI AGENCIES,,,,
57417,PUREPET KITTEN 180GM,3,71,99,APKC05/25,2027-08-01,1,1,,NP2223-4390,2025-10-30,25-26/0000262,1105,NEW PHARMA,MAIN ROAD IRITTY,0,0,0
59957,SELAMEC 1ML,3,420,560,L2308,2026-09-01,1,1,,NP2223-4390,2025-10-30,25-26/0000262,1105,NEW PHARMA,MAIN ROAD IRITTY,0,0,0
59958,INCRELAC BOLUS ,1,152,190,PTI25062,2028-04-01,1,1,,NP2223-4390,2025-10-30,25-26/0000262,1105,NEW PHARMA,MAIN ROAD IRITTY,0,0,0
57100,ERINA EP SHAMPOO,2,217.9,306,502500427,2028-09-01,1,1,,NP2223-4390,2025-10-30,25-26/0000262,1105,NEW PHARMA,MAIN ROAD IRITTY,0,0,0
59959,FOLEYS CATHETER 18,1,35,100,G25B120504,2030-01-01,1,1,,2500173003768,2025-10-29,25-26/0000263,10268,FATHIMA MATHA MEDICALS,,,,
57341,SYRINGE 2ML,1,2.75,5,447252SA1,2029-10-01,1,1,,2500173003768,2025-10-29,25-26/0000263,10268,FATHIMA MATHA MEDICALS,,,,
44573,BREATH EAZY 400,1,297.5,385,A049425,2027-08-01,1,1,,2500173003768,2025-10-29,25-26/0000263,10268,FATHIMA MATHA MEDICALS,,,,
59960,TREMIDON ,100,101.43,135,ARY06AEA,2027-06-01,10,10,,IL-25-33520,2025-10-30,25-26/0000265,1060,INTER LINK,KANNUR,0,32AABFI5741B1ZO,0
46117,BUDECORT 100 INH,1,228.8,310,5SN1030,2027-03-01,1,1,,IL-25-33520,2025-10-30,25-26/0000265,1060,INTER LINK,KANNUR,0,32AABFI5741B1ZO,0
57751,LEVOLIN 1.25 RESPULES,5,32.55,43,5SA0253,2027-01-01,5,5,,IL-25-33520,2025-10-30,25-26/0000265,1060,INTER LINK,KANNUR,0,32AABFI5741B1ZO,0
57640,ROZALET 20/75,50,193.57,250,FHC0599,2027-05-01,10,10,,IL-25-33520,2025-10-30,25-26/0000265,1060,INTER LINK,KANNUR,0,32AABFI5741B1ZO,0
59962,LACTIFIBER GRANULES,3,275.72,360,GKG1460A,2027-07-01,1,1,,IL-25-33520,2025-10-30,25-26/0000265,1060,INTER LINK,KANNUR,0,32AABFI5741B1ZO,0
57756,MAXMALA 75,46,179.29,235,GKG0676A,2027-09-01,10,10,,IL-25-33520,2025-10-30,25-26/0000265,1060,INTER LINK,KANNUR,0,32AABFI5741B1ZO,0
43934,FORACORT 100 RC,1,105.6,140,5SA0617,2027-02-01,1,1,,IL-25-33520,2025-10-30,25-26/0000265,1060,INTER LINK,KANNUR,0,32AABFI5741B1ZO,0
57803,SIMILAC ADVANCE 1,1,674.67,805,78035MN1,2026-12-01,1,1,,LP-25-37661,2025-10-30,25-26/0000266,1203,LINK PHARMA,KANNUR,,32AABFT3905A1ZK,
57805,SIMILAC ADVANCE 3,2,674.67,805,79010MN1,2027-01-01,1,1,,LP-25-37661,2025-10-30,25-26/0000266,1203,LINK PHARMA,KANNUR,,32AABFT3905A1ZK,
59964,CYCLOPAM SUSP 60ML,1,73.57,95,25330100,2027-12-01,1,1,,LP-25-37661,2025-10-30,25-26/0000266,1203,LINK PHARMA,KANNUR,,32AABFT3905A1ZK,
57753,CALDIKIND P SYP,3,114.29,150,P7AIY007,2026-08-01,1,1,,LP-25-37661,2025-10-30,25-26/0000266,1203,LINK PHARMA,KANNUR,,32AABFT3905A1ZK,
59966,HIM BABY SOAP REFRESHING 75GM,1,47.5,62,272500291,2028-05-01,1,1,,2500173003798,2025-10-30,25-26/0000264,10268,FATHIMA MATHA MEDICALS,,,,
57129,RABISTRUM ACF,88,28,50,LGN12/202/18,2026-05-01,10,10,,25000730013802,2025-10-25,25-26/0000267,10312,JANATHA PHARMA,MANGLORE,KA-MN1-245544,29EKIPS0746F1ZT,
59968,HYDROQUIZ 400,100,80.25,120,GPSIL402,2026-11-01,10,10,,25000730013802,2025-10-25,25-26/0000267,10312,JANATHA PHARMA,MANGLORE,KA-MN1-245544,29EKIPS0746F1ZT,
56667,STERISCOX 120,60,30.3,60,T240977,2027-04-01,10,10,,25000730013802,2025-10-25,25-26/0000267,10312,JANATHA PHARMA,MANGLORE,KA-MN1-245544,29EKIPS0746F1ZT,
56720,GLIDAPAFLOZIN M10/1000,105,54.6,110,25S3GTA566,2027-05-01,15,15,,25000730013802,2025-10-25,25-26/0000267,10312,JANATHA PHARMA,MANGLORE,KA-MN1-245544,29EKIPS0746F1ZT,
56717,ST GLIPTIN M 50/500,61,32.5,85,SRSID504,2027-03-01,15,15,,25000730013802,2025-10-25,25-26/0000267,10312,JANATHA PHARMA,MANGLORE,KA-MN1-245544,29EKIPS0746F1ZT,
56760,CGMAC 50,100,10.63,25,CC25250052,2027-05-01,10,10,,25000730013802,2025-10-25,25-26/0000267,10312,JANATHA PHARMA,MANGLORE,KA-MN1-245544,29EKIPS0746F1ZT,
57301,QT-PINE 100,70,18.5,45,PX8LT01,2026-07-01,10,10,,25000730013802,2025-10-25,25-26/0000267,10312,JANATHA PHARMA,MANGLORE,KA-MN1-245544,29EKIPS0746F1ZT,
56953,VOGLISLOW 0.3,105,7.5,20,PX8LM02,2026-06-01,10,10,,25000730013802,2025-10-25,25-26/0000267,10312,JANATHA PHARMA,MANGLORE,KA-MN1-245544,29EKIPS0746F1ZT,
56675,FABRICAL D3 60K,170,18.32,50,BC25005B,2027-03-01,4,4,,25000730013802,2025-10-25,25-26/0000267,10312,JANATHA PHARMA,MANGLORE,KA-MN1-245544,29EKIPS0746F1ZT,
56695,FABRICAL D3 TAB,40,9,30,AMN03BLA,2027-03-01,15,15,,25000730013802,2025-10-25,25-26/0000267,10312,JANATHA PHARMA,MANGLORE,KA-MN1-245544,29EKIPS0746F1ZT,
59969,COTTON 125GM,1,55,100,273,2027-09-01,1,1,,25000730013802,2025-10-25,25-26/0000267,10312,JANATHA PHARMA,MANGLORE,KA-MN1-245544,29EKIPS0746F1ZT,
59970,COTTON 150GM,2,50,120,293,2028-07-01,1,1,,25000730013802,2025-10-25,25-26/0000267,10312,JANATHA PHARMA,MANGLORE,KA-MN1-245544,29EKIPS0746F1ZT,
57399,STYLETAURINE ,1,29.25,60,293725013,2027-04-01,15,15,,25000730013802,2025-10-25,25-26/0000267,10312,JANATHA PHARMA,MANGLORE,KA-MN1-245544,29EKIPS0746F1ZT,
57231,RANIGO 150,2,18.75,35,T4559,2027-04-01,30,30,,25000730013802,2025-10-25,25-26/0000267,10312,JANATHA PHARMA,MANGLORE,KA-MN1-245544,29EKIPS0746F1ZT,
56680,CGLIM 1 MG,232,3,10,CT25230611B,2027-06-01,10,10,,25000730013802,2025-10-25,25-26/0000267,10312,JANATHA PHARMA,MANGLORE,KA-MN1-245544,29EKIPS0746F1ZT,
44771,ROLL BANDAGE 15X3,2,60,140,1025,2030-01-01,10,10,,25000730013802,2025-10-25,25-26/0000267,10312,JANATHA PHARMA,MANGLORE,KA-MN1-245544,29EKIPS0746F1ZT,
56676,CLOSAN CREAM,2,23.44,50,2315,2026-10-01,1,1,,25000730013802,2025-10-25,25-26/0000267,10312,JANATHA PHARMA,MANGLORE,KA-MN1-245544,29EKIPS0746F1ZT,
46239,OMNIGEL,3,64.15,110,5D213,2027-07-01,1,1,,ME16036,2025-10-31,25-26/0000269,10314,MUDRA ENTERPRISES,,,,
59975,SEBAMED BABY CREAM 50GM,1,190.68,262,5A167A25,2028-06-01,1,1,,494,2025-10-31,25-26/0000270,10329,BEST MARKETING,,,,
59978,SEBAMED BABY MASSAGE OIL 150ML,2,444.93,611,5C257C05,2028-07-01,1,1,,494,2025-10-31,25-26/0000270,10329,BEST MARKETING,,,,
59979,SEBAMED BABY POWDER 100GM,2,296.61,362,4M088M45,2027-08-01,1,1,,494,2025-10-31,25-26/0000270,10329,BEST MARKETING,,,,
57873,BENZAC AC GEL WASH,3,426.43,550,5DF16,2026-11-01,1,1,,SP-25-16856,2025-10-16,25-26/0000223,1146,SHREYAS PHARMACEUTICALS,KANNUR,0,32AAKFS1960R1ZN,0
59980,AJAY TOOTH BRUSH,4,13.1,22,9603,2028-06-01,1,1,,7934,2025-11-01,25-26/0000271,10315,AMALA STATIONERY,ANGADIKADAVU,,,
59981,ALUM STONE,9,12.712,20,3506,2028-06-01,1,1,,7934,2025-11-01,25-26/0000271,10315,AMALA STATIONERY,ANGADIKADAVU,,,
59982,VI JOHN SHAVING LOTION,1,80.95,130,3307,2028-06-01,1,1,,7934,2025-11-01,25-26/0000271,10315,AMALA STATIONERY,ANGADIKADAVU,,,
57410,COLGATE 100GM,2,60,70,3306,2028-06-01,1,1,,7934,2025-11-01,25-26/0000271,10315,AMALA STATIONERY,ANGADIKADAVU,,,
58897,CLOSE UP PASTE 40GM,3,17.14,20,9619,2026-06-01,1,1,,7934,2025-11-01,25-26/0000271,10315,AMALA STATIONERY,ANGADIKADAVU,,,
56846,HIM BABY SOAP EXTRA MOIST 125GM,1,61.9,95,109240518,2027-08-01,1,1,,7934,2025-11-01,25-26/0000271,10315,AMALA STATIONERY,ANGADIKADAVU,,,
44642,SCRABIC LOTION,1,32,50,DLSV5001,2027-01-01,1,1,,818,2025-11-01,25-26/0000272,10283,MADHAVI ENTERPRISES,,,,9496360332
57019,ELMOVEL F,2,58,80,DLRC5001,2027-02-01,1,1,,818,2025-11-01,25-26/0000272,10283,MADHAVI ENTERPRISES,,,,9496360332
59989,LS BELT S,1,190,400,LS-C25286,2027-03-01,1,1,,25000730014066,2025-10-29,25-26/0000273,10312,JANATHA PHARMA,MANGLORE,KA-MN1-245544,29EKIPS0746F1ZT,
56660,LS BELT M,3,202,400,LS-E5285,2028-05-01,1,1,,25000730014066,2025-10-29,25-26/0000273,10312,JANATHA PHARMA,MANGLORE,KA-MN1-245544,29EKIPS0746F1ZT,
59990,LS BELT L,2,202,400,LS-E25284,2028-05-01,1,1,,25000730014066,2025-10-29,25-26/0000273,10312,JANATHA PHARMA,MANGLORE,KA-MN1-245544,29EKIPS0746F1ZT,
57395,LS BELT XL,4,202,400,LS-G25283,2028-07-01,1,1,,25000730014066,2025-10-29,25-26/0000273,10312,JANATHA PHARMA,MANGLORE,KA-MN1-245544,29EKIPS0746F1ZT,
44470,KNEE CAP M,1,78,150,KP-F25309,2028-06-01,1,1,,25000730014066,2025-10-29,25-26/0000273,10312,JANATHA PHARMA,MANGLORE,KA-MN1-245544,29EKIPS0746F1ZT,
44485,KNEE CAP XL,2,73,150,KP-H25307,2028-08-01,1,1,,25000730014066,2025-10-29,25-26/0000273,10312,JANATHA PHARMA,MANGLORE,KA-MN1-245544,29EKIPS0746F1ZT,
59991,WRIST BRACE OPTIKA,2,65,150,TB-E25346,2028-05-01,1,1,,25000730014066,2025-10-29,25-26/0000273,10312,JANATHA PHARMA,MANGLORE,KA-MN1-245544,29EKIPS0746F1ZT,
56746,NORTIFRENCH 400,24,25,50,T-2504150/A,2027-03-01,10,10,,25000730014066,2025-10-29,25-26/0000273,10312,JANATHA PHARMA,MANGLORE,KA-MN1-245544,29EKIPS0746F1ZT,
57110,DEXOLAC 3 400GM,1,402.6,465,2507297901,2026-10-01,1,1,,25-26/24583,2025-11-01,25-26/0000274,1126,RAM AGENCIES,KANNUR,0,32AACFR7971D1ZA,0
59948,LOREAL CONDITIONER,1,200,279,B54485920N,2028-09-30,1,1,,AMZN02NOV2025,2025-11-02,25-26/0000276,10325,AMAZON,,,,
59995,COLGATE TOTAL 120GM,1,90,175,B2552,2027-07-30,1,1,,AMZN02NOV2025,2025-11-02,25-26/0000276,10325,AMAZON,,,,
59996,COLGATE VISIBLE WHITE 120GM,3,100,200,BO2T3,2028-04-30,1,1,,AMZN02NOV2025,2025-11-02,25-26/0000276,10325,AMAZON,,,,
59997,HHSALIC OINT 10GM,2,160.71,200,C253,2027-04-01,1,1,,TL-25-21819,2025-10-30,25-26/0000275,1170,TRADE LINK,KANNUR,0,32AADFT4058N1ZY,0
61001,QUTAN 300,50,239.11,310,N2501251,2028-03-01,10,10,,TL-25-22173,2025-11-03,25-26/0000277,1170,TRADE LINK,KANNUR,0,32AADFT4058N1ZY,0
61003,OTOCIN C EAR DROPS,1,60.06,78,F5IBY003,2026-08-01,1,1,,LP-25-38254,2025-11-03,25-26/0000278,1203,LINK PHARMA,KANNUR,,32AABFT3905A1ZK,
61004,LICAB XL TAB,50,54.97,72,2LR4M001,2028-06-01,10,10,,LP-25-38254,2025-11-03,25-26/0000278,1203,LINK PHARMA,KANNUR,,32AABFT3905A1ZK,
61005,BETZEE CREAM ,2,16.29,23,BZC2501,2026-12-01,1,1,,IL-25-34056,2025-11-03,25-26/0000279,1060,INTER LINK,KANNUR,0,32AABFI5741B1ZO,0
61007,GABAWIN ER 82.5,50,160,210,CJP02ACA,2027-02-01,10,10,,IL-25-34034,2025-11-03,25-26/0000280,1060,INTER LINK,KANNUR,0,32AABFI5741B1ZO,0
61008,ETIZOLA 0.25,33,58.21,76,182522562B,2029-01-01,15,15,,IL-25-34034,2025-11-03,25-26/0000280,1060,INTER LINK,KANNUR,0,32AABFI5741B1ZO,0
61009,SIZODON 2,50,36.46,48,SIG1367A,2028-05-01,10,10,,IL-25-34034,2025-11-03,25-26/0000280,1060,INTER LINK,KANNUR,0,32AABFI5741B1ZO,0
57429,LETOLIFE 2.5,100,12.5,45,T242554,2026-11-01,10,10,,A001924,2025-10-31,25-26/0000284,10296,alka associates,,,,
59999,PREGANIST NT 75/10,35,17.5,45,YT-250116B,2027-04-01,10,10,,A001924,2025-10-31,25-26/0000284,10296,alka associates,,,,
57614,CLOX 0.25 TAB,52,4.6,18,NR/250917,2028-02-01,10,10,,A001924,2025-10-31,25-26/0000284,10296,alka associates,,,,
60002,ALLOPURIC 100,90,11.8,20,FUSIJ402,2026-09-01,10,10,,A001924,2025-10-31,25-26/0000284,10296,alka associates,,,,
57298,BENIPRIME 4,100,11,30,AMN01CFA,2027-02-01,10,10,,A001924,2025-10-31,25-26/0000284,10296,alka associates,,,,
57576,BENIPRIME 8,30,16.5,40,HASIK402,2026-10-01,10,10,,A001924,2025-10-31,25-26/0000284,10296,alka associates,,,,
57619,LACOSMILE 50,20,23,58,AMN01D0A,2027-02-01,10,10,,A001924,2025-10-31,25-26/0000284,10296,alka associates,,,,
57860,MOXIDIP 0.2,200,11.5,30,MXT240601,2026-05-01,10,10,,A001924,2025-10-31,25-26/0000284,10296,alka associates,,,,
61018,THEA VITAMIN C SERUM,1,350,650,V/J/FS6009,2026-07-01,1,1,,250017300710,2025-11-04,25-26/0000287,10322,MED WORLD PHARMA,,,,
57832,BENZOIN TINCTURE 15ML,4,10.25,16,TB01,2026-06-01,1,1,,250017300710,2025-11-04,25-26/0000287,10322,MED WORLD PHARMA,,,,
61020,MEDIGRIP 2.5*1M,2,10.25,30,C3165,2027-01-01,1,1,,250017300710,2025-11-04,25-26/0000287,10322,MED WORLD PHARMA,,,,
61021,MEDIGRIP 5*5,3,62.58,120,C4074013,2027-06-01,1,1,,250017300710,2025-11-04,25-26/0000287,10322,MED WORLD PHARMA,,,,
61023,CETAPHIL GENTLE SKIN CLEANSER 125ML OILY SKIN,1,400,629,B5NB137,2028-06-01,1,1,,AMZN02NOV2025,2025-11-02,25-26/0000276,10325,AMAZON,,,,
57867,CETAPHIL MOIST LOTION 100ML,1,451,589,B5MZ100,2028-04-01,1,1,,AMZN02NOV2025,2025-11-02,25-26/0000276,10325,AMAZON,,,,
57639,CETAPHIL GENTLE SKIN CLEANSER 250ML,2,440,692,B5NA339,2028-03-01,1,1,,AMZN02NOV2025,2025-11-02,25-26/0000276,10325,AMAZON,,,,
61024,LOREAL SHAMPOO,2,170,227,B53188104C,2028-09-01,1,1,,AMZN02NOV2025,2025-11-02,25-26/0000276,10325,AMAZON,,,,
61025,HORLICKS DIABETES PLUS,2,593,750,0820BB,2026-11-01,1,1,,AMZN02NOV2025,2025-11-02,25-26/0000276,10325,AMAZON,,,,
61027,COLGATE 175GM,4,84,123,GFH,2028-06-01,1,1,,AMZN02NOV2025,2025-11-02,25-26/0000276,10325,AMAZON,,,,
61029,TEDDY DIAPER NB 66`S,2,315,499,UYDQ,2028-06-01,1,1,,AMZN02NOV2025,2025-11-02,25-26/0000276,10325,AMAZON,,,,
61031,TEDDY DIAPER S 78`S,1,469,749,JHDKQW,2028-06-01,1,1,,AMZN02NOV2025,2025-11-02,25-26/0000276,10325,AMAZON,,,,
61032,HIM PURIFYING NEEM FACE SCRUB 100GM,3,96,165,B992500320,2028-02-28,1,1,,AMZN02NOV2025,2025-11-02,25-26/0000276,10325,AMAZON,,,,
61033,HIM PURIFYING NEEM PACK 100GM,4,88,150,442500558,2028-04-30,1,1,,AMZN02NOV2025,2025-11-02,25-26/0000276,10325,AMAZON,,,,
61034,HIM DEEP CLEANSING COFFEE SCRUB 100GM,1,151,255,B442500401,2028-03-30,1,1,,AMZN02NOV2025,2025-11-02,25-26/0000276,10325,AMAZON,,,,
61038,PAMPERS NB 86`S,1,582,949,52297665B1,2028-08-30,1,1,,AMZN02NOV2025,2025-11-02,25-26/0000276,10325,AMAZON,,,,
61040,MAMYPOKO NB 32,2,179,327,A01U,2028-06-12,1,1,,AMZN02NOV2025,2025-11-02,25-26/0000276,10325,AMAZON,,,,
61041,MAMYPOKO NB 74,2,515,849,A01U,2028-01-18,1,1,,AMZN02NOV2025,2025-11-02,25-26/0000276,10325,AMAZON,,,,
61042,CAVMOX 250CAP,296,18.5,25,LPL24299,2026-10-01,10,10,,830,2025-11-04,25-26/0000288,10283,MADHAVI ENTERPRISES,,,,9496360332
44616,AMOXYCLAV DRY SYP,1,36,60,MFK0837,2026-03-01,1,1,,830,2025-11-04,25-26/0000288,10283,MADHAVI ENTERPRISES,,,,9496360332
45837,BUDS JAR,3,22,50,MFK0837,2026-03-01,1,1,,830,2025-11-04,25-26/0000288,10283,MADHAVI ENTERPRISES,,,,9496360332
61044,KETOFORD PLUS,5,26.2,50,DLRU5001,2027-02-01,1,1,,830,2025-11-04,25-26/0000288,10283,MADHAVI ENTERPRISES,,,,9496360332
57010,MUCOLCER GEL,1,21,45,DLXD5002,2027-01-01,1,1,,830,2025-11-04,25-26/0000288,10283,MADHAVI ENTERPRISES,,,,9496360332
57471,TONOFERON DROPS,4,82.14,105,TD5042,2026-09-01,1,1,,18835,2025-11-03,25-26/0000289,1100,MODERN PHARMA,KANNUR,0,32AAEFM3567C1ZN,0
61050,CETAPHIL CLEANSING BAR 100GM,1,100,195,GC25017,2027-07-30,1,1,,AMZN02NOV2025,2025-11-02,25-26/0000276,10325,AMAZON,,,,
58881,QUAKER OATS MULTIGRAIN 600GM,3,130,182,SS0B180625,2026-03-15,1,1,,AMZN02NOV2025,2025-11-02,25-26/0000276,10325,AMAZON,,,,
61052,CETAPHIL MINIS DUO TRAVEL PACK,2,192,270,ABCD,2027-07-30,1,1,,AMZN02NOV2025,2025-11-02,25-26/0000276,10325,AMAZON,,,,
46239,OMNIGEL,5,70,110,5D055,2027-01-01,1,1,,2500173003891,2025-11-05,25-26/0000291,10268,FATHIMA MATHA MEDICALS,,,,
61054,BENZOIN TINCTURE ,2,5.75,7,TB-124,2027-01-01,1,1,,2500173003891,2025-11-05,25-26/0000291,10268,FATHIMA MATHA MEDICALS,,,,
57763,LABCHLOR 250 CAP,53,35,55,LCLDC4014,2026-10-01,10,10,,2500173003891,2025-11-05,25-26/0000291,10268,FATHIMA MATHA MEDICALS,,,,
57726,BABYVITA RICE BANANA 300G,1,195.6,240,RBSB18T08,2026-08-01,1,1,,2500173003891,2025-11-05,25-26/0000291,10268,FATHIMA MATHA MEDICALS,,,,
57524,SYRINGE 50ML,2,26.5,50,447504WJN1,2029-10-01,1,1,,2500173003920,2025-11-06,25-26/0000292,10268,FATHIMA MATHA MEDICALS,,,,
61059,JUNIOR HORLICKS BOX 1KG,2,422,585,0723BB3B,2025-07-23,1,1,,AMZN02NOV2025,2025-11-02,25-26/0000276,10325,AMAZON,,,,
59974,SEBAMED BABY CLENSING BAR 100GM,4,247.18,340,5B250809,2028-09-30,1,1,,508,2025-11-06,25-26/0000293,10329,BEST MARKETING,,,,
59976,SEBAMED BABY GENTLE WASH 200ML,3,416.67,572,5A307A09,2028-07-30,1,1,,508,2025-11-06,25-26/0000293,10329,BEST MARKETING,,,,
61060,SEBAMED BABY BUBBLE BATH 200ML,2,353.11,485,5A294A15,2028-04-30,1,1,,508,2025-11-06,25-26/0000293,10329,BEST MARKETING,,,,
61062,SEBAMED ANTI DANDRUFF SHAMPOO 50ML,1,134.13,180,40005003,2027-09-30,1,1,,508,2025-11-06,25-26/0000293,10329,BEST MARKETING,,,,
61063,MEE MEE KID TOOTHBRUSH,3,37.86,55,MM 3850B,2030-03-30,1,1,,508,2025-11-06,25-26/0000293,10329,BEST MARKETING,,,,
57266,SIMILAC 1,1,460.95,550,78025MN1,2026-12-01,1,1,,LP-25-39037,2025-11-06,25-26/0000294,1203,LINK PHARMA,KANNUR,,32AABFT3905A1ZK,
61066,PHENERGAN SYP,1,43.6,57,PNT25020,2027-07-01,1,1,,LP-25-39037,2025-11-06,25-26/0000294,1203,LINK PHARMA,KANNUR,,32AABFT3905A1ZK,
57805,SIMILAC ADVANCE 3,1,674.67,805,79010MN1,2027-01-01,1,1,,LP-25-39037,2025-11-06,25-26/0000294,1203,LINK PHARMA,KANNUR,,32AABFT3905A1ZK,
61067,ANTOXID HC,90,508.93,668,AA50014,2027-05-01,30,30,,LP-25-39037,2025-11-06,25-26/0000294,1203,LINK PHARMA,KANNUR,,32AABFT3905A1ZK,
53491,AUTRIN CAPS,120,156.4,205,2518031S,2027-01-01,30,30,,LP-25-39037,2025-11-06,25-26/0000294,1203,LINK PHARMA,KANNUR,,32AABFT3905A1ZK,
57602,ECOSPIRIN AV 75/40,15,165.38,200,28017188,2027-01-01,10,10,,LP-25-39037,2025-11-06,25-26/0000294,1203,LINK PHARMA,KANNUR,,32AABFT3905A1ZK,
61072,WRIST SPLINT LEFT L,1,248.3,350,0001184852,2030-01-01,1,1,,847,2025-11-07,25-26/0000296,10330,MCRB SURGICALS,,,,
61077,LEVOLIN 0.63 RESPULES,5,5.62,7.5,5L80417,2027-04-01,1,1,,MCRB-25-26-16977,2025-11-06,25-26/0000297,10310,MCRB PHARMA,,,,
46117,BUDECORT 100 INH,2,228.8,310,5SN1030,2027-03-01,1,1,,MCRB-25-26-16977,2025-11-06,25-26/0000297,10310,MCRB PHARMA,,,,
43940,ASTHALIN RC,4,49.71,65,5SA0837,2028-03-01,1,1,,MCRB-25-26-16977,2025-11-06,25-26/0000297,10310,MCRB PHARMA,,,,
58918,TACROZ OINTMENT,3,150,196.88,11241797,2027-05-01,1,1,,MCRB-25-26-16977,2025-11-06,25-26/0000297,10310,MCRB PHARMA,,,,
57194,PAMPERS NB 18`S,1,155.24,210,9618,2028-06-01,1,1,,8282,2025-11-08,25-26/0000298,10315,AMALA STATIONERY,ANGADIKADAVU,,,
57308,PAMPERS S 8`S,3,74.28,100,9619,2026-06-01,1,1,,8282,2025-11-08,25-26/0000298,10315,AMALA STATIONERY,ANGADIKADAVU,,,
56980,PAMPERS M 6`S,3,79.05,105,9619,2028-06-01,1,1,,8282,2025-11-08,25-26/0000298,10315,AMALA STATIONERY,ANGADIKADAVU,,,
57712,PAMPERS L 10`S,4,157.14,210,9619,2028-06-01,1,1,,8282,2025-11-08,25-26/0000298,10315,AMALA STATIONERY,ANGADIKADAVU,,,
56982,PAMPERS XL 7`S,1,119.05,159,9619,2028-06-01,1,1,,8282,2025-11-08,25-26/0000298,10315,AMALA STATIONERY,ANGADIKADAVU,,,
56975,PAMPERS S 2`S ,3,16.91,23,9619,2028-06-01,1,1,,8282,2025-11-08,25-26/0000298,10315,AMALA STATIONERY,ANGADIKADAVU,,,
61084,TELMA D 40,60,123.956,163.1,TELD402025,2028-11-09,10,10,,18835,2025-11-03,25-26/0000289,1100,MODERN PHARMA,KANNUR,0,32AAEFM3567C1ZN,0
57745,APXENTA 10,40,147.15,190,SY03725,2027-03-01,10,10,,250017300718,2025-11-06,25-26/0000299,10322,MED WORLD PHARMA,,,,
57768,CATCHNIL TAB,32,210,250,CNT25014,2027-03-01,10,10,,250017300718,2025-11-06,25-26/0000299,10322,MED WORLD PHARMA,,,,
56802,TICTAC MINT,3,15.31,18,HGK,2026-06-01,1,1,,ASP04175,2025-11-10,25-26/0000300,10313,MINI AGENCIES,,,,
57236,LACTOGEN 1 200GM,1,225.34,265,52480435T1H,2026-06-01,1,1,,NAS12707,2025-11-08,25-26/0000301,10313,MINI AGENCIES,,,,
56788,CERELAC STAGE 1(6+) WHEAT APPLE,2,257.75,295,52170453A7G,2026-10-01,1,1,,NAS12707,2025-11-08,25-26/0000301,10313,MINI AGENCIES,,,,
43840,TREXODAT 7.5,100,36,58,L09-2501,2027-01-01,10,10,,856,2025-11-10,25-26/0000302,10283,MADHAVI ENTERPRISES,,,,9496360332
57660,CEFREDROX 100 SYP,2,49,80,LPL25104,2027-02-01,1,1,,856,2025-11-10,25-26/0000302,10283,MADHAVI ENTERPRISES,,,,9496360332
61088,NASOCAN PEAD N/D,9,17.8,40,DLXQ4003,2026-04-01,1,1,,856,2025-11-10,25-26/0000302,10283,MADHAVI ENTERPRISES,,,,9496360332
61089,VERTIRON TAB,301,36,70,AE0225005,2028-02-01,25,25,,856,2025-11-10,25-26/0000302,10283,MADHAVI ENTERPRISES,,,,9496360332
56818,DABUR HERBAL PASTE 100GM,1,50,65,BD0505,2027-01-01,1,1,,B2C-1270/25-26,2025-11-11,25-26/0000303,1052,GENERAL TRADE LINKS,KANNUR,0,32AAEFG2263D1ZI,0
57179,HAND WASH,3,70,99,NDAH25014,2026-09-01,1,1,,B2C-1270/25-26,2025-11-11,25-26/0000303,1052,GENERAL TRADE LINKS,KANNUR,0,32AAEFG2263D1ZI,0
56824,SISO HAIR DYE,3,19.49,30,15MS0019,2028-06-01,1,1,,B2C-1270/25-26,2025-11-11,25-26/0000303,1052,GENERAL TRADE LINKS,KANNUR,0,32AAEFG2263D1ZI,0
44572,ORTHOHERB CREAM,2,37.05,50,A000325,2027-01-01,1,1,,B2C-1270/25-26,2025-11-11,25-26/0000303,1052,GENERAL TRADE LINKS,KANNUR,0,32AAEFG2263D1ZI,0
45551,DHATHRI HAIR OIL,1,197,244,NDHH25022,2028-08-01,1,1,,B2C-1270/25-26,2025-11-11,25-26/0000303,1052,GENERAL TRADE LINKS,KANNUR,0,32AAEFG2263D1ZI,0
57737,RIFAXIZONE 400,15,117,180,T250338,2027-01-01,10,10,,A002033,2025-11-11,25-26/0000304,10296,alka associates,,,,
61093,GLUCIM M1 FORTE,45,26,55,T240921B,2026-08-01,15,15,,A002033,2025-11-11,25-26/0000304,10296,alka associates,,,,
61094,AMLOZEN 10,70,5,20,L3AB08,2026-04-01,10,10,,A002033,2025-11-11,25-26/0000304,10296,alka associates,,,,
57741,DOPFLIZN GM 1/1000,55,45,90,CMT251303,2027-06-01,10,10,,A002033,2025-11-11,25-26/0000304,10296,alka associates,,,,
57376,PIOGLOT 7.5,5,5.5,15,PGT24-2926A,2026-09-01,10,10,,A002033,2025-11-11,25-26/0000304,10296,alka associates,,,,
61095,CLOBON 5,100,14.5,30,NR/250507,2027-10-01,10,10,,A002033,2025-11-11,25-26/0000304,10296,alka associates,,,,
57296,ISPER FORTE,15,11.5,25,NB/250611,2027-11-01,10,10,,A002033,2025-11-11,25-26/0000304,10296,alka associates,,,,
61096,BVM GOLD 25,60,58,110,BIL01AQA,2027-05-01,14,14,,A002033,2025-11-11,25-26/0000304,10296,alka associates,,,,
56714,GLIDAPAFLOZIN 5,210,14,45,AMN01BIA,2027-01-01,15,15,,A002033,2025-11-11,25-26/0000304,10296,alka associates,,,,
57742,LEVECERTAIN 750,80,45,90,DHSIB501,2027-01-01,10,10,,A002033,2025-11-11,25-26/0000304,10296,alka associates,,,,
61084,TELMA D 40,360,124.29,163.13,TED25003,2026-09-01,10,10,,19573,2025-11-11,25-26/0000305,1100,MODERN PHARMA,KANNUR,0,32AAEFM3567C1ZN,0
61098,FORACORT G 400 R/C,1,435.36,570,5BA1520,2026-10-01,1,1,,9281,2025-11-11,25-26/0000306,1057,HIND PHARMA,KANNUR,0,32AAGFH2002R1ZJ,0
43934,FORACORT 100 RC,2,105.6,140,5SA0496,2027-02-01,1,1,,9281,2025-11-11,25-26/0000306,1057,HIND PHARMA,KANNUR,0,32AAGFH2002R1ZJ,0
44574,ELADI CANDY,62,142.86,200,B1603,2027-07-01,200,200,,9281,2025-11-11,25-26/0000306,1057,HIND PHARMA,KANNUR,0,32AAGFH2002R1ZJ,0
56972,METAPROLATE XR 50,93,8.2,20,T242010,2027-10-01,10,10,,25000730014907,2025-11-10,25-26/0000307,10312,JANATHA PHARMA,MANGLORE,KA-MN1-245544,29EKIPS0746F1ZT,
61099,GNAP 2.5,7,3.6,15,CT2526760B,2027-07-01,10,10,,25000730014907,2025-11-10,25-26/0000307,10312,JANATHA PHARMA,MANGLORE,KA-MN1-245544,29EKIPS0746F1ZT,
56712,NEBULIZER MASK PAED,1,49.74,120,24CP02,2029-02-01,1,1,,25000730014907,2025-11-10,25-26/0000307,10312,JANATHA PHARMA,MANGLORE,KA-MN1-245544,29EKIPS0746F1ZT,
56737,RABISTRM DSR,35,23.5,60,AMN01DJA,2027-02-01,15,15,,25000730014907,2025-11-10,25-26/0000307,10312,JANATHA PHARMA,MANGLORE,KA-MN1-245544,29EKIPS0746F1ZT,
56750,BISCODINE 5,86,8,12,258TBF25001,2027-01-01,10,10,,25000730014907,2025-11-10,25-26/0000307,10312,JANATHA PHARMA,MANGLORE,KA-MN1-245544,29EKIPS0746F1ZT,
61100,VOVIGESIC 50,64,3.9,15,AD020912,2026-12-01,10,10,,25000730014907,2025-11-10,25-26/0000307,10312,JANATHA PHARMA,MANGLORE,KA-MN1-245544,29EKIPS0746F1ZT,
61102,RESPIROMETER,1,122,345,G25F040003,2030-05-01,1,1,,25-18710,2025-11-12,25-26/0000309,10328,LINK SURGICALS,,,,
61103,URINAL POT 2 IN 1,1,50,135,219,2028-12-01,1,1,,25-18728,2025-11-12,25-26/0000310,10328,LINK SURGICALS,,,,
57810,STOCKINGS  L CHEETAH,2,418.93,680,AGL209-0825,2030-07-01,1,1,,25-18728,2025-11-12,25-26/0000310,10328,LINK SURGICALS,,,,
57811,STOCKINGS M CHEETAH,1,450,680,AGM193-0725,2030-05-01,1,1,,25-18728,2025-11-12,25-26/0000310,10328,LINK SURGICALS,,,,
56763,LEFLUNOMILE 20,30,26.44,60,258TLF24001,2026-11-01,10,10,,25000730014907,2025-11-10,25-26/0000307,10312,JANATHA PHARMA,MANGLORE,KA-MN1-245544,29EKIPS0746F1ZT,
56762,LEFLUNOMILE 10,100,18.9,40,258TLT25001,2026-12-01,10,10,,25000730014907,2025-11-10,25-26/0000307,10312,JANATHA PHARMA,MANGLORE,KA-MN1-245544,29EKIPS0746F1ZT,
56761,HYDROQUIZ 200,5,50,80,SHY250101,2027-12-01,15,15,,25000730014907,2025-11-10,25-26/0000307,10312,JANATHA PHARMA,MANGLORE,KA-MN1-245544,29EKIPS0746F1ZT,
56697,CLOTOP CREAM,8,20,35,26025,2027-07-01,1,1,,25000730014907,2025-11-10,25-26/0000307,10312,JANATHA PHARMA,MANGLORE,KA-MN1-245544,29EKIPS0746F1ZT,
61104,LURAGLAM 40,80,55,90,7420,2027-01-01,10,10,,25000730014907,2025-11-10,25-26/0000307,10312,JANATHA PHARMA,MANGLORE,KA-MN1-245544,29EKIPS0746F1ZT,
61106,KALBACT OINT,6,24,65,H885,2026-08-01,1,1,,25000730014907,2025-11-10,25-26/0000307,10312,JANATHA PHARMA,MANGLORE,KA-MN1-245544,29EKIPS0746F1ZT,
56851,DISPOVAN PEN NEEDLE,45,30,70,523c,2030-05-01,5,5,,2500173004012,2025-11-13,25-26/0000311,10268,FATHIMA MATHA MEDICALS,,,,
44060,ELANEER KUZHAMBU,3,19.04,25,B1350,2027-04-01,1,1,,2500173004012,2025-11-13,25-26/0000311,10268,FATHIMA MATHA MEDICALS,,,,
45143,BAND AID,32,1,2,MM24-111,2028-05-01,1,1,,2500173004012,2025-11-13,25-26/0000311,10268,FATHIMA MATHA MEDICALS,,,,
57535,KETOKEM CT SOAP,2,50,85,KCS23040ED,2026-02-01,1,1,,2500173004012,2025-11-13,25-26/0000311,10268,FATHIMA MATHA MEDICALS,,,,
44358,LIQUID PARAFFIN,1,35,60,RL171,2028-05-01,1,1,,2500173004012,2025-11-13,25-26/0000311,10268,FATHIMA MATHA MEDICALS,,,,
46079,LUPIDINE 100ML,3,30,45,N0450080,2027-05-01,1,1,,2500173004012,2025-11-13,25-26/0000311,10268,FATHIMA MATHA MEDICALS,,,,
61108,CONFIDO TAB,1,187,243,106250618,2028-04-01,1,1,,2500173004034,2025-11-13,25-26/0000312,10268,FATHIMA MATHA MEDICALS,,,,
61110,KOJIGLO GEL 20GM,1,328.14,484,B5DA06,2027-07-01,1,1,,SP-25-19375,2025-11-13,25-26/0000313,1146,SHREYAS PHARMACEUTICALS,KANNUR,0,32AAKFS1960R1ZN,0
43979,NEFROSAVE ,85,182.14,230,N0893,2027-07-01,15,15,,SP-25-19375,2025-11-13,25-26/0000313,1146,SHREYAS PHARMACEUTICALS,KANNUR,0,32AAKFS1960R1ZN,0
61005,BETZEE CREAM ,2,17.86,23,BZC2503,2027-06-01,1,1,,IL-25-35874,2025-11-13,25-26/0000315,1060,INTER LINK,KANNUR,0,32AABFI5741B1ZO,0
57641,IPRAVENT RESPULES,20,23.65,32,5SA0780,2027-03-01,5,5,,IL-25-35874,2025-11-13,25-26/0000315,1060,INTER LINK,KANNUR,0,32AABFI5741B1ZO,0
61115,AZIDERM 10%CREAM,2,252.86,331,Z037,2027-12-01,1,1,,TL-25-23362,2025-11-13,25-26/0000316,1170,TRADE LINK,KANNUR,0,32AADFT4058N1ZY,0
61116,AZIDERM PLUS 15GM,2,248.57,326,MAP055,2027-05-01,1,1,,TL-25-23362,2025-11-13,25-26/0000316,1170,TRADE LINK,KANNUR,0,32AADFT4058N1ZY,0
61117,KOJIVIT PLUS,1,288.14,425,MKP146,2027-06-01,1,1,,TL-25-23362,2025-11-13,25-26/0000316,1170,TRADE LINK,KANNUR,0,32AADFT4058N1ZY,0
61118,ENSURE CHOCOLATE 375GM,1,512.54,640.68,76046MN2,2026-10-01,1,1,,LP-25-40309,2025-11-13,25-26/0000317,1203,LINK PHARMA,KANNUR,,32AABFT3905A1ZK,
61120,PEDIASURE CHOCO 375GM,1,574.24,685.17,75069MN1,2026-09-01,1,1,,LP-25-40309,2025-11-13,25-26/0000317,1203,LINK PHARMA,KANNUR,,32AABFT3905A1ZK,
61121,RARICAP L SUSP,1,158.91,208,ARAL25023,2027-02-01,1,1,,LP-25-40309,2025-11-13,25-26/0000317,1203,LINK PHARMA,KANNUR,,32AABFT3905A1ZK,
61122,AVIL 25,696,9.46,13,5P2575A,2028-07-01,15,15,,LP-25-40309,2025-11-13,25-26/0000317,1203,LINK PHARMA,KANNUR,,32AABFT3905A1ZK,
56731,HYBET 16,77,7.15,20,SHT-26727,2027-06-01,10,10,,25000730015085,2025-11-11,25-26/0000318,10312,JANATHA PHARMA,MANGLORE,KA-MN1-245544,29EKIPS0746F1ZT,
57394,ATOVASTRIN 5,15,6,15,PUSIK402,2026-10-01,10,10,,25000730015085,2025-11-11,25-26/0000318,10312,JANATHA PHARMA,MANGLORE,KA-MN1-245544,29EKIPS0746F1ZT,
56965,PRAZOPRIME XL 5,65,30.5,60,PZX2501,2027-03-01,20,20,,25000730015085,2025-11-11,25-26/0000318,10312,JANATHA PHARMA,MANGLORE,KA-MN1-245544,29EKIPS0746F1ZT,
61124,OXIFYLINE PR 400,220,104.78,140,SPT251637,2027-06-01,15,15,,25000730015085,2025-11-11,25-26/0000318,10312,JANATHA PHARMA,MANGLORE,KA-MN1-245544,29EKIPS0746F1ZT,
61123,WAKEALARM 50,80,44.2,80,7794,2027-08-01,10,10,,25000730015085,2025-11-11,25-26/0000318,10312,JANATHA PHARMA,MANGLORE,KA-MN1-245544,29EKIPS0746F1ZT,
61126,PAPER PLASTER 2.5(LUPIPORE),1,28.3,40,2501276,2027-12-01,1,1,,ME17193,2025-11-14,25-26/0000319,10314,MUDRA ENTERPRISES,,,,
57490,POLO MINT,22,4.15,5,52241519FAG,2026-06-01,1,1,,8501,2025-11-15,25-26/0000320,10315,AMALA STATIONERY,ANGADIKADAVU,,,
58897,CLOSE UP PASTE 40GM,12,17.14,20,9619,2026-06-01,1,1,,8501,2025-11-15,25-26/0000320,10315,AMALA STATIONERY,ANGADIKADAVU,,,
57202,GODREJ EXPERT HAIR COLOUR,2,14.83,20,3305,2028-06-01,1,1,,8501,2025-11-15,25-26/0000320,10315,AMALA STATIONERY,ANGADIKADAVU,,,
57059,DINGO SOAP,1,43.79,62,058,2026-10-01,1,1,,3757,2025-11-14,25-26/0000322,10302,english pharma,,,,
57099,ERINA EP DUSTING POWDER,1,178.28,250,842501623,2028-06-01,1,1,,3757,2025-11-14,25-26/0000322,10302,english pharma,,,,
61130,FEED UP YEAST 500GM,1,165.8,199,BY251508,2028-03-01,1,1,,3757,2025-11-14,25-26/0000322,10302,english pharma,,,,
45925,TEWORM 15ML,5,21.95,28,TWM-2404,2026-10-01,1,1,,3757,2025-11-14,25-26/0000322,10302,english pharma,,,,
45908,LIXEN POWDER 20 GM,4,65,91,CT1452,2027-06-01,1,1,,3757,2025-11-14,25-26/0000322,10302,english pharma,,,,
57058,VELVET TOUCH SOAP,1,63.56,90,75,2027-08-01,1,1,,3757,2025-11-14,25-26/0000322,10302,english pharma,,,,
44692,NCAL,13,15,30,PCK0800,2026-09-01,15,15,,888,2025-11-17,25-26/0000323,10283,MADHAVI ENTERPRISES,,,,9496360332
44447,PANTIAC 20,3,15,30,PT20T-020,2026-09-01,10,10,,888,2025-11-17,25-26/0000323,10283,MADHAVI ENTERPRISES,,,,9496360332
46280,ENSHINE KIDS  TOOTH BRUSH,3,32,50,5191225,2034-06-01,1,1,,888,2025-11-17,25-26/0000323,10283,MADHAVI ENTERPRISES,,,,9496360332
61131,SANITIZER 500ML,1,133,210,250404,2027-03-01,1,1,,888,2025-11-17,25-26/0000323,10283,MADHAVI ENTERPRISES,,,,9496360332
44233,REDNISOL 4,47,15.75,28,4715003,2027-05-01,10,10,,888,2025-11-17,25-26/0000323,10283,MADHAVI ENTERPRISES,,,,9496360332
46132,NIPPLE S (SMALL WONDER),1,22,30,01-02-05,2027-10-01,1,1,,888,2025-11-17,25-26/0000323,10283,MADHAVI ENTERPRISES,,,,9496360332
57207,NEUROZIDE FORTE ,28,108,145,NRZFT-038,2026-10-01,10,10,,888,2025-11-17,25-26/0000323,10283,MADHAVI ENTERPRISES,,,,9496360332
61132,CEFREDROX 200 DT TAB,38,63,100,LPL25167,2027-05-01,10,10,,888,2025-11-17,25-26/0000323,10283,MADHAVI ENTERPRISES,,,,9496360332
61133,SCRABIC CREAM,1,26,50,DLQK5001,2027-01-01,1,1,,888,2025-11-17,25-26/0000323,10283,MADHAVI ENTERPRISES,,,,9496360332
61134,NEOSPORIN POWDER,1,74.25,97,R794,2027-03-01,1,1,,PD02080,2025-11-18,25-26/0000324,1107,NORTHERN PHARMA,KASARAGOD,0,0,0
61136,REVITAL TAB 30`S,1,220,293,SIG1583A,2027-06-01,1,1,,AMZN02NOV2025,2025-11-02,25-26/0000276,10325,AMAZON,,,,
57490,POLO MINT,72,4.18,5,53041519FB,2026-06-01,1,1,,NAS13132,2025-11-17,25-26/0000325,10313,MINI AGENCIES,,,,
44299,MAXIFLO 100 RC,1,232.09,300,5BA0802,2026-09-01,1,1,,250017300753,2025-11-18,25-26/0000326,10322,MED WORLD PHARMA,,,,
43761,SEROFLO 250 RC,1,409.89,520,5SA0758,2027-02-01,1,1,,250017300753,2025-11-18,25-26/0000326,10322,MED WORLD PHARMA,,,,
61138,AMLOKIND L,60,60.06,76,H65Y005,2027-05-01,10,10,,250017300753,2025-11-18,25-26/0000326,10322,MED WORLD PHARMA,,,,
61139,BRINTOP DIVA 2% SOLUTION,1,499.29,650,TBP-24018,2026-08-01,1,1,,250017300753,2025-11-18,25-26/0000326,10322,MED WORLD PHARMA,,,,
61140,BRINTOP F 10% SOLUTION,5,820.72,1019,TBP-24015,2026-08-01,1,1,,250017300753,2025-11-18,25-26/0000326,10322,MED WORLD PHARMA,,,,
57663,CASTOR OIL 100ML,10,39.38,70,089,2027-02-01,1,1,,250017300753,2025-11-18,25-26/0000326,10322,MED WORLD PHARMA,,,,
57499,CLEARGEL NICO,2,139.29,180,HC081,2027-06-01,1,1,,20161,2025-11-18,25-26/0000327,1100,MODERN PHARMA,KANNUR,0,32AAEFM3567C1ZN,0
57444,FEEDING BOTTLE 125ML MUZEE,2,80,92,24-03-02,2031-12-01,1,1,,2500173004143,2025-11-19,25-26/0000328,10268,FATHIMA MATHA MEDICALS,,,,
57443,FEEDING BOTTLE 125ML MUMS CARE,1,60,105,125,2030-12-01,1,1,,2500173004143,2025-11-19,25-26/0000328,10268,FATHIMA MATHA MEDICALS,,,,
57749,BIOLIN  25G,2,28,40,24012,2027-10-01,1,1,,2500173004143,2025-11-19,25-26/0000328,10268,FATHIMA MATHA MEDICALS,,,,
57447,MULTANI MITTI,5,29.5,40,540,2027-07-01,1,1,,2500173004143,2025-11-19,25-26/0000328,10268,FATHIMA MATHA MEDICALS,,,,
57448,REKTHAKANTHI CHOORNAM,3,34.5,50,1500,2027-03-01,1,1,,2500173004143,2025-11-19,25-26/0000328,10268,FATHIMA MATHA MEDICALS,,,,
45148,OMNIGEL SPRAY 50ML,1,88,120,OMG25027,2027-02-01,1,1,,2500173004143,2025-11-19,25-26/0000328,10268,FATHIMA MATHA MEDICALS,,,,
57029,PULSE OXYMETER,1,1000,1250,0621,2028-12-01,1,1,,2500173004171,2025-11-20,25-26/0000329,10268,FATHIMA MATHA MEDICALS,,,,
61148,AMRUTHANJAN  ROLL ON 20RS,2,50.7,65,C7025025,2027-04-01,1,1,,2500173004171,2025-11-20,25-26/0000329,10268,FATHIMA MATHA MEDICALS,,,,
57050,TISSUE PAPER,1,16,35,PCN003,2030-12-01,1,1,,2500173004171,2025-11-20,25-26/0000329,10268,FATHIMA MATHA MEDICALS,,,,
61151,SUMMER SOCKS,3,40,80,SUSOC2025,2030-11-20,1,1,,FAJU4D2600866945,2025-11-20,25-26/0000330,10325,AMAZON,,,,
61152,PEARS BODY WASH 250ML,2,100,133,B015,2028-02-28,1,1,,FAJU4D2600866945,2025-11-20,25-26/0000330,10325,AMAZON,,,,
61154,CINTHOL 150GM,6,51,70,CIN2025,2028-10-30,1,1,,FAJU4D2600866945,2025-11-20,25-26/0000330,10325,AMAZON,,,,
61156,NIVEA CREME 60ML,2,100,142,B52229650,2027-10-30,1,1,,FAJU4D2600866945,2025-11-20,25-26/0000330,10325,AMAZON,,,,
57320,SENSODYNE BRUSH COMBO 140,6,88.136,140,SEN2025,2028-08-24,1,1,,FAJU4D2600866945,2025-11-20,25-26/0000330,10325,AMAZON,,,,
61157,FIAMA SHOWER GEL 250ML,3,81,199,B001 B1U,2028-07-30,1,1,,FAJU4D2600866945,2025-11-20,25-26/0000330,10325,AMAZON,,,,
61160,LEVOCET M,20,85.33,112,2GT25283A,2028-04-01,10,10,,DL-25-36163,2025-11-20,25-26/0000331,1041,DRUG LINK,KANNUR,0,32AACFD4259N1ZC,0
61162,ALLERBIO CAP,20,193.22,250,ALL5C06,2026-12-01,10,10,,SP-25-20019,2025-11-20,25-26/0000332,1146,SHREYAS PHARMACEUTICALS,KANNUR,0,32AAKFS1960R1ZN,0
61163,RIBOFLAVIN TAB,50,9.43,12,R25421121,2027-08-01,10,10,,SP-25-20019,2025-11-20,25-26/0000332,1146,SHREYAS PHARMACEUTICALS,KANNUR,0,32AAKFS1960R1ZN,0
57474,CIPLOX E/D,2,12.56,16,5A40219,2028-04-01,1,1,,IL-25-37017,2025-11-20,25-26/0000333,1060,INTER LINK,KANNUR,0,32AABFI5741B1ZO,0
57799,HEPTAGON TAB,40,195.81,250,SIG1681A,2027-07-01,10,10,,IL-25-37017,2025-11-20,25-26/0000333,1060,INTER LINK,KANNUR,0,32AABFI5741B1ZO,0
57537,BUDAMATE G ROTACAP,20,353.52,456,UB01788,2026-12-01,30,30,,IL-25-37017,2025-11-20,25-26/0000333,1060,INTER LINK,KANNUR,0,32AABFI5741B1ZO,0
57266,SIMILAC 1,2,460.95,550,78036MN1,2026-12-01,1,1,,LP-25-41579,2025-11-20,25-26/0000334,1203,LINK PHARMA,KANNUR,,32AABFT3905A1ZK,
57803,SIMILAC ADVANCE 1,1,674.67,805,79002MN1,2027-01-01,1,1,,LP-25-41579,2025-11-20,25-26/0000334,1203,LINK PHARMA,KANNUR,,32AABFT3905A1ZK,
57651,DEXORANGE SYP,1,150.7,192,KO165056,2026-12-01,1,1,,LP-25-41579,2025-11-20,25-26/0000334,1203,LINK PHARMA,KANNUR,,32AABFT3905A1ZK,
61167,DIPROBATE PLUS CREAM,5,70,92,PSC0125,2027-07-01,1,1,,LP-25-41579,2025-11-20,25-26/0000334,1203,LINK PHARMA,KANNUR,,32AABFT3905A1ZK,
57332,DIGYTON PLUS SYP,1,185.14,243,252500773,2028-08-01,1,1,,3895,2025-11-21,25-26/0000335,10302,english pharma,,,,
61168,INVOLON DS LIQUID 500ML,2,136.38,179,25R114,2028-08-01,1,1,,3895,2025-11-21,25-26/0000335,10302,english pharma,,,,
45904,OSSOMIN SUSP 450 ML,1,152,190,COV25106,2027-06-01,1,1,,3895,2025-11-21,25-26/0000335,10302,english pharma,,,,
57786,TISSUE AID TAB,30,132,165,TFWA2521,2027-05-01,6,6,,3895,2025-11-21,25-26/0000335,10302,english pharma,,,,
61169,HUG N WAG SHAMPOO (CAT),2,108.47,142.37,CTC25008,2027-06-01,1,1,,3895,2025-11-21,25-26/0000335,10302,english pharma,,,,
57315,SENSODYNE REPAIR PROTECT 70G,2,165.629,200,33061020,2026-06-01,1,1,,A11277-25/26,2025-11-21,25-26/0000336,10321,BHARATHI SALES CORPERATION,12/171-A4,11318013000469,32BVCPC2400G1ZK,9895961146
57004,GINGER CANDY,75,109.52,150,1704,2028-06-01,75,75,,8775,2025-11-22,25-26/0000337,10315,AMALA STATIONERY,ANGADIKADAVU,,,
56981,PAMPERS L 5`S,3,79.05,105,9619,2028-06-01,1,1,,8775,2025-11-22,25-26/0000337,10315,AMALA STATIONERY,ANGADIKADAVU,,,
57410,COLGATE 100GM,2,60,70,3306,2028-06-01,1,1,,8775,2025-11-22,25-26/0000337,10315,AMALA STATIONERY,ANGADIKADAVU,,,
57057,TIKOUT SOAP,2,61.7,91,GJ5966012,2027-08-01,1,1,,NP2223-4897,2025-11-22,25-26/0000338,10318,NEW PHARMA,IRITTY,,,
61170,KISKIN LOTION,1,70,91,KL2525,2027-03-01,1,1,,NP2223-4897,2025-11-22,25-26/0000338,10318,NEW PHARMA,IRITTY,,,
61171,HEMOBEST PET SYP,1,120,150,HPP25004,2026-11-01,1,1,,NP2223-4897,2025-11-22,25-26/0000338,10318,NEW PHARMA,IRITTY,,,
57333,FURGLOW 200ML,2,257.62,380,PP250000068,2028-06-01,1,1,,NP2223-4897,2025-11-22,25-26/0000338,10318,NEW PHARMA,IRITTY,,,
57419,PENDISTRIN SH,4,30.38,37.97,PS25138,2027-08-01,1,1,,NP2223-4897,2025-11-22,25-26/0000338,10318,NEW PHARMA,IRITTY,,,
61173,PEE SAFE PANTY LINERS,3,67,90,KPSR-004,2028-06-30,1,1,,FAJU4D2600866945,2025-11-20,25-26/0000330,10325,AMAZON,,,,
57854,ROSEMARY WATER,2,148,249,erq,2028-06-01,1,1,,AMZN02NOV2025,2025-11-02,25-26/0000276,10325,AMAZON,,,,
57367,BISOFAR 1.25,140,6.5,15,BD251572B,2027-06-01,10,10,,A002158,2025-11-22,25-26/0000339,10296,alka associates,,,,
62173,THYPURE 150,3,51,100,BER01ABA,2027-01-01,1,1,,A002158,2025-11-22,25-26/0000339,10296,alka associates,,,,
57211,THYPURE 88,1,43.5,80,MY9AJ01,2026-09-01,1,1,,A002158,2025-11-22,25-26/0000339,10296,alka associates,,,,
62174,AMDATIME 100,120,47.5,95,SPC2510108B,2027-04-01,15,15,,A002158,2025-11-22,25-26/0000339,10296,alka associates,,,,
62175,BISOPROLIN 2.5,265,6.4,25,M231547,2026-11-01,10,10,,A002158,2025-11-22,25-26/0000339,10296,alka associates,,,,
57212,CIDINITAB 5,44,5.4,15,WCNB324005,2026-11-01,10,10,,A002158,2025-11-22,25-26/0000339,10296,alka associates,,,,
57710,DONEPAZE M,9,22.5,50,T250228,2026-12-01,10,10,,A002158,2025-11-22,25-26/0000339,10296,alka associates,,,,
62176,ETOSELECT 400,20,52,90,260224003,2026-03-01,10,10,,A002158,2025-11-22,25-26/0000339,10296,alka associates,,,,
57622,VRITEL TRIO 6.25,5,14.1,45,PT-43593,2026-09-01,15,10,,A002158,2025-11-22,25-26/0000339,10296,alka associates,,,,
62177,GARNIER MEN ACNO FIGHT FACEWASH,2,200,269,B52888625C,2028-06-01,1,1,,FAJU4D2600866945,2025-11-20,25-26/0000330,10325,AMAZON,,,,
62180,LACTO CALAMINE KAOLIN CLAY FACE WASH,1,83,114,LFAF057,2028-09-01,1,1,,FAJU4D2600866945,2025-11-20,25-26/0000330,10325,AMAZON,,,,
62181,OTOBIOTIC PLUS E/D,2,61.78,81,DE5Z008,2027-08-01,1,1,,20811,2025-11-25,25-26/0000340,1100,MODERN PHARMA,KANNUR,0,32AAEFM3567C1ZN,0
62182,LACTODEX 2 400GM,4,443.57,517.5,DG44250784,2026-12-01,1,1,,20811,2025-11-25,25-26/0000340,1100,MODERN PHARMA,KANNUR,0,32AAEFM3567C1ZN,0
57468,KIDS PRO VANILA,2,237.3,340,KPVA250301,2026-08-01,1,1,,20811,2025-11-25,25-26/0000340,1100,MODERN PHARMA,KANNUR,0,32AAEFM3567C1ZN,0
61047,LACTODEX 3 450GM,1,443.57,517.5,DG3550374,2027-01-01,1,1,,20811,2025-11-25,25-26/0000340,1100,MODERN PHARMA,KANNUR,0,32AAEFM3567C1ZN,0
57469,VASOGRAIN TAB,69,151,192,QO25025,2027-03-01,20,20,,20811,2025-11-25,25-26/0000340,1100,MODERN PHARMA,KANNUR,0,32AAEFM3567C1ZN,0
62183,LACTODEX 1 450GM,4,443.57,517.5,DG55251182,2026-11-01,1,1,,20811,2025-11-25,25-26/0000340,1100,MODERN PHARMA,KANNUR,0,32AAEFM3567C1ZN,0
58921,LOSAKIND H,80,73.06,96,E35Y003,2027-03-01,10,10,,PD02150,2025-11-25,25-26/0000341,1107,NORTHERN PHARMA,KASARAGOD,0,0,0
45961,BETNOVATE ,1,16.93,22,HD3A,2027-05-01,1,1,,PD02150,2025-11-25,25-26/0000341,1107,NORTHERN PHARMA,KASARAGOD,0,0,0
62186,FOLIFAST HAIR TINCTURE,1,255,335,TIF25005,2028-06-01,1,1,,PD02150,2025-11-25,25-26/0000341,1107,NORTHERN PHARMA,KASARAGOD,0,0,0
44381,THIAPLEX 100,5,21,45,21525003,2027-03-01,10,10,,920,2025-11-25,25-26/0000342,10283,MADHAVI ENTERPRISES,,,,9496360332
61132,CEFREDROX 200 DT TAB,100,63,100,LPL25167,2027-05-01,10,10,,920,2025-11-25,25-26/0000342,10283,MADHAVI ENTERPRISES,,,,9496360332
62187,DOXYNEC CAP,36,45,80,8045003,2027-05-01,10,10,,920,2025-11-25,25-26/0000342,10283,MADHAVI ENTERPRISES,,,,9496360332
61045,SKINSHINE SUNSCREEN SPF 50,1,145,250,PL25052,2027-08-01,1,1,,920,2025-11-25,25-26/0000342,10283,MADHAVI ENTERPRISES,,,,9496360332
57580,ELBOW SUPPORT L LEEFORD,2,147,230,BA5-L/0525,2030-02-01,1,1,,920,2025-11-25,25-26/0000342,10283,MADHAVI ENTERPRISES,,,,9496360332
44314,LEEKUF SF,5,39,70,GJLH25002,2027-03-01,1,1,,920,2025-11-25,25-26/0000342,10283,MADHAVI ENTERPRISES,,,,9496360332
56910,ULTRABRITE OINT,4,42,80,DLQ5123,2027-05-01,1,1,,920,2025-11-25,25-26/0000342,10283,MADHAVI ENTERPRISES,,,,9496360332
62190,ULTRABRITE OINT 25GM,1,49,120,DLQA5150,2027-06-01,1,1,,920,2025-11-25,25-26/0000342,10283,MADHAVI ENTERPRISES,,,,9496360332
45651,CALCIJOINT D3 SG,22,23.5,50,LAL25194,2027-06-01,4,4,,920,2025-11-25,25-26/0000342,10283,MADHAVI ENTERPRISES,,,,9496360332
57516,LULIFORD CREAM ,2,40,80,DLUW5024,2027-01-01,1,1,,920,2025-11-25,25-26/0000342,10283,MADHAVI ENTERPRISES,,,,9496360332
62191,NOZCALM N/D,1,19,40,DLWM5002,2027-05-01,1,1,,920,2025-11-25,25-26/0000342,10283,MADHAVI ENTERPRISES,,,,9496360332
62189,NICOSIP 4,60,56,90,L50006,2027-08-01,10,10,,920,2025-11-25,25-26/0000342,10283,MADHAVI ENTERPRISES,,,,9496360332
56785,NAN PRO 2,1,659.68,755,52870453J1,2026-08-01,1,1,,NAS13675,2025-11-26,25-26/0000343,10313,MINI AGENCIES,,,,
59952,PRE NAN TIN ,1,681.52,780,52530453T1G,2026-08-01,1,1,,NAS13675,2025-11-26,25-26/0000343,10313,MINI AGENCIES,,,,
56787,NAN PRO 3,6,659.68,755,52810453J1,2026-08-01,1,1,,NAS13675,2025-11-26,25-26/0000343,10313,MINI AGENCIES,,,,
57490,POLO MINT,72,4.18,5,53041519FB,2026-06-01,1,1,,NAS13675,2025-11-26,25-26/0000343,10313,MINI AGENCIES,,,,
57411,NAN PRO 1 TIN,1,672.78,770,51930453T1,2026-06-01,1,1,,NAS13675,2025-11-26,25-26/0000343,10313,MINI AGENCIES,,,,
57583,IGITIMOD 25,100,82,140,LT2506076,2027-05-01,10,10,,A002196,2025-11-26,25-26/0000344,10296,alka associates,,,,
57425,ROSUVIA 10,3,16.25,30,MOT25074,2027-03-01,15,15,,A002196,2025-11-26,25-26/0000344,10296,alka associates,,,,
57510,BILATINE 20,5,20,45,AVF01ABA,2026-12-01,10,10,,A002196,2025-11-26,25-26/0000344,10296,alka associates,,,,
57265,OXETIN 40,100,13,40,NB/250922,2028-02-01,10,10,,A002196,2025-11-26,25-26/0000344,10296,alka associates,,,,
62195,BRIVATIME  100,20,108,150,SPT-03946,2027-08-01,10,10,,A002196,2025-11-26,25-26/0000344,10296,alka associates,,,,
56803,BARLEY POWDER 50 GM,1,22,30,682,2026-08-01,1,1,,2500173004271,2025-11-26,25-26/0000345,10268,FATHIMA MATHA MEDICALS,,,,
57761,NAYANTOB F E/D,3,63.57,83,LW258,2027-02-01,1,1,,2500173004271,2025-11-26,25-26/0000345,10268,FATHIMA MATHA MEDICALS,,,,
56877,RASNADI CHOORNAM,2,15,20,1077,2026-12-01,1,1,,2500173004271,2025-11-26,25-26/0000345,10268,FATHIMA MATHA MEDICALS,,,,
56837,HIM NEEM FACE WASH 15ML,11,15.58,18,992500516,2028-03-01,1,1,,2500173004271,2025-11-26,25-26/0000345,10268,FATHIMA MATHA MEDICALS,,,,
56847,HIM KAJAL,11,35,45,B702500018,2028-03-01,1,1,,2500173004271,2025-11-26,25-26/0000345,10268,FATHIMA MATHA MEDICALS,,,,
57030,CHLORAGESIC E/D,3,37.5,48,11224,2026-04-01,1,1,,2500173004271,2025-11-26,25-26/0000345,10268,FATHIMA MATHA MEDICALS,,,,
45177,ROLL BANDAGE 5X3,19,35,50,ACG007/25,2027-02-01,10,10,,2500173004271,2025-11-26,25-26/0000345,10268,FATHIMA MATHA MEDICALS,,,,
45139,CREPE BANDAGE 15CM,2,120,200,SV-13,2028-02-01,1,1,,2500173004271,2025-11-26,25-26/0000345,10268,FATHIMA MATHA MEDICALS,,,,
57025,HIM BABY BODY WASH,1,84.75,115,B992501126,2028-08-01,1,1,,2500173004271,2025-11-26,25-26/0000345,10268,FATHIMA MATHA MEDICALS,,,,
45141,CALAPTIN 120SR,72,66.4,86,CSA25008,2027-02-01,15,15,,LP-25-42718,2025-11-26,25-26/0000346,1203,LINK PHARMA,KANNUR,,32AABFT3905A1ZK,
62196,PUBERAL F TAB,35,169.49,222,11352,2026-10-01,10,10,,LP-25-42718,2025-11-26,25-26/0000346,1203,LINK PHARMA,KANNUR,,32AABFT3905A1ZK,
57654,BETNESOL FORTE TAB,200,20.18,26,BS5A,2027-01-01,20,20,,LP-25-42718,2025-11-26,25-26/0000346,1203,LINK PHARMA,KANNUR,,32AABFT3905A1ZK,
55561,DEBRIN CREAM,1,117.86,148,DI2503,2027-02-01,1,1,,LP-25-42718,2025-11-26,25-26/0000346,1203,LINK PHARMA,KANNUR,,32AABFT3905A1ZK,
57485,DIPROBATE G PLUS CREAM,4,82.14,105,PSC0106,2027-06-01,1,1,,LP-25-42718,2025-11-26,25-26/0000346,1203,LINK PHARMA,KANNUR,,32AABFT3905A1ZK,
62198,SHELCAL CT TAB,5,288.91,370,GAXF0020,2027-05-01,15,15,,LP-25-42718,2025-11-26,25-26/0000346,1203,LINK PHARMA,KANNUR,,32AABFT3905A1ZK,
54492,PANLIPASE,8,310,400,GKG1065A,2026-11-01,15,15,,IL-25-38286,2025-11-27,25-26/0000347,1060,INTER LINK,KANNUR,0,32AABFI5741B1ZO,0
62199,LEVIPIL SYP,2,323.05,420,SXG2049A,2027-08-01,1,1,,IL-25-38286,2025-11-27,25-26/0000347,1060,INTER LINK,KANNUR,0,32AABFI5741B1ZO,0
62203,MAGRIUM TAB,40,246.1,320,2T25158,2027-02-01,10,10,,DL-25-37145,2025-11-26,25-26/0000349,1041,DRUG LINK,KANNUR,0,32AACFD4259N1ZC,0
62199,LEVIPIL SYP,1,323.05,420,SXG1756A,2027-07-01,1,1,,DL-25-37145,2025-11-26,25-26/0000349,1041,DRUG LINK,KANNUR,0,32AACFD4259N1ZC,0
62199,LEVIPIL SYP,1,323.05,420,SXG1982A,2027-08-01,1,1,,DL-25-37145,2025-11-26,25-26/0000349,1041,DRUG LINK,KANNUR,0,32AACFD4259N1ZC,0
62204,GATILOX DM E/D,1,22.5,29.53,FTC0016,2027-06-01,1,1,,IL-25-38343,2025-11-27,25-26/0000350,1060,INTER LINK,KANNUR,0,32AABFI5741B1ZO,0
57688,BECOFLOW B COMPLEX SYP,2,42,80,DCX01ABA,2026-10-01,1,1,,AP1893,2025-11-19,25-26/0000351,10326,AROGYA PHARMACEUTICALS,,,,
57689,CLOVEFIX CLOVE OIL,3,30,60,A076,2028-07-01,1,1,,AP1893,2025-11-19,25-26/0000351,10326,AROGYA PHARMACEUTICALS,,,,
57691,FOLISCORE TAB,123,15,30,T062504,2027-05-01,30,30,,AP1893,2025-11-19,25-26/0000351,10326,AROGYA PHARMACEUTICALS,,,,
57692,GINFLOW SOFTGEL CAP,60,25,50,BLG-25048,2027-07-01,10,10,,AP1893,2025-11-19,25-26/0000351,10326,AROGYA PHARMACEUTICALS,,,,
62206,HEMOPASS SYP,1,48,90,EL25225,2026-09-01,1,1,,AP1893,2025-11-19,25-26/0000351,10326,AROGYA PHARMACEUTICALS,,,,
57703,BANDAGE ADHESIVE 10CM,1,70,150,029AC25,2028-08-01,1,1,,AP1893,2025-11-19,25-26/0000351,10326,AROGYA PHARMACEUTICALS,,,,
57414,MEDIMIX  GLYCERIN BLUE,2,38.95,50,3401110,2028-06-01,1,1,,ASP04462,2025-11-26,25-26/0000352,10313,MINI AGENCIES,,,,
62207,SANJEEVANAM ROLL ON,12,39.82,46,30049011,2028-08-01,1,1,,ASP04462,2025-11-26,25-26/0000352,10313,MINI AGENCIES,,,,
62208,SANJEEVANAM ORTHOBALM,2,97.83,113,30049011,2028-06-01,1,1,,ASP04462,2025-11-26,25-26/0000352,10313,MINI AGENCIES,,,,
57238,ODOMOS  100 GM,1,82.2,110,BT 00554,2027-02-01,1,1,,9038,2025-11-29,25-26/0000353,10315,AMALA STATIONERY,ANGADIKADAVU,,,
57607,WHISPER CHOICE REGULAR,10,32,37,9619,2028-06-01,1,1,,9038,2025-11-29,25-26/0000353,10315,AMALA STATIONERY,ANGADIKADAVU,,,
58898,PARACHUTE 30ML,1,8.48,10,3004,2026-06-01,1,1,,9038,2025-11-29,25-26/0000353,10315,AMALA STATIONERY,ANGADIKADAVU,,,
57238,ODOMOS  100 GM,2,86.44,115,BT 00554,2027-02-01,1,1,,9038,2025-11-29,25-26/0000353,10315,AMALA STATIONERY,ANGADIKADAVU,,,
61061,SEBAMED ANTI DANDRUFF SHAMPOO 200ML,2,480.23,646,5A147A68,2028-06-01,1,1,,FAJU4D2600866945,2025-11-20,25-26/0000330,10325,AMAZON,,,,
62214,REXONA ROLL ON ALOEVERA,3,70,95,HGJ,2027-06-01,1,1,,571,2025-11-29,25-26/0000354,10329,BEST MARKETING,,,,
62215,REXONA ROLL ON SHOWER FRESH,2,70,95,YIU,2027-06-01,1,1,,571,2025-11-29,25-26/0000354,10329,BEST MARKETING,,,,
62216,SHEET MASK,1,27.05,38,TRYTU,2027-06-01,1,1,,571,2025-11-29,25-26/0000354,10329,BEST MARKETING,,,,
62223,PUREFI E/D,6,27.89,55,OPF336,2027-04-01,1,1,,250017300800,2025-12-01,25-26/0000355,10322,MED WORLD PHARMA,,,,
57351,ORS 4.2GM,3,2.78,4,Z-24881,2026-10-01,1,1,,250017300800,2025-12-01,25-26/0000355,10322,MED WORLD PHARMA,,,,
57749,BIOLIN  25G,3,28.5,45,25006,2028-07-01,1,1,,7659,2025-12-01,25-26/0000356,10301,PEARL MEDICENTER,THALASSERY,,,
62225,BIOLIN  50G,2,51.5,75,25004,2028-05-01,1,1,,7659,2025-12-01,25-26/0000356,10301,PEARL MEDICENTER,THALASSERY,,,
56872,SANITIZER 50ML SMART,2,24,35,688,2027-05-01,1,1,,7659,2025-12-01,25-26/0000356,10301,PEARL MEDICENTER,THALASSERY,,,
62226,NIPPLE L(TENDER FLO),7,33.87,55,624,2026-11-01,1,1,,7659,2025-12-01,25-26/0000356,10301,PEARL MEDICENTER,THALASSERY,,,
62227,DEFZAVIA 6,3,22,50,MOT25104,2027-04-01,10,10,,A002231,2025-11-29,25-26/0000357,10296,alka associates,,,,
59945,BENIFAST T 4/40 ,26,23,50,CMT241780,2026-08-01,10,10,,A002231,2025-11-29,25-26/0000357,10296,alka associates,,,,
57739,ESRAM 5,100,11.8,25,NB/250652,2027-11-01,10,10,,A002231,2025-11-29,25-26/0000357,10296,alka associates,,,,
57263,PIMAPEXOLE 0.25,100,13,25,AMN01DVA,2027-03-01,10,10,,A002231,2025-11-29,25-26/0000357,10296,alka associates,,,,
57861,VRIMET 1000SR,53,11.75,30,PT-52060,2027-05-01,10,10,,A002231,2025-11-29,25-26/0000357,10296,alka associates,,,,
62229,GLUCORADE SHOTS MANGO,1,144.95,200,A-25178,2026-10-01,1,20,,B2C-1397/25-26,2025-12-01,25-26/0000360,1052,GENERAL TRADE LINKS,KANNUR,0,32AAEFG2263D1ZI,0
57439,GLUCORADE SHOTS STRAWBEEY,13,144.95,200,S-25176,2026-10-01,20,20,,B2C-1397/25-26,2025-12-01,25-26/0000360,1052,GENERAL TRADE LINKS,KANNUR,0,32AAEFG2263D1ZI,0
56806,VAYUGULIKA WHITE 10,27,7.62,10,48,2027-10-01,1,1,,B2C-1397/25-26,2025-12-01,25-26/0000360,1052,GENERAL TRADE LINKS,KANNUR,0,32AAEFG2263D1ZI,0
56834,KANNANKAYA POWDER,1,164,210,N200,2026-11-01,1,1,,B2C-1397/25-26,2025-12-01,25-26/0000360,1052,GENERAL TRADE LINKS,KANNUR,0,32AAEFG2263D1ZI,0
61063,MEE MEE KID TOOTHBRUSH,5,37.86,55,GFH,2028-06-01,1,1,,581,2025-12-02,25-26/0000361,10329,BEST MARKETING,,,,
62232,MEE MEE KID TOOTHBRUSH CAR,1,56.43,85,YTIU,2028-06-01,1,1,,581,2025-12-02,25-26/0000361,10329,BEST MARKETING,,,,
57502,DERMADEW BABY LOTION,2,103.05,145,B452,2027-05-01,1,1,,21442,2025-12-02,25-26/0000365,1100,MODERN PHARMA,KANNUR,0,32AAEFM3567C1ZN,0
57862,CLEARGEL AP,2,263.57,340,HH034,2027-07-01,1,1,,21442,2025-12-02,25-26/0000365,1100,MODERN PHARMA,KANNUR,0,32AAEFM3567C1ZN,0
61144,MILDY SHAMPOO,1,152.38,200,IM746,2027-07-01,1,1,,21442,2025-12-02,25-26/0000365,1100,MODERN PHARMA,KANNUR,0,32AAEFM3567C1ZN,0
62235,ECOSPIRIN AV 75/20,60,53.44,65,28026915,2026-11-01,15,15,,LP-25-43729,2025-12-02,25-26/0000366,1203,LINK PHARMA,KANNUR,,32AABFT3905A1ZK,
61119,ENSURE DIABETIC 400GM CHOCOLATE,2,689.83,823,74064MN1,2026-08-01,1,1,,LP-25-43729,2025-12-02,25-26/0000366,1203,LINK PHARMA,KANNUR,,32AABFT3905A1ZK,
61120,PEDIASURE CHOCO 375GM,1,574.24,685.17,75069MN1,2026-09-01,1,1,,LP-25-43729,2025-12-02,25-26/0000366,1203,LINK PHARMA,KANNUR,,32AABFT3905A1ZK,
57802,PEDIASURE VANILA 375GM,2,488.47,655,76048MN2,2026-10-01,1,1,,LP-25-43729,2025-12-02,25-26/0000366,1203,LINK PHARMA,KANNUR,,32AABFT3905A1ZK,
55550,BETNOVATE C,1,55.64,73,HL3G,2027-05-01,1,1,,LP-25-43729,2025-12-02,25-26/0000366,1203,LINK PHARMA,KANNUR,,32AABFT3905A1ZK,
56848,ITCH GUARD CREAM,4,91.5,115,A0713,2028-03-01,1,1,,2500173004393,2025-12-03,25-26/0000367,10268,FATHIMA MATHA MEDICALS,,,,
57630,BAND AID WASHPROOF,17,1.1,2.5,MW24-108,2028-02-01,100,1,,2500173004393,2025-12-03,25-26/0000367,10268,FATHIMA MATHA MEDICALS,,,,
57022,NAYANPAT E/D,2,82.5,100,25082,2026-11-01,1,1,,2500173004393,2025-12-03,25-26/0000367,10268,FATHIMA MATHA MEDICALS,,,,
44686,WHITE FIELD OINT,6,13.98,35,233,2026-04-01,1,1,,404,2025-12-03,25-26/0000368,10327,AMS SURGICALS,,,,
57166,ROSE WATER 120ML,1,39,55,608,2027-11-01,1,1,,404,2025-12-03,25-26/0000368,10327,AMS SURGICALS,,,,
63236,KUFDOZ BR SYP,2,25.5,70,2412123L004,2026-08-01,1,1,,404,2025-12-03,25-26/0000368,10327,AMS SURGICALS,,,,
63237,ZYSET MD 4,13,7.99,20,GPR0126,2027-06-01,10,10,,404,2025-12-03,25-26/0000368,10327,AMS SURGICALS,,,,
55594,FLUKA 150,47,8.98,12,4N40599,2027-11-01,1,1,,404,2025-12-03,25-26/0000368,10327,AMS SURGICALS,,,,
57351,ORS 4.2GM,50,2.99,4,COS25001,2027-01-01,1,1,,404,2025-12-03,25-26/0000368,10327,AMS SURGICALS,,,,
57571,BREALEVO DUO RESPULES,20,64.75,80,2449001H,2026-11-01,5,5,,404,2025-12-03,25-26/0000368,10327,AMS SURGICALS,,,,
63238,GLIDUM MF1,100,18.9,30,CMT251392,2027-07-01,10,10,,404,2025-12-03,25-26/0000368,10327,AMS SURGICALS,,,,
57630,BAND AID WASHPROOF,17,99,250,4FW36,2027-04-01,100,100,,404,2025-12-03,25-26/0000368,10327,AMS SURGICALS,,,,
63239,PANTORAX 20 TAB,123,16.99,30,GT504028B,2027-05-01,10,10,,404,2025-12-03,25-26/0000368,10327,AMS SURGICALS,,,,
45956,COMFY ,1,29.5,32,730,2031-01-01,1,1,,2500173004422,2025-12-04,25-26/0000369,10268,FATHIMA MATHA MEDICALS,,,,
57713,COMFY XL 18`S,3,90,100,729,2030-12-01,1,1,,2500173004422,2025-12-04,25-26/0000369,10268,FATHIMA MATHA MEDICALS,,,,
61015,QUANTUS 300 CAP,30,682.14,895.31,ALU02ACA,2026-12-01,10,10,,250017300815,2025-12-04,25-26/0000370,10322,MED WORLD PHARMA,,,,
63242,PEDIASURE 7+ CHOCOLATE 400GM,2,496,620,815432UH,2027-02-25,1,1,,171-5786496-0545122,2025-12-04,25-26/0000371,10325,AMAZON,,,,
63243,PEDIASURE CHOCOLATE 200GM,1,340,370,76059MN1,2026-10-19,1,1,,171-5786496-0545122,2025-12-04,25-26/0000371,10325,AMAZON,,,,
63246,DERMA CO KOJIC ACID FACE CREAM 30GM,3,280,449,BD5I007,2027-09-30,1,1,,171-5786496-0545122,2025-12-04,25-26/0000371,10325,AMAZON,,,,
63248,NICOSIP 2,10,49,80,L50002,2027-08-01,10,10,,958,2025-12-04,25-26/0000373,10283,MADHAVI ENTERPRISES,,,,9496360332
43827,TREXODAT 10,73,42.5,70,LOS-2401,2026-11-01,10,10,,958,2025-12-04,25-26/0000373,10283,MADHAVI ENTERPRISES,,,,9496360332
44583,DIPROLITE ,3,18,40,DLPB5001,2027-03-01,1,1,,958,2025-12-04,25-26/0000373,10283,MADHAVI ENTERPRISES,,,,9496360332
57116,IBUFYL PLUS SUSP,1,18.5,30,CTLH25003,2027-06-01,1,1,,958,2025-12-04,25-26/0000373,10283,MADHAVI ENTERPRISES,,,,9496360332
45367,FOURDERM 10GM,1,30,50,51010,2026-12-01,1,1,,958,2025-12-04,25-26/0000373,10283,MADHAVI ENTERPRISES,,,,9496360332
45153,DAPAFORD 10,150,36,60,DAA502F,2027-05-01,15,15,,958,2025-12-04,25-26/0000373,10283,MADHAVI ENTERPRISES,,,,9496360332
63251,ELOWAY COLD CREAM,4,38,75,BLD04001,2027-09-01,1,1,,958,2025-12-04,25-26/0000373,10283,MADHAVI ENTERPRISES,,,,9496360332
57682,SELSUN SHAMPOO,1,331.44,435,EKL0077,2027-05-01,1,1,,LP-25-44168,2025-12-04,25-26/0000375,1203,LINK PHARMA,KANNUR,,32AABFT3905A1ZK,
57807,KETOROL DT,150,139.26,175,E2502119,2028-08-01,15,15,,LP-25-44168,2025-12-04,25-26/0000375,1203,LINK PHARMA,KANNUR,,32AABFT3905A1ZK,
63252,LASIX TAB,105,11.34,14,5P0720A,2028-02-01,15,15,,LP-25-44168,2025-12-04,25-26/0000375,1203,LINK PHARMA,KANNUR,,32AABFT3905A1ZK,
63253,CREVAST F 10,50,210.13,275.79,ACRB25007,2028-04-01,10,10,,LP-25-44168,2025-12-04,25-26/0000375,1203,LINK PHARMA,KANNUR,,32AABFT3905A1ZK,
55561,DEBRIN CREAM,2,117.86,148,DI2503,2027-02-01,1,1,,LP-25-44168,2025-12-04,25-26/0000375,1203,LINK PHARMA,KANNUR,,32AABFT3905A1ZK,
63254,ECOSPIRIN 150,350,8.69,10.58,56001905,2027-05-01,14,14,,LP-25-44168,2025-12-04,25-26/0000375,1203,LINK PHARMA,KANNUR,,32AABFT3905A1ZK,
63255,TAZLOC 40,50,73.62,95,48020551,2027-07-01,15,15,,LP-25-44168,2025-12-04,25-26/0000375,1203,LINK PHARMA,KANNUR,,32AABFT3905A1ZK,
63257,XERINA CREAM,1,330.17,470,RXE25013,2027-04-01,1,1,,LP-25-44260,2025-12-04,25-26/0000376,1203,LINK PHARMA,KANNUR,,32AABFT3905A1ZK,
55590,MEGAHEAL GEL,4,103.57,130,VAB25117,2027-06-01,1,1,,DL-25-38468,2025-12-04,25-26/0000372,1041,DRUG LINK,KANNUR,0,32AACFD4259N1ZC,0
63259,ARETS TAB,30,154.51,202,ARTI041,2026-11-01,10,10,,DL-25-38468,2025-12-04,25-26/0000372,1041,DRUG LINK,KANNUR,0,32AACFD4259N1ZC,0
61114,ZAPIZ 0.25,90,28.09,36,K2501265,2028-04-01,20,20,,DL-25-38468,2025-12-04,25-26/0000372,1041,DRUG LINK,KANNUR,0,32AACFD4259N1ZC,0
57648,DOLOGEL ,2,93.93,118,BDL25005,2027-07-01,1,1,,IL-25-39438,2025-12-04,25-26/0000377,1060,INTER LINK,KANNUR,0,32AABFI5741B1ZO,0
63263,LANOL ER ,5,16.23,21,HTR0125038,2027-07-01,10,10,,IL-25-39438,2025-12-04,25-26/0000377,1060,INTER LINK,KANNUR,0,32AABFI5741B1ZO,0
63264,GLUCONORM G2,75,249.18,327,UB01844,2027-07-01,15,15,,IL-25-39438,2025-12-04,25-26/0000377,1060,INTER LINK,KANNUR,0,32AABFI5741B1ZO,0
57798,ZINCODERM G,4,19.55,27,ZDG2512,2027-05-01,1,1,,IL-25-39438,2025-12-04,25-26/0000377,1060,INTER LINK,KANNUR,0,32AABFI5741B1ZO,0
63266,WATER BED LIFECARE,1,1200,1575,LCWA,2031-12-30,1,1,,25-20669,2025-12-05,25-26/0000379,1080,LINK SURGICALS,KANNUR,0,32AACFL1761F1ZS,0
63267,STOCKINGS M TYNOR,1,800,1050,1199330,2030-10-01,1,1,,25-20669,2025-12-05,25-26/0000379,1080,LINK SURGICALS,KANNUR,0,32AACFL1761F1ZS,0
56643,BREATH WELL SG CAP,19,16,40,DR25078B,2027-01-01,10,10,,169,2025-12-05,25-26/0000378,10311,MALABAR PHARMA,"CASA MARINA COMPLEX,THALAP,KANNUR",WLF20B2024KL001695,32BQKPN5471R1Z3,9037573266
45629,GLUCOSE D 50GM,11,9.53,20,260835,2027-07-01,1,1,,169,2025-12-05,25-26/0000378,10311,MALABAR PHARMA,"CASA MARINA COMPLEX,THALAP,KANNUR",WLF20B2024KL001695,32BQKPN5471R1Z3,9037573266
57356,LEVOLIN 0.31 RESPULES,2,4.66,6,5L80515,2027-05-01,1,1,,IL-25-39438,2025-12-04,25-26/0000377,1060,INTER LINK,KANNUR,0,32AABFI5741B1ZO,0
45343,ROPARK 0.5,10,92.86,121,SIG1785A,2027-07-01,10,10,,IL-25-39438,2025-12-04,25-26/0000377,1060,INTER LINK,KANNUR,0,32AABFI5741B1ZO,0
57878,JUNIOR HORLICKS VANILA 500GM,3,280,328,0820BB,2026-08-01,1,1,,171-5786496-0545122,2025-12-04,25-26/0000371,10325,AMAZON,,,,
63269,JUNIOR HORLICKS CHOCOLATE 500GM,2,328,328,0820CC,2025-12-06,1,1,,171-5786496-0545122,2025-12-04,25-26/0000371,10325,AMAZON,,,,
63270,HORLICKS PROTEIN PLUS VANILA 400GM,2,500,641,0508BB1B,2026-08-07,1,1,,171-5786496-0545122,2025-12-04,25-26/0000371,10325,AMAZON,,,,
61081,LOGIFEEL IMF CREAM,1,278.86,366,5687,2027-08-01,1,1,,250017300815,2025-12-04,25-26/0000370,10322,MED WORLD PHARMA,,,,
56857,THROMBOPHOB,3,171.83,220,IA00883A,2028-06-01,1,1,,250017300815,2025-12-04,25-26/0000370,10322,MED WORLD PHARMA,,,,
57548,IODEX 8G,1,37.267,45,30049011,2026-06-01,1,1,,A11991-25/26,2025-12-05,25-26/0000381,10321,BHARATHI SALES CORPERATION,12/171-A4,11318013000469,32BVCPC2400G1ZK,9895961146
57326,IODEX 16G,4,72.048,92,30049011,2026-06-01,1,1,,A11991-25/26,2025-12-05,25-26/0000381,10321,BHARATHI SALES CORPERATION,12/171-A4,11318013000469,32BVCPC2400G1ZK,9895961146
57194,PAMPERS NB 18`S,2,155.24,210,9618,2028-06-01,1,1,,9310,2025-12-06,25-26/0000382,10315,AMALA STATIONERY,ANGADIKADAVU,,,
57198,PARACHUTE AYUR 90ML,1,70.95,84,3004,2028-06-01,1,1,,9310,2025-12-06,25-26/0000382,10315,AMALA STATIONERY,ANGADIKADAVU,,,
57047,HORLICKS 500GM,1,230.48,259,1901,2028-05-01,1,1,,9310,2025-12-06,25-26/0000382,10315,AMALA STATIONERY,ANGADIKADAVU,,,
56986,WHISPER CHOICE XL 45,3,36,45,9619,2028-06-01,1,1,,9310,2025-12-06,25-26/0000382,10315,AMALA STATIONERY,ANGADIKADAVU,,,
57004,GINGER CANDY,75,109.52,150,1704,2028-06-01,75,75,,9310,2025-12-06,25-26/0000382,10315,AMALA STATIONERY,ANGADIKADAVU,,,
57000,COLGATE FLEXI BRUSH,5,9.523,20,9603,2028-06-01,1,1,,9310,2025-12-06,25-26/0000382,10315,AMALA STATIONERY,ANGADIKADAVU,,,
63273,HORLICKS 20GM,7,4.43,5,1901,2028-06-01,1,1,,9310,2025-12-06,25-26/0000382,10315,AMALA STATIONERY,ANGADIKADAVU,,,
57307,PAMPERS XL 2`S,1,29.52,40,9619,2026-06-01,1,1,,9310,2025-12-06,25-26/0000382,10315,AMALA STATIONERY,ANGADIKADAVU,,,
63274,GILLETTE FUSION 5,1,330,330,ABCD,2028-12-07,1,1,,171-5786496-0545122,2025-12-04,25-26/0000371,10325,AMAZON,,,,
63275,GILLETE FOAM SENSITIVE 418GM,1,200,265,ABCD,2028-12-07,1,1,,171-5786496-0545122,2025-12-04,25-26/0000371,10325,AMAZON,,,,
57564,HYDROZOLIN 25,65,31.5,60,HDR25001,2027-02-01,15,15,,25000730016794,2025-12-03,25-26/0000383,10312,JANATHA PHARMA,MANGLORE,KA-MN1-245544,29EKIPS0746F1ZT,
56726,ATOVASTRIN GOLD 20,23,35,75,CWSIH510,2027-07-01,15,15,,25000730016794,2025-12-03,25-26/0000383,10312,JANATHA PHARMA,MANGLORE,KA-MN1-245544,29EKIPS0746F1ZT,
59967,TELMISTRUM BISO 40/2.5,25,22,45,WBUM325001,2027-08-01,10,10,,25000730016794,2025-12-03,25-26/0000383,10312,JANATHA PHARMA,MANGLORE,KA-MN1-245544,29EKIPS0746F1ZT,
56699,B-CORT C CREAM,10,23,40,33713,2027-03-01,1,1,,25000730016794,2025-12-03,25-26/0000383,10312,JANATHA PHARMA,MANGLORE,KA-MN1-245544,29EKIPS0746F1ZT,
57396,POVIDEN  GEL,15,8,25,QO253,2027-04-01,1,1,,25000730016794,2025-12-03,25-26/0000383,10312,JANATHA PHARMA,MANGLORE,KA-MN1-245544,29EKIPS0746F1ZT,
61105,ATHI 5,8,11.25,25,BTH250402I,2027-09-01,10,10,,25000730016794,2025-12-03,25-26/0000383,10312,JANATHA PHARMA,MANGLORE,KA-MN1-245544,29EKIPS0746F1ZT,
57553,TELMISTRUM  MT 50,130,30,55,STR25002,2027-08-01,15,15,,25000730016794,2025-12-03,25-26/0000383,10312,JANATHA PHARMA,MANGLORE,KA-MN1-245544,29EKIPS0746F1ZT,
57399,STYLETAURINE ,30,29.25,60,293725014,2027-05-01,15,15,,25000730016794,2025-12-03,25-26/0000383,10312,JANATHA PHARMA,MANGLORE,KA-MN1-245544,29EKIPS0746F1ZT,
56681,CGLIM 2MG,8,3.5,12,CT25260889,2027-07-01,10,10,,25000730016794,2025-12-03,25-26/0000383,10312,JANATHA PHARMA,MANGLORE,KA-MN1-245544,29EKIPS0746F1ZT,
56750,BISCODINE 5,198,8,12,258TBF25001,2027-01-01,10,10,,25000730016794,2025-12-03,25-26/0000383,10312,JANATHA PHARMA,MANGLORE,KA-MN1-245544,29EKIPS0746F1ZT,
56941,THYRORISE 25,1,27.5,60,CWG01ADA,2027-07-01,1,1,,25000730016794,2025-12-03,25-26/0000383,10312,JANATHA PHARMA,MANGLORE,KA-MN1-245544,29EKIPS0746F1ZT,
56943,THYRORISE 75,5,41,70,HBH12Y001,2027-05-01,1,1,,25000730016794,2025-12-03,25-26/0000383,10312,JANATHA PHARMA,MANGLORE,KA-MN1-245544,29EKIPS0746F1ZT,
57219,FORDAY 1000 SR TAB,20,14.5,30,ST-27230,2028-03-01,10,10,,25000730016794,2025-12-03,25-26/0000383,10312,JANATHA PHARMA,MANGLORE,KA-MN1-245544,29EKIPS0746F1ZT,
56718,ST GLIPTIN 100/500,60,41.32,90,SIBP25379,2027-05-01,15,15,,25000730016794,2025-12-03,25-26/0000383,10312,JANATHA PHARMA,MANGLORE,KA-MN1-245544,29EKIPS0746F1ZT,
56858,EPTOIN 100,2,171.84,220,EPB25018,2028-07-01,1,1,,ME18625,2025-12-03,25-26/0000384,10314,MUDRA ENTERPRISES,,,,
57526,ASRUGEN EYE DROP,2,81.85,100,25110,2027-06-01,1,1,,ME18625,2025-12-03,25-26/0000384,10314,MUDRA ENTERPRISES,,,,
63276,ALKOF PLUS  SYRUP 100ML,2,18.75,55,25230113,2027-05-01,1,1,,ME18625,2025-12-03,25-26/0000384,10314,MUDRA ENTERPRISES,,,,
59939,ALKOF PLUS  SYRUP,5,15,38,25230024,2027-01-01,1,1,,ME18625,2025-12-03,25-26/0000384,10314,MUDRA ENTERPRISES,,,,
45994,LOPIPEN 2,46,4.3,10,DRT25262,2027-07-01,10,10,,ME18625,2025-12-03,25-26/0000384,10314,MUDRA ENTERPRISES,,,,
63278,MENSTRUAL CUP S I ACTIVE,1,198,280,MSCF005,2030-06-01,1,1,,ME18625,2025-12-03,25-26/0000384,10314,MUDRA ENTERPRISES,,,,
44732,DETTOL  60 ML,1,35.55,41,VD059,2029-03-01,1,1,,ME18625,2025-12-03,25-26/0000384,10314,MUDRA ENTERPRISES,,,,
57490,POLO MINT,72,4.18,5,53151519A,2026-06-01,1,1,,NAS14368,2025-12-08,25-26/0000385,10313,MINI AGENCIES,,,,
57720,FIGARO OLIVE OIL 200ML,3,330,379,L5641U,2028-10-30,1,1,,171-5786496-0545122,2025-12-04,25-26/0000371,10325,AMAZON,,,,
63283,DIVAA OD 750,30,184.64,258,N2501999,2027-05-01,10,10,,PD02281,2025-12-09,25-26/0000386,1107,NORTHERN PHARMA,KASARAGOD,0,0,0
61079,DERMADEW DIAPER CREAM,2,105.08,155,BO95,2027-05-01,1,1,,22093,2025-12-09,25-26/0000387,1100,MODERN PHARMA,KANNUR,0,32AAEFM3567C1ZN,0
62185,CANDIDERMA CREAM,3,92.5,121,11250670,2027-04-01,1,1,,22093,2025-12-09,25-26/0000387,1100,MODERN PHARMA,KANNUR,0,32AAEFM3567C1ZN,0
43903,BUDAMATE 200 INH,1,286.29,370,JB01779,2027-07-01,1,1,,PD02281,2025-12-09,25-26/0000386,1107,NORTHERN PHARMA,KASARAGOD,0,0,0
43903,BUDAMATE 200 INH,1,286.29,370,JB02389,2027-09-01,1,1,,PD02281,2025-12-09,25-26/0000386,1107,NORTHERN PHARMA,KASARAGOD,0,0,0
43886,FORACORT 400 INH,2,329.27,425,5SN1798,2028-07-01,1,1,,PD02281,2025-12-09,25-26/0000386,1107,NORTHERN PHARMA,KASARAGOD,0,0,0
61017,LIBIDUP CAP,5,554,667.3,OM2502,2026-10-01,15,15,,171-5786496-0545122,2025-12-04,25-26/0000371,10325,AMAZON,,,,
53489,ENSURE VANILA 375 GM,1,507.05,605,76041MN1,2026-10-01,1,1,,LP-25-45214,2025-12-09,25-26/0000389,1203,LINK PHARMA,KANNUR,,32AABFT3905A1ZK,
57825,CREMAFFIN PLUS SYP,1,257.37,320,802561D7,2028-07-01,1,1,,LP-25-45214,2025-12-09,25-26/0000389,1203,LINK PHARMA,KANNUR,,32AABFT3905A1ZK,
61065,SELSUN DAILY SHAMPOO,1,313.9,412,AUL0110,2027-05-01,1,1,,LP-25-45214,2025-12-09,25-26/0000389,1203,LINK PHARMA,KANNUR,,32AABFT3905A1ZK,
63286,RASHFREE 30GM,3,199,260,VF028,2027-08-01,1,1,,LP-25-45214,2025-12-09,25-26/0000389,1203,LINK PHARMA,KANNUR,,32AABFT3905A1ZK,
57803,SIMILAC ADVANCE 1,1,674.67,805,79002MN1,2027-01-01,1,1,,LP-25-45214,2025-12-09,25-26/0000389,1203,LINK PHARMA,KANNUR,,32AABFT3905A1ZK,
63287,CALRINE FORTE,5,139.29,180,MTT-9206,2027-05-01,15,15,,LP-25-45214,2025-12-09,25-26/0000389,1203,LINK PHARMA,KANNUR,,32AABFT3905A1ZK,
63288,DIABEND M,50,94.13,117.66,250048,2027-12-01,10,10,,171-5786496-0545122,2025-12-04,25-26/0000371,10325,AMAZON,,,,
57424,CILOSZONE 50,107,19.75,45,T250831,2027-02-01,10,10,,A002348,2025-12-09,25-26/0000390,10296,alka associates,,,,
61147,HIM ALOEVERA FACE WASH,1,74.5,95,B992501432,2028-09-01,1,1,,2500173004540,2025-12-11,25-26/0000391,10268,FATHIMA MATHA MEDICALS,,,,
61094,AMLOZEN 10,97,5,20,L3AB08,2026-03-01,10,10,,A002348,2025-12-09,25-26/0000390,10296,alka associates,,,,
63290,DIVANIST OD 500,40,28,60,T251404,2027-06-01,10,10,,A002348,2025-12-09,25-26/0000390,10296,alka associates,,,,
44367,DIVANIST OD 250,40,18,45,PGT25-2008C,2027-07-01,10,10,,A002348,2025-12-09,25-26/0000390,10296,alka associates,,,,
57375,GABANIST 100,170,13,25,T251107,2028-05-01,10,10,,A002348,2025-12-09,25-26/0000390,10296,alka associates,,,,
57289,PREGANIST SR 75,145,16,35,DJU01ABA,2027-03-01,10,10,,A002348,2025-12-09,25-26/0000390,10296,alka associates,,,,
57572,KIN PLUS,100,6.25,15,NB/240947,2027-02-01,10,10,,A002348,2025-12-09,25-26/0000390,10296,alka associates,,,,
63291,ZAPIX 25,100,11.75,25,NB/250726,2027-12-01,10,10,,A002348,2025-12-09,25-26/0000390,10296,alka associates,,,,
61097,GLICLAGLAZE M 80,240,32,60,AMN02BTA,2027-06-01,15,15,,A002348,2025-12-09,25-26/0000390,10296,alka associates,,,,
63293,GLIDAPA 3D 10/100/1000,75,70,140,BIL01AOA,2027-04-01,15,15,,A002348,2025-12-09,25-26/0000390,10296,alka associates,,,,
57513,MENTATIME 5,80,12.5,30,T250432,2027-01-01,10,10,,A002348,2025-12-09,25-26/0000390,10296,alka associates,,,,
59947,PREGABRIAL 50,100,14,45,BGSIE501,2027-04-01,10,10,,A002348,2025-12-09,25-26/0000390,10296,alka associates,,,,
57821,VALPOTREAT CR 300,20,21,48,TT241170,2026-06-01,10,10,,A002348,2025-12-09,25-26/0000390,10296,alka associates,,,,
47340,WARFELIX 3,110,6.5,18,T250672,2027-01-01,10,10,,A002348,2025-12-09,25-26/0000390,10296,alka associates,,,,
57531,VRIMET 500SR,128,16.5,30,PT-51645,2027-04-01,20,20,,A002348,2025-12-09,25-26/0000390,10296,alka associates,,,,
45454,BALASUDHA,3,28.5,37,23F,2026-08-01,1,1,,2500173004520,2025-12-10,25-26/0000392,10268,FATHIMA MATHA MEDICALS,,,,
63294,BALASUDHA CAP,2,68.5,96,04G,2027-07-01,1,1,,2500173004520,2025-12-10,25-26/0000392,10268,FATHIMA MATHA MEDICALS,,,,
43978,CATINA E/D,2,60.69,78,25123,2027-07-01,1,1,,2500173004520,2025-12-10,25-26/0000392,10268,FATHIMA MATHA MEDICALS,,,,
43881,EVION LC,91,49.6,65,5202C82302,2026-12-01,10,10,,2500173004520,2025-12-10,25-26/0000392,10268,FATHIMA MATHA MEDICALS,,,,
56813,KAYAM TAB 10`S,17,33.5,45,4997,2028-07-01,10,10,,2500173004520,2025-12-10,25-26/0000392,10268,FATHIMA MATHA MEDICALS,,,,
56877,RASNADI CHOORNAM,3,15,20,279,2027-02-01,1,1,,2500173004520,2025-12-10,25-26/0000392,10268,FATHIMA MATHA MEDICALS,,,,
44574,ELADI CANDY,200,142.85,200,B1562,2027-07-01,200,200,,2500173004520,2025-12-10,25-26/0000392,10268,FATHIMA MATHA MEDICALS,,,,
57025,HIM BABY BODY WASH,2,84.75,115,B992501126,2028-08-01,1,1,,2500173004520,2025-12-10,25-26/0000392,10268,FATHIMA MATHA MEDICALS,,,,
57826,HIM BABY POWDER 50GM,2,43.5,58,842501798,2028-07-01,1,1,,2500173004520,2025-12-10,25-26/0000392,10268,FATHIMA MATHA MEDICALS,,,,
57108,DEXOLAC 1 400GM,3,402.6,465,2508087901,2026-11-01,1,1,,25-26/29375,2025-12-12,25-26/0000393,1126,RAM AGENCIES,KANNUR,0,32AACFR7971D1ZA,0
57111,DEXOLAC 4 400GM,2,402.6,465,2509237901,2026-12-01,1,1,,25-26/29375,2025-12-12,25-26/0000393,1126,RAM AGENCIES,KANNUR,0,32AACFR7971D1ZA,0
62205,COOL WAVE POWDER 75GM LAVENDER,2,36,70,CLS02,2027-01-01,1,1,,AP2096,2025-12-11,25-26/0000394,10326,AROGYA PHARMACEUTICALS,,,,
57694,LACTOFIGHT SOLN 200ML,1,175,210,LTF24005,2026-10-01,1,1,,AP2096,2025-12-11,25-26/0000394,10326,AROGYA PHARMACEUTICALS,,,,
57695,LACTOFIGHT SOLN 100ML,6,90,120,LTF25005,2027-04-01,1,1,,AP2096,2025-12-11,25-26/0000394,10326,AROGYA PHARMACEUTICALS,,,,
63296,NAPROPASS 250,59,40,70,IF754002,2026-04-01,15,15,,AP2096,2025-12-11,25-26/0000394,10326,AROGYA PHARMACEUTICALS,,,,
63297,NAPROPASS 500,65,70,100,G3984008,2026-08-01,15,15,,AP2096,2025-12-11,25-26/0000394,10326,AROGYA PHARMACEUTICALS,,,,
57696,PANGNOR JOINT GEL,2,62,95,92533,2027-08-01,1,1,,AP2096,2025-12-11,25-26/0000394,10326,AROGYA PHARMACEUTICALS,,,,
56872,SANITIZER 50ML SMART,12,36,50,SAHS510,2028-07-01,1,1,,AP2096,2025-12-11,25-26/0000394,10326,AROGYA PHARMACEUTICALS,,,,
56800,TICTAC STRAWBERRY,4,15.31,18,12,2026-06-01,1,1,,ASP04842,2025-12-12,25-26/0000395,10313,MINI AGENCIES,,,,
56785,NAN PRO 2,2,659.68,755,52870453J1,2026-08-01,1,1,,NAS14671,2025-12-12,25-26/0000396,10313,MINI AGENCIES,,,,
57228,NAN PRO 4,1,659.68,755,53130453L1,2026-06-01,1,1,,NAS14671,2025-12-12,25-26/0000396,10313,MINI AGENCIES,,,,
56791,CERELAC STAGE 2(8+)WHEAT APPLE CHERRY,1,253.39,290,52880453A7,2026-10-01,1,1,,NAS14671,2025-12-12,25-26/0000396,10313,MINI AGENCIES,,,,
46152,CALCIMIN D JAR,2,133.33,160,152,2027-05-01,1,1,,4270,2025-12-12,25-26/0000397,10302,english pharma,,,,
57079,SPEED UP 440G,4,224,280,25V017,2027-08-01,1,1,,4270,2025-12-12,25-26/0000397,10302,english pharma,,,,
57782,LYSETIK 15ML,1,42.67,56,MTL25009,2027-06-01,1,1,,4270,2025-12-12,25-26/0000397,10302,english pharma,,,,
57092,SALMOCOAT 200ML,2,320,400,CSC25004,2027-07-01,1,1,,4270,2025-12-12,25-26/0000397,10302,english pharma,,,,
63301,VITABEST 150ML,1,162.71,240,CH170,2026-05-01,1,1,,4270,2025-12-12,25-26/0000397,10302,english pharma,,,,
45909,AGRIMIN FORTE 1 KG,1,184,230,RN2251,2027-06-01,1,1,,4270,2025-12-12,25-26/0000397,10302,english pharma,,,,
63300,GESTAFORTE PLUS BOLUS 4`S,20,30.4,38,PTG25016,2028-03-01,4,4,,4270,2025-12-12,25-26/0000397,10302,english pharma,,,,
63248,NICOSIP 2,200,49,80,L50002,2027-08-01,10,10,,980,2025-12-12,25-26/0000398,10283,MADHAVI ENTERPRISES,,,,9496360332
44244,NAZOHIST F N/D,2,148,220,2506203,2027-05-01,1,1,,980,2025-12-12,25-26/0000398,10283,MADHAVI ENTERPRISES,,,,9496360332
57181,KNEE CAP L LEEFORD,1,205,260,FL05-L/095,2030-09-01,1,1,,980,2025-12-12,25-26/0000398,10283,MADHAVI ENTERPRISES,,,,9496360332
62187,DOXYNEC CAP,40,45,80,8045003,2027-05-01,10,10,,980,2025-12-12,25-26/0000398,10283,MADHAVI ENTERPRISES,,,,9496360332
45957,ULTRADENT PASTE,4,38,75,BLBY5001,2027-02-01,1,1,,980,2025-12-12,25-26/0000398,10283,MADHAVI ENTERPRISES,,,,9496360332
62187,DOXYNEC CAP,40,45,80,8045003,2027-05-01,10,10,,980,2025-12-12,25-26/0000398,10283,MADHAVI ENTERPRISES,,,,9496360332
57036,YARDLEY SOAP,2,50,62,12,2026-08-01,1,1,,171-5786496-0545122,2025-12-04,25-26/0000371,10325,AMAZON,,,,
61038,PAMPERS NB 86`S,2,582,949,52297665B1,2028-08-01,1,1,,171-5786496-0545122,2025-12-04,25-26/0000371,10325,AMAZON,,,,
61028,PAMPERS M 76`S,1,770,1049,74526,2028-09-01,1,1,,171-5786496-0545122,2025-12-04,25-26/0000371,10325,AMAZON,,,,
63309,PAMPERS XXL 42`S,2,780,1049,52897665A1,2028-10-01,1,1,,171-5786496-0545122,2025-12-04,25-26/0000371,10325,AMAZON,,,,
63310,CAP SURGEONS,90,2.5,8,CAP/0324,2030-12-01,1,1,,2500173004298,2025-11-27,25-26/0000399,10268,FATHIMA MATHA MEDICALS,,,,
43860,SYRINGE 10ML,4,6,10,522104ED1,2030-04-01,1,1,,2500173004298,2025-11-27,25-26/0000399,10268,FATHIMA MATHA MEDICALS,,,,
59984,CLOSE UP 90GM,5,46.67,55,3306,2028-06-01,1,1,,9599,2025-12-15,25-26/0000400,10315,AMALA STATIONERY,ANGADIKADAVU,,,
56987,WHISPER CHOICE ULTRA 50,6,40,50,9619,2028-06-01,1,1,,9599,2025-12-15,25-26/0000400,10315,AMALA STATIONERY,ANGADIKADAVU,,,
56978,PAMPERS NB 8`S,5,74.28,100,9619,2028-06-01,1,1,,9599,2025-12-15,25-26/0000400,10315,AMALA STATIONERY,ANGADIKADAVU,,,
63313,PAMPERS NB 2`S,7,14.76,20,9619,2028-06-01,1,1,,9599,2025-12-15,25-26/0000400,10315,AMALA STATIONERY,ANGADIKADAVU,,,
56975,PAMPERS S 2`S ,3,16.91,23,9619,2028-06-01,1,1,,9599,2025-12-15,25-26/0000400,10315,AMALA STATIONERY,ANGADIKADAVU,,,
56982,PAMPERS XL 7`S,1,119.05,159,9619,2028-06-01,1,1,,9599,2025-12-15,25-26/0000400,10315,AMALA STATIONERY,ANGADIKADAVU,,,
59980,AJAY TOOTH BRUSH,12,13.1,22,9603,2028-06-01,1,1,,9599,2025-12-15,25-26/0000400,10315,AMALA STATIONERY,ANGADIKADAVU,,,
56818,DABUR HERBAL PASTE 100GM,1,47.92,57,BD0505,2027-01-01,1,1,,9599,2025-12-15,25-26/0000400,10315,AMALA STATIONERY,ANGADIKADAVU,,,
63314,TEDDY DIAPER XL 54`S,1,490,749,CGO172,2028-07-01,1,1,,171-5786496-0545122,2025-12-04,25-26/0000371,10325,AMAZON,,,,
63315,LEFRA 20,50,229.98,301.85,2GP8M005,2027-06-01,10,10,,PD02349,2025-12-16,25-26/0000401,1107,NORTHERN PHARMA,KASARAGOD,0,0,0
57643,GLYKIND M TAB,58,70.63,92,C5AGY105,2027-07-01,10,10,,PD02349,2025-12-16,25-26/0000401,1107,NORTHERN PHARMA,KASARAGOD,0,0,0
43761,SEROFLO 250 RC,2,409.89,520,5SA0758,2027-02-01,1,1,,PD02349,2025-12-16,25-26/0000401,1107,NORTHERN PHARMA,KASARAGOD,0,0,0
44791,DUOLIN R/C,1,187.4,225,5BA1620,2027-06-01,1,1,,PD02349,2025-12-16,25-26/0000401,1107,NORTHERN PHARMA,KASARAGOD,0,0,0
57006,ADULT DIAPER STICK ON L B-FIT ,1,0,300,123,2028-06-01,1,1,,,,25-26/0000001,0,,,,,
63317,LOOZ LACTULOSE SOLUTION 240ML,1,240,315,L3025369,2027-08-01,1,1,,DL-25-40200,2025-12-15,25-26/0000402,1041,DRUG LINK,KANNUR,0,32AACFD4259N1ZC,0
48441,ORS JUICE,8,18,30,CPO250412,2026-09-01,1,1,,1001,2025-12-17,25-26/0000404,10283,MADHAVI ENTERPRISES,,,,9496360332
63318,NETACAINE SYP,3,36,65,02AW2501,2027-04-01,1,1,,1001,2025-12-17,25-26/0000404,10283,MADHAVI ENTERPRISES,,,,9496360332
63319,ANKLE CAP S,2,118,150,AC1025/26,2030-05-01,1,1,,1001,2025-12-17,25-26/0000404,10283,MADHAVI ENTERPRISES,,,,9496360332
63320,ANKLE CAP M,3,115,150,AAC 10-24/25,2029-09-01,1,1,,1001,2025-12-17,25-26/0000404,10283,MADHAVI ENTERPRISES,,,,9496360332
63247,ANKLE CAP L,2,118,160,AAC-10-25/26,2030-04-01,1,1,,1001,2025-12-17,25-26/0000404,10283,MADHAVI ENTERPRISES,,,,9496360332
63321,ANKLE CAP XL,2,115,160,ACWB102324,2028-11-01,1,1,,1001,2025-12-17,25-26/0000404,10283,MADHAVI ENTERPRISES,,,,9496360332
57273,VANTEJ TOOTH PASTE 100GM,1,272.76,350,BBV25178,2027-08-01,1,1,,DL-25-40200,2025-12-15,25-26/0000402,1041,DRUG LINK,KANNUR,0,32AACFD4259N1ZC,0
56814,GLUCORADE SHOTS ORANGE,4,144.95,200,O-25180,2026-10-01,20,20,,B2C-1496/25-26,2025-12-16,25-26/0000408,1052,GENERAL TRADE LINKS,KANNUR,0,32AAEFG2263D1ZI,0
45461,HEALTH MIX POWDER,1,132,170,K02,2026-10-01,1,1,,B2C-1496/25-26,2025-12-16,25-26/0000408,1052,GENERAL TRADE LINKS,KANNUR,0,32AAEFG2263D1ZI,0
45462,HEALTH MIX GRANULES,1,188,240,K06,2026-10-01,1,1,,B2C-1496/25-26,2025-12-16,25-26/0000408,1052,GENERAL TRADE LINKS,KANNUR,0,32AAEFG2263D1ZI,0
63329,CHUKKU KAPPI ALIF,3,11,15,1,2026-04-01,1,1,,B2C-1496/25-26,2025-12-16,25-26/0000408,1052,GENERAL TRADE LINKS,KANNUR,0,32AAEFG2263D1ZI,0
63330,INDIGO LEAF POWDER,1,46.67,60,SHP368,2028-12-01,1,1,,B2C-1496/25-26,2025-12-16,25-26/0000408,1052,GENERAL TRADE LINKS,KANNUR,0,32AAEFG2263D1ZI,0
56830,NJARAMBENNA 25ML,11,29.46,38,K03,2028-10-01,1,1,,B2C-1496/25-26,2025-12-16,25-26/0000408,1052,GENERAL TRADE LINKS,KANNUR,0,32AAEFG2263D1ZI,0
56831,MURIVENNA 25ML,9,31.5,40,K02,2028-11-01,1,1,,B2C-1496/25-26,2025-12-16,25-26/0000408,1052,GENERAL TRADE LINKS,KANNUR,0,32AAEFG2263D1ZI,0
56820,NEELABRINGADI 200ML,3,210,270,4799,2028-09-01,1,1,,B2C-1496/25-26,2025-12-16,25-26/0000408,1052,GENERAL TRADE LINKS,KANNUR,0,32AAEFG2263D1ZI,0
45467,NEELABRINGADI 100 ML,2,117,150,4799,2028-09-01,1,1,,B2C-1496/25-26,2025-12-16,25-26/0000408,1052,GENERAL TRADE LINKS,KANNUR,0,32AAEFG2263D1ZI,0
56804,AROW-RT 50GM,2,73.21,95,F02,2026-12-01,1,1,,B2C-1496/25-26,2025-12-16,25-26/0000408,1052,GENERAL TRADE LINKS,KANNUR,0,32AAEFG2263D1ZI,0
63331,MAXGALIN 50,50,97.28,130.31,GTG2439A,2029-01-01,10,10,,IL-25-41269,2025-12-15,25-26/0000403,1060,INTER LINK,KANNUR,0,32AABFI5741B1ZO,0
63311,LIV 52  SYRUP 200ML,1,179.2,230,111250718,2028-05-01,1,1,,2500173004679,2025-12-18,25-26/0000409,10268,FATHIMA MATHA MEDICALS,,,,
63311,LIV 52  SYRUP 200ML,1,179.2,230,111250823,2028-06-01,1,1,,2500173004679,2025-12-18,25-26/0000409,10268,FATHIMA MATHA MEDICALS,,,,
57586,NURO LC,100,16.5,70,MHT-24448,2026-11-01,10,10,,A002412,2025-12-16,25-26/0000410,10296,alka associates,,,,
63334,RELIPOIETIN 4000 IU INJ,4,125,250,EPS1C25028,2028-08-01,1,1,,A002412,2025-12-16,25-26/0000410,10296,alka associates,,,,
57576,BENIPRIME 8,100,16.5,40,HASIA501,2026-12-01,10,10,,A002412,2025-12-16,25-26/0000410,10296,alka associates,,,,
63335,BENOTIAMINE PLUS CAP,35,46,80,300025007,2027-01-01,10,10,,A002412,2025-12-16,25-26/0000410,10296,alka associates,,,,
57577,BUDEPRESS RESPULES,25,27.5,75,EG50118,2027-07-01,5,5,,A002412,2025-12-16,25-26/0000410,10296,alka associates,,,,
57824,ROUSTRIN GOLD 20,5,44,75,YBBO02,2026-05-01,15,15,,A002412,2025-12-16,25-26/0000410,10296,alka associates,,,,
56754,TASMULINE D,5,13.5,45,TNU24002,2026-05-01,10,10,,A002412,2025-12-16,25-26/0000410,10296,alka associates,,,,
59966,HIM BABY SOAP REFRESHING 75GM,1,47.5,62,109250590,2028-10-01,1,1,,2500173004679,2025-12-18,25-26/0000409,10268,FATHIMA MATHA MEDICALS,,,,
63336,HIM BABY SOAP NOURISHING 125GM,1,68,89,272400667,2027-11-01,1,1,,2500173004679,2025-12-18,25-26/0000409,10268,FATHIMA MATHA MEDICALS,,,,
57630,BAND AID WASHPROOF,200,110,250,MW24-108,2028-02-01,100,100,,2500173004679,2025-12-18,25-26/0000409,10268,FATHIMA MATHA MEDICALS,,,,
45143,BAND AID,100,1,2,MM24-111,2028-05-01,1,1,,2500173004679,2025-12-18,25-26/0000409,10268,FATHIMA MATHA MEDICALS,,,,
57270,SIMILAC 4,1,460.95,550,80016MN1,2027-01-01,1,1,,LP-25-46878,2025-12-18,25-26/0000412,1203,LINK PHARMA,KANNUR,,32AABFT3905A1ZK,
61118,ENSURE CHOCOLATE 375GM,1,512,640,76046MN2,2026-10-01,1,1,,LP-25-46878,2025-12-18,25-26/0000412,1203,LINK PHARMA,KANNUR,,32AABFT3905A1ZK,
63339,K GLIM M2,30,53.57,68,ZUZ2552,2027-08-01,15,15,,LP-25-46878,2025-12-18,25-26/0000412,1203,LINK PHARMA,KANNUR,,32AABFT3905A1ZK,
63340,TENEBLU TAB,35,50.71,66.56,ZABP2509,2027-05-01,15,15,,LP-25-46878,2025-12-18,25-26/0000412,1203,LINK PHARMA,KANNUR,,32AABFT3905A1ZK,
57651,DEXORANGE SYP,2,150.7,192,KO165056,2026-12-01,1,1,,LP-25-46878,2025-12-18,25-26/0000412,1203,LINK PHARMA,KANNUR,,32AABFT3905A1ZK,
63342,BETNOVATE  S OINT,2,34.46,45,MG2W,2027-01-01,1,1,,LP-25-46878,2025-12-18,25-26/0000412,1203,LINK PHARMA,KANNUR,,32AABFT3905A1ZK,
63343,COBADEX CZS,60,88.71,116,EJ2522,2027-02-01,15,15,,LP-25-46878,2025-12-18,25-26/0000412,1203,LINK PHARMA,KANNUR,,32AABFT3905A1ZK,
63344,NIPCARE OINT,1,141,190,N197,2027-06-01,1,1,,LP-25-46878,2025-12-18,25-26/0000412,1203,LINK PHARMA,KANNUR,,32AABFT3905A1ZK,
57485,DIPROBATE G PLUS CREAM,2,82.14,105,PSC0134,2027-07-01,1,1,,LP-25-46878,2025-12-18,25-26/0000412,1203,LINK PHARMA,KANNUR,,32AABFT3905A1ZK,
63345,CHYMORAL AP ,60,136.57,179,25S2GTB401,2027-05-01,10,10,,LP-25-46878,2025-12-18,25-26/0000412,1203,LINK PHARMA,KANNUR,,32AABFT3905A1ZK,
57275,CHYMORAL PLUS,75,170.78,224,WBB2F017,2027-06-01,15,15,,LP-25-46878,2025-12-18,25-26/0000412,1203,LINK PHARMA,KANNUR,,32AABFT3905A1ZK,
43899,BUDAMATE 100 R/C,1,105.45,136,UB02092,2027-08-01,1,1,,IL-25-41848,2025-12-18,25-26/0000414,1060,INTER LINK,KANNUR,0,32AABFI5741B1ZO,0
45269,SMUTH CREAM,4,118.86,145,S3911,2027-08-01,1,1,,IL-25-41848,2025-12-18,25-26/0000414,1060,INTER LINK,KANNUR,0,32AABFI5741B1ZO,0
57539,MACGESIA OIL,5,136.78,179,MAC25017,2028-05-01,1,1,,IL-25-41848,2025-12-18,25-26/0000414,1060,INTER LINK,KANNUR,0,32AABFI5741B1ZO,0
57597,BREVIPIL 50,16,152.14,200,GTG2167A,2027-06-01,10,10,,IL-25-41848,2025-12-18,25-26/0000414,1060,INTER LINK,KANNUR,0,32AABFI5741B1ZO,0
57311,SENSODYNE FRESHMINT 75G,1,103.105,124.5,33061020,2026-06-01,1,1,,A12685-25/26,2025-12-19,25-26/0000416,10321,BHARATHI SALES CORPERATION,12/171-A4,11318013000469,32BVCPC2400G1ZK,9895961146
57317,SENSODYNE RAPID RELIF 80G,2,154.746,187,GJHK,2026-06-01,1,1,,A12685-25/26,2025-12-19,25-26/0000416,10321,BHARATHI SALES CORPERATION,12/171-A4,11318013000469,32BVCPC2400G1ZK,9895961146
63346,SENSODINE BRUSH DEEP CLEAN 75/-,3,53.619,76,GFH,2028-06-01,1,1,,A12685-25/26,2025-12-19,25-26/0000416,10321,BHARATHI SALES CORPERATION,12/171-A4,11318013000469,32BVCPC2400G1ZK,9895961146
63272,PARACHUTE 175ML,1,100,115,1513,2028-06-01,1,1,,9885,2025-12-20,25-26/0000417,10315,AMALA STATIONERY,ANGADIKADAVU,,,
57049,POCKET TISSUE,25,40.68,100,9619,2028-06-01,10,10,,9885,2025-12-20,25-26/0000417,10315,AMALA STATIONERY,ANGADIKADAVU,,,
57313,SENSODYNE FRESHGEL 40G,3,73.33,95,33061020,2026-06-01,1,1,,9885,2025-12-20,25-26/0000417,10315,AMALA STATIONERY,ANGADIKADAVU,,,
63347,TYREL 100ML,3,53.33,70,25T047,2028-08-01,1,1,,NP2223-5453,2025-12-20,25-26/0000418,1105,NEW PHARMA,MAIN ROAD IRITTY,0,0,0
57333,FURGLOW 200ML,2,257.62,380,PP2500133,2028-11-01,1,1,,NP2223-5453,2025-12-20,25-26/0000418,1105,NEW PHARMA,MAIN ROAD IRITTY,0,0,0
63348,MINTHAL 3000 BOLUS,2,26.86,41,CM5444001,2027-12-01,1,1,,NP2223-5453,2025-12-20,25-26/0000418,1105,NEW PHARMA,MAIN ROAD IRITTY,0,0,0
63349,GOLDEN PEEL OFF MASK BEILINGMEI,3,150,220,BL3,2027-08-20,1,1,,171503922658163314,2025-12-20,25-26/0000419,10325,AMAZON,,,,
63244,HEALTH OK,4,230,310,0JA1Y010,2027-04-01,1,1,,171503922658163314,2025-12-20,25-26/0000419,10325,AMAZON,,,,
63352,HAIR SERUM PARACHUTE 100ML,1,180,250,"A004,L2",2028-11-01,1,1,,171503922658163314,2025-12-20,25-26/0000419,10325,AMAZON,,,,
63357,NICOCHUK 2MG,10,33.12,80,S50001,2027-01-01,10,10,,25000730018025,2025-12-18,25-26/0000420,10312,JANATHA PHARMA,MANGLORE,KA-MN1-245544,29EKIPS0746F1ZT,
56954,NITROQUICK 6.4,5,33.75,65,BTH01ASA,2027-07-01,1,1,,25000730018025,2025-12-18,25-26/0000420,10312,JANATHA PHARMA,MANGLORE,KA-MN1-245544,29EKIPS0746F1ZT,
44469,KNEE CAP L,2,78,150,KP-E25308,2027-05-01,1,1,,25000730018025,2025-12-18,25-26/0000420,10312,JANATHA PHARMA,MANGLORE,KA-MN1-245544,29EKIPS0746F1ZT,
44470,KNEE CAP M,3,78,150,KP-F25309,2028-06-01,1,1,,25000730018025,2025-12-18,25-26/0000420,10312,JANATHA PHARMA,MANGLORE,KA-MN1-245544,29EKIPS0746F1ZT,
44485,KNEE CAP XL,3,78,150,KP-H25307,2028-08-01,1,1,,25000730018025,2025-12-18,25-26/0000420,10312,JANATHA PHARMA,MANGLORE,KA-MN1-245544,29EKIPS0746F1ZT,
56898,TEROMIDE PLUS 10,347,51.73,90,TYM2504,2027-06-01,20,20,,25000730018025,2025-12-18,25-26/0000420,10312,JANATHA PHARMA,MANGLORE,KA-MN1-245544,29EKIPS0746F1ZT,
56945,THYRORISE 125,4,59,90,CWG02AAA,2027-04-01,1,1,,25000730018025,2025-12-18,25-26/0000420,10312,JANATHA PHARMA,MANGLORE,KA-MN1-245544,29EKIPS0746F1ZT,
56666,ERITOCOX 90,64,21,50,AQAFY001,2027-05-01,10,10,,25000730018025,2025-12-18,25-26/0000420,10312,JANATHA PHARMA,MANGLORE,KA-MN1-245544,29EKIPS0746F1ZT,
56938,STERISCOX MR4,2,46.55,80,STN125002,2027-05-01,10,10,,25000730018025,2025-12-18,25-26/0000420,10312,JANATHA PHARMA,MANGLORE,KA-MN1-245544,29EKIPS0746F1ZT,
56763,LEFLUNOMILE 20,100,26.44,60,258TLF24001,2026-11-01,10,10,,25000730018025,2025-12-18,25-26/0000420,10312,JANATHA PHARMA,MANGLORE,KA-MN1-245544,29EKIPS0746F1ZT,
63358,SULFASALAZ 1000,120,78.75,140,T252698,2027-08-01,15,15,,25000730018025,2025-12-18,25-26/0000420,10312,JANATHA PHARMA,MANGLORE,KA-MN1-245544,29EKIPS0746F1ZT,
56757,SEIZMET GP2,10,21.9,70,STL25001,2027-04-01,15,15,,25000730018025,2025-12-18,25-26/0000420,10312,JANATHA PHARMA,MANGLORE,KA-MN1-245544,29EKIPS0746F1ZT,
56953,VOGLISLOW 0.3,100,7.5,20,PX8LM02,2026-06-01,10,10,,25000730018025,2025-12-18,25-26/0000420,10312,JANATHA PHARMA,MANGLORE,KA-MN1-245544,29EKIPS0746F1ZT,
57401,TELMISTRUM BISO 40/5,80,23.44,45,BIL1ALA,2027-04-01,10,10,,25000730018025,2025-12-18,25-26/0000420,10312,JANATHA PHARMA,MANGLORE,KA-MN1-245544,29EKIPS0746F1ZT,
56725,ATOVASTRIN GOLD 10,43,36.5,70,CVSID503,2027-03-01,15,15,,25000730018025,2025-12-18,25-26/0000420,10312,JANATHA PHARMA,MANGLORE,KA-MN1-245544,29EKIPS0746F1ZT,
63360,DESOLATE M,63,23.12,45,YT907,2027-05-01,10,10,,25000730018025,2025-12-18,25-26/0000420,10312,JANATHA PHARMA,MANGLORE,KA-MN1-245544,29EKIPS0746F1ZT,
57220,TICAGROWN 90,97,70,110,EMV240979B,2027-04-01,14,14,,25000730018025,2025-12-18,25-26/0000420,10312,JANATHA PHARMA,MANGLORE,KA-MN1-245544,29EKIPS0746F1ZT,
56940,DRAWBONE SOFTGEL,68,11.5,45,BSG250533,2027-03-01,10,10,,25000730018025,2025-12-18,25-26/0000420,10312,JANATHA PHARMA,MANGLORE,KA-MN1-245544,29EKIPS0746F1ZT,
57609,APIXAZEN 2.5,130,12,45,AMN02BGA,2027-05-01,10,10,,25000730018025,2025-12-18,25-26/0000420,10312,JANATHA PHARMA,MANGLORE,KA-MN1-245544,29EKIPS0746F1ZT,
56939,UDCHOLIC 150,36,74.5,100,337524001,2026-08-01,15,15,,25000730018025,2025-12-18,25-26/0000420,10312,JANATHA PHARMA,MANGLORE,KA-MN1-245544,29EKIPS0746F1ZT,
56769,GLISITAPTIN 50,7,32,70,AMN01BYA,2027-02-01,15,15,,25000730018025,2025-12-18,25-26/0000420,10312,JANATHA PHARMA,MANGLORE,KA-MN1-245544,29EKIPS0746F1ZT,
56746,NORTIFRENCH 400,60,25,50,T-2504150/A,2027-03-01,10,10,,25000730018025,2025-12-18,25-26/0000420,10312,JANATHA PHARMA,MANGLORE,KA-MN1-245544,29EKIPS0746F1ZT,
63361,LUVLAP DIAPER PANT L 7`S,3,54.45,92.81,LLEL7/0524,2026-09-01,1,1,,25000730018025,2025-12-18,25-26/0000420,10312,JANATHA PHARMA,MANGLORE,KA-MN1-245544,29EKIPS0746F1ZT,
63362,LUVLAP DIAPER PANT XL 6`S,1,54.45,92.81,LLEXL7/0524,2026-09-01,1,1,,25000730018025,2025-12-18,25-26/0000420,10312,JANATHA PHARMA,MANGLORE,KA-MN1-245544,29EKIPS0746F1ZT,
63363,LUVLAP DIAPER PANT S 38`S,2,230,374.06,LLS38,2030-01-01,1,1,,25000730018025,2025-12-18,25-26/0000420,10312,JANATHA PHARMA,MANGLORE,KA-MN1-245544,29EKIPS0746F1ZT,
63364,LUVLAP DIAPER PANT M 34`S,3,230,399,LLM55/00,2030-01-01,1,1,,25000730018025,2025-12-18,25-26/0000420,10312,JANATHA PHARMA,MANGLORE,KA-MN1-245544,29EKIPS0746F1ZT,
63366,LUVLAP DIAPER PANT XL 26`S,3,230,374.06,96190030,2030-01-01,1,1,,25000730018025,2025-12-18,25-26/0000420,10312,JANATHA PHARMA,MANGLORE,KA-MN1-245544,29EKIPS0746F1ZT,
56728,REVOSTATIN GOLD 10,38,34,70,RGSIG403,2026-06-01,15,15,,25000730018025,2025-12-18,25-26/0000420,10312,JANATHA PHARMA,MANGLORE,KA-MN1-245544,29EKIPS0746F1ZT,
56778,ORS 21.8,35,9.5,20,ACT250401,2028-02-01,1,1,,250017300884,2025-12-22,25-26/0000421,10322,MED WORLD PHARMA,,,,
44045,AMLIP 2.5,80,6.17,15,c131341,2026-09-01,10,10,,250017300884,2025-12-22,25-26/0000421,10322,MED WORLD PHARMA,,,,
57624,COSART 50,10,20.99,40,5BA1412,2027-05-01,10,10,,250017300884,2025-12-22,25-26/0000421,10322,MED WORLD PHARMA,,,,
61019,CLOVIS ROLL ON,2,74.89,110,25H03B,2027-07-01,1,1,,250017300884,2025-12-22,25-26/0000421,10322,MED WORLD PHARMA,,,,
63371,DOLPRO CAP,66,30.68,60,CG25-0226B,2026-12-01,10,10,,250017300884,2025-12-22,25-26/0000421,10322,MED WORLD PHARMA,,,,
63372,OMNIGEL SPRAY 78ML,5,112.54,200,OMG24043,2026-06-01,1,1,,250017300889,2025-12-22,25-26/0000422,10322,MED WORLD PHARMA,,,,
56940,DRAWBONE SOFTGEL,100,11.5,45,BSG250533,2027-03-01,10,10,,25000730018025,2025-12-18,25-26/0000420,10312,JANATHA PHARMA,MANGLORE,KA-MN1-245544,29EKIPS0746F1ZT,
57789,ADULT DIAPER PANTS XL SHIELD,6,165,270,TY8TT,2028-06-01,1,1,,171503922658163314,2025-12-20,25-26/0000419,10325,AMAZON,,,,
63373,HORLICKS VALUE PACK 750G,2,283,385,1128D,2027-02-01,1,1,,171503922658163314,2025-12-20,25-26/0000419,10325,AMAZON,,,,
56787,NAN PRO 3,1,659.68,755,52810453J1,2026-08-01,1,1,,NAS15192,2025-12-22,25-26/0000423,10313,MINI AGENCIES,,,,
56791,CERELAC STAGE 2(8+)WHEAT APPLE CHERRY,2,253.39,290,52880453A7,2026-11-01,1,1,,NAS15192,2025-12-22,25-26/0000423,10313,MINI AGENCIES,,,,
56788,CERELAC STAGE 1(6+) WHEAT APPLE,2,231.54,265,52170453A7G,2026-10-01,1,1,,NAS15192,2025-12-22,25-26/0000423,10313,MINI AGENCIES,,,,
57490,POLO MINT,72,4.18,5,53151519A,2026-06-01,1,1,,NAS15192,2025-12-22,25-26/0000423,10313,MINI AGENCIES,,,,
57113,CERELAC STAGE 4(12+)MIXED FRUIT,1,257.75,295,52700451DA,2026-09-01,1,1,,NAS15192,2025-12-22,25-26/0000423,10313,MINI AGENCIES,,,,
57814,KNEE CAP M DYNA,1,197.5,280,dks016-0724,2029-07-01,1,1,,25-22088,2025-12-23,25-26/0000425,10328,LINK SURGICALS,,,,
57813,KNEE CAP XL DYNA,1,197.5,280,DKS038-0225,2030-01-01,1,1,,25-22088,2025-12-23,25-26/0000425,10328,LINK SURGICALS,,,,
57815,KNEE CAP L DYNA,1,197.5,280,dks022-0625,2029-07-01,1,1,,25-22088,2025-12-23,25-26/0000425,10328,LINK SURGICALS,,,,
57802,PEDIASURE VANILA 375GM,1,488.47,582.84,76048MN2,2026-10-01,1,1,,LP-25-47807,2025-12-23,25-26/0000426,1203,LINK PHARMA,KANNUR,,32AABFT3905A1ZK,
57658,DEROBIN OINT,3,99.64,130,D5516,2027-08-01,1,1,,LP-25-47807,2025-12-23,25-26/0000426,1203,LINK PHARMA,KANNUR,,32AABFT3905A1ZK,
56638,SPIRIT,4,30,60,FS014,2026-07-01,1,1,,178,2025-12-24,25-26/0000427,10311,MALABAR PHARMA,"CASA MARINA COMPLEX,THALAP,KANNUR",WLF20B2024KL001695,32BQKPN5471R1Z3,9037573266
44421,CLOZOLE B LOTION,5,26,45,C285,2027-04-01,1,1,,178,2025-12-24,25-26/0000427,10311,MALABAR PHARMA,"CASA MARINA COMPLEX,THALAP,KANNUR",WLF20B2024KL001695,32BQKPN5471R1Z3,9037573266
62193,CALIPEX TAB,10,9,30,T250719A,2027-06-01,15,15,,A002487,2025-12-22,25-26/0000428,10296,alka associates,,,,
57297,AZATHIOPRIME 50,50,17,50,24346,2026-09-01,10,10,,A002487,2025-12-22,25-26/0000428,10296,alka associates,,,,
57262,KETONALOG ALFA ,11,53,85,AMN07BOA,2027-04-01,10,10,,A002487,2025-12-22,25-26/0000428,10296,alka associates,,,,
56974,AIRFLOW 100 R/C,3,59,110,SHC-AF110,2027-08-01,1,1,,A002487,2025-12-22,25-26/0000428,10296,alka associates,,,,
43753,PILEX TAB ,3,179.5,220,106250795,2028-06-01,1,1,,2500173004846,2025-12-26,25-26/0000429,10268,FATHIMA MATHA MEDICALS,,,,
63234,VOLINI MAX SPRAY,3,84.29,105,GSC0084,2028-01-01,1,1,,2500173004839,2025-12-26,25-26/0000430,10268,FATHIMA MATHA MEDICALS,,,,
57529,BARLEY POWDER 100 GM,1,37,50,827,2026-09-01,1,1,,2500173004839,2025-12-26,25-26/0000430,10268,FATHIMA MATHA MEDICALS,,,,
57527,PANKAJA KASTHURI HONEY COUGH SYRUP ,2,59.48,75,A002625,2027-04-01,1,1,,2500173004812,2025-12-24,25-26/0000431,10268,FATHIMA MATHA MEDICALS,,,,
48375,ALCID MPS,2,35,65,NAL25013RH,2027-02-01,1,1,,2500173004812,2025-12-24,25-26/0000431,10268,FATHIMA MATHA MEDICALS,,,,
56845,HIM BABY SHAMPOO,1,81.5,115,B592500866,2028-06-01,1,1,,2500173004812,2025-12-24,25-26/0000431,10268,FATHIMA MATHA MEDICALS,,,,
44278,DIGENE TAB,7,21.25,29,792013D7,2028-06-01,15,15,,2500173004812,2025-12-24,25-26/0000431,10268,FATHIMA MATHA MEDICALS,,,,
61108,CONFIDO TAB,2,187,243,106250618,2028-04-01,1,1,,2500173004812,2025-12-24,25-26/0000431,10268,FATHIMA MATHA MEDICALS,,,,
57010,MUCOLCER GEL,3,21,45,DLXD5002,2027-01-01,1,1,,1037,2025-12-27,25-26/0000432,10283,MADHAVI ENTERPRISES,,,,9496360332
45367,FOURDERM 10GM,5,30,50,50252,2027-03-01,1,1,,1037,2025-12-27,25-26/0000432,10283,MADHAVI ENTERPRISES,,,,9496360332
56917,VOMISHIELD DROPS,3,19,35,EULH24003,2026-05-01,1,1,,1037,2025-12-27,25-26/0000432,10283,MADHAVI ENTERPRISES,,,,9496360332
64378,NOZCALM N/D PAEDIATRIC,10,18,40,DLYR5001,2027-05-01,1,1,,1037,2025-12-27,25-26/0000432,10283,MADHAVI ENTERPRISES,,,,9496360332
44642,SCRABIC LOTION,5,32,50,DLSV5017,2027-09-01,1,1,,1037,2025-12-27,25-26/0000432,10283,MADHAVI ENTERPRISES,,,,9496360332
56901,NETAMOL 500MG,83,4,10,AAGAA24006,2027-03-01,10,10,,1037,2025-12-27,25-26/0000432,10283,MADHAVI ENTERPRISES,,,,9496360332
57014,TURPENTINE  OIL,1,35,70,003,2028-01-01,1,1,,1037,2025-12-27,25-26/0000432,10283,MADHAVI ENTERPRISES,,,,9496360332
63303,INSULIN SYRINGE DISPOVAN ,219,4.9,6,504015BG,2029-12-01,1,1,,1037,2025-12-27,25-26/0000432,10283,MADHAVI ENTERPRISES,,,,9496360332
64379,CEFPET SYP,2,114.29,150,IN2520,2027-07-01,1,1,,NP2223-5586,2025-12-27,25-26/0000433,1105,NEW PHARMA,MAIN ROAD IRITTY,0,0,0
57066,EAZYPET PUPPY 20ML,2,146.43,192.19,LB099,2027-06-01,1,1,,NP2223-5586,2025-12-27,25-26/0000433,1105,NEW PHARMA,MAIN ROAD IRITTY,0,0,0
57672,POMISOL EAR DROPS,1,57.14,75,ILP25014,2027-07-01,1,1,,NP2223-5586,2025-12-27,25-26/0000433,1105,NEW PHARMA,MAIN ROAD IRITTY,0,0,0
46087,XSULIN 30/70 VIAL,8,82,130,P11320625,2027-05-01,1,1,,A002503,2025-12-25,25-26/0000434,10296,alka associates,,,,
64381,STAYFREE SECURE NIGHTS XXL 40NOS,1,250,313,D20251115,2028-12-01,1,1,,171503922658163314,2025-12-20,25-26/0000419,10325,AMAZON,,,,
57876,WOMENS HORLICKS,1,250,347,0829BA,2027-08-01,1,1,,171503922658163314,2025-12-20,25-26/0000419,10325,AMAZON,,,,
57036,YARDLEY SOAP,3,50,62,12,2028-08-01,1,1,,171503922658163314,2025-12-20,25-26/0000419,10325,AMAZON,,,,
63353,DABUR ALMOND OIL 290ML,1,100,193,ABCD,2027-12-20,1,1,,171503922658163314,2025-12-20,25-26/0000419,10325,AMAZON,,,,
56850,HIM LIP BALM,11,31.5,40,992500563,2028-04-01,1,1,,171503922658163314,2025-12-20,25-26/0000419,10325,AMAZON,,,,
64383,GILLETTE VENUS SMOOTH SENSITIVE,1,275,309,5217D299H0,2028-12-28,1,1,,171503922658163314,2025-12-20,25-26/0000419,10325,AMAZON,,,,
64387,PAMPERS XL 34`S,2,429,549,YTFSJBS,2028-06-01,1,1,,171503922658163314,2025-12-20,25-26/0000419,10325,AMAZON,,,,
57245,BABY WIPES LUVLAP BUY2GET1,3,145.3,220,HPA4213,2027-02-01,1,1,,8539,2025-12-29,25-26/0000435,10301,PEARL MEDICENTER,THALASSERY,,,
56673,BABY WIPES LUVLAP,1,66,110,HPA25160,2027-02-01,1,1,,8539,2025-12-29,25-26/0000435,10301,PEARL MEDICENTER,THALASSERY,,,
64384,LUVLAP DIAPER PANT L B20G20,1,321.54,389,145,2027-07-01,1,1,,8539,2025-12-29,25-26/0000435,10301,PEARL MEDICENTER,THALASSERY,,,
56975,PAMPERS S 2`S ,1,17.14,21,9619,2028-06-01,1,1,,10121,2025-12-29,25-26/0000436,10315,AMALA STATIONERY,ANGADIKADAVU,,,
57046,HORLICKS 200GM,1,93.33,105,1901,2028-06-01,1,1,,10121,2025-12-29,25-26/0000436,10315,AMALA STATIONERY,ANGADIKADAVU,,,
56983,PAMPERS S 15`S,3,157.14,210,9619,2028-06-01,1,1,,10121,2025-12-29,25-26/0000436,10315,AMALA STATIONERY,ANGADIKADAVU,,,
57308,PAMPERS S 8`S,2,74.29,100,9619,2026-06-01,1,1,,10121,2025-12-29,25-26/0000436,10315,AMALA STATIONERY,ANGADIKADAVU,,,
61141,WIPES FACIAL ,2,49.98,80,B250262,2027-03-01,1,1,,250017300915,2025-12-29,25-26/0000437,10322,MED WORLD PHARMA,,,,
43748,ORTHOHERB 60,1,243.42,309,A041224,2028-01-01,1,1,,250017300915,2025-12-29,25-26/0000437,10322,MED WORLD PHARMA,,,,
43820,BUDS PKT,3,32.5,50,0041,2030-03-01,1,1,,250017300915,2025-12-29,25-26/0000437,10322,MED WORLD PHARMA,,,,
57014,TURPENTINE  OIL,2,31.98,60,086,2027-06-01,1,1,,250017300915,2025-12-29,25-26/0000437,10322,MED WORLD PHARMA,,,,
57655,BETNESOL TAB,145,13.36,17,KW7C,2027-06-01,20,20,,PD02483,2025-12-30,25-26/0000438,1107,NORTHERN PHARMA,KASARAGOD,0,0,0
58915,ZENTEL SYP,1,14.56,19,NA269,2028-03-01,1,1,,PD02483,2025-12-30,25-26/0000438,1107,NORTHERN PHARMA,KASARAGOD,0,0,0
57356,LEVOLIN 0.31 RESPULES,48,4.66,6,5L80519,2027-05-01,1,1,,PD02483,2025-12-30,25-26/0000438,1107,NORTHERN PHARMA,KASARAGOD,0,0,0
61077,LEVOLIN 0.63 RESPULES,18,5.62,7.5,5L80554,2027-05-01,1,1,,PD02483,2025-12-30,25-26/0000438,1107,NORTHERN PHARMA,KASARAGOD,0,0,0
57035,SEBAMED BABY GENTLE WASH 400ML,1,734.47,1020,12,2026-08-01,1,1,,636,2025-12-29,25-26/0000439,10329,BEST MARKETING,,,,
62217,MAMAEARTH SUNCREEN 20G,1,94.62,145,UYO,2027-06-01,1,1,,636,2025-12-29,25-26/0000439,10329,BEST MARKETING,,,,
64393,LACTO CALAMINE SHEET MASK,5,27.05,38,TFH,2027-06-01,1,1,,636,2025-12-29,25-26/0000439,10329,BEST MARKETING,,,,
64394,WIPES LACTO CALAMINE OIL CONTROL,3,62.93,89,JHGK,2027-06-01,1,1,,636,2025-12-29,25-26/0000439,10329,BEST MARKETING,,,,
64396,LACTO CALAMINE CHARCOAL  FACE WASH,1,106.07,149,UYTGI,2027-06-01,1,1,,636,2025-12-29,25-26/0000439,10329,BEST MARKETING,,,,
64397,SEBAMED BABY SHAMPOO 150ML,1,374.29,471,UYYGJ,2027-06-01,1,1,,636,2025-12-29,25-26/0000439,10329,BEST MARKETING,,,,
64398,DOVE HAND WASH,2,101.02,149,UJHGK,2029-06-01,1,1,,636,2025-12-29,25-26/0000439,10329,BEST MARKETING,,,,
43820,BUDS PKT,11,39.29,50,0041,2030-03-01,1,1,,636,2025-12-29,25-26/0000439,10329,BEST MARKETING,,,,
64399,VI JOHN AFTER SHAVE LOTION COMBO,3,93.33,140,FH,2028-06-01,1,1,,636,2025-12-29,25-26/0000439,10329,BEST MARKETING,,,,
64400,VI JOHN SHAVING CREAM 125GM,2,33.33,55,UYGU,2028-06-01,1,1,,636,2025-12-29,25-26/0000439,10329,BEST MARKETING,,,,
64401,VI JOHN SHAVING CREAM +BRUSH COMBO,3,62.92,99,JHK,2028-06-01,1,1,,636,2025-12-29,25-26/0000439,10329,BEST MARKETING,,,,
57477,MASK BLACK,33,1.1,4,245,2029-10-01,1,1,,18934,2025-12-29,25-26/0000440,10331,ESTIMATE,,,,
44308,MASK,17,1.1,4,SFG103,2029-07-01,1,1,,18934,2025-12-29,25-26/0000440,10331,ESTIMATE,,,,
64402,ESOMIFYL DSR,41,27,45,7425004,2027-07-01,10,10,,1038,2025-12-29,25-26/0000441,10283,MADHAVI ENTERPRISES,,,,9496360332
64403,L HIST MONT TAB,10,32.5,55,25281997,2027-07-01,15,15,,1038,2025-12-29,25-26/0000441,10283,MADHAVI ENTERPRISES,,,,9496360332
64404,ESOMSYS DSR,5,19,45,BHC-25080233,2027-07-01,10,10,,A002535,2025-12-27,25-26/0000442,10296,alka associates,,,,
57425,ROSUVIA 10,150,16.25,30,MOT25074,2027-03-01,15,15,,A002535,2025-12-27,25-26/0000442,10296,alka associates,,,,
62228,ROSUVIA 5,43,12.5,30,MOT25150,2027-07-01,15,15,,A002535,2025-12-27,25-26/0000442,10296,alka associates,,,,
59999,PREGANIST NT 75/10,100,17.5,45,YT-250431A,2027-07-01,10,10,,A002535,2025-12-27,25-26/0000442,10296,alka associates,,,,
57293,TALMIZEN 20,281,8.5,20,ADC04BRA,2027-09-01,10,10,,A002535,2025-12-27,25-26/0000442,10296,alka associates,,,,
57708,THYPURE 37.5,2,39,80,BER01AKA,2027-08-01,1,1,,A002535,2025-12-27,25-26/0000442,10296,alka associates,,,,
44200,AMIDRONE 100,25,28,55,M251300,2027-08-01,10,10,,A002535,2025-12-27,25-26/0000442,10296,alka associates,,,,
64405,ATOVASTRIN 20,100,8.4,20,DZP01AAA,2027-03-01,10,10,,A002535,2025-12-27,25-26/0000442,10296,alka associates,,,,
63292,DOXEPRIME 25,31,21.75,40,T250999,2028-04-01,10,10,,A002535,2025-12-27,25-26/0000442,10296,alka associates,,,,
57223,GLIBEMIDE FORTE ,35,9.5,20,BTH01AAA,2026-12-01,10,10,,A002535,2025-12-27,25-26/0000442,10296,alka associates,,,,
64406,GLIEMPAFLOZIN 25,23,22.5,70,AMN03CLA,2027-04-01,10,10,,A002535,2025-12-27,25-26/0000442,10296,alka associates,,,,
57620,LACOSMILE 100,98,27,85,AMN01DLA,2027-02-01,10,10,,A002535,2025-12-27,25-26/0000442,10296,alka associates,,,,
57819,METAPROLATE XR 12.5,108,8,20,T250731,2028-03-01,10,10,,A002535,2025-12-27,25-26/0000442,10296,alka associates,,,,
56817,DABUR MESWAK PASTE 38GM,2,17,20,BD0042,2027-08-01,1,1,,B2C-1600/25-26,2025-12-30,25-26/0000443,1052,GENERAL TRADE LINKS,KANNUR,0,32AAEFG2263D1ZI,0
56819,SEBOLIN 40G,3,45.72,65,2504,2029-09-01,1,1,,B2C-1600/25-26,2025-12-30,25-26/0000443,1052,GENERAL TRADE LINKS,KANNUR,0,32AAEFG2263D1ZI,0
43749,ORTHOHERB OIL,1,112,140,A106325,2028-10-01,1,1,,B2C-1600/25-26,2025-12-30,25-26/0000443,1052,GENERAL TRADE LINKS,KANNUR,0,32AAEFG2263D1ZI,0
44574,ELADI CANDY,200,142.86,200,B1991,2027-11-01,200,200,,B2C-1600/25-26,2025-12-30,25-26/0000443,1052,GENERAL TRADE LINKS,KANNUR,0,32AAEFG2263D1ZI,0
57178,TIGER BALM WHITE,3,40,46,W25021,2029-10-01,1,1,,B2C-1600/25-26,2025-12-30,25-26/0000443,1052,GENERAL TRADE LINKS,KANNUR,0,32AAEFG2263D1ZI,0
56821,ODOMOS  S,2,26,34,JK04017,2027-04-01,1,1,,B2C-1600/25-26,2025-12-30,25-26/0000443,1052,GENERAL TRADE LINKS,KANNUR,0,32AAEFG2263D1ZI,0
61091,KP NAMBOOTHIRI PASTE 100GM,1,53,60,H658,2027-10-01,1,1,,B2C-1600/25-26,2025-12-30,25-26/0000443,1052,GENERAL TRADE LINKS,KANNUR,0,32AAEFG2263D1ZI,0
63329,CHUKKU KAPPI ALIF,10,11,15,1,2026-04-01,1,1,,B2C-1600/25-26,2025-12-30,25-26/0000443,1052,GENERAL TRADE LINKS,KANNUR,0,32AAEFG2263D1ZI,0
61047,LACTODEX 3 450GM,2,443.57,517.5,DG35250388,2027-02-01,1,1,,23851,2025-12-30,25-26/0000444,1100,MODERN PHARMA,KANNUR,0,32AAEFM3567C1ZN,0
62182,LACTODEX 2 400GM,1,443.57,517.5,DG44250874,2027-01-01,1,1,,23851,2025-12-30,25-26/0000444,1100,MODERN PHARMA,KANNUR,0,32AAEFM3567C1ZN,0
62183,LACTODEX 1 450GM,1,443.57,517.5,DG55251511,2027-01-01,1,1,,23851,2025-12-30,25-26/0000444,1100,MODERN PHARMA,KANNUR,0,32AAEFM3567C1ZN,0
63327,TOPISAL 6% LOTION,2,78.55,103,TN-109,2027-07-01,1,1,,23851,2025-12-30,25-26/0000444,1100,MODERN PHARMA,KANNUR,0,32AAEFM3567C1ZN,0
57277,SKINLITE CREAM ,3,146.07,185,IA010614,2027-07-01,1,1,,23851,2025-12-30,25-26/0000444,1100,MODERN PHARMA,KANNUR,0,32AAEFM3567C1ZN,0
57499,CLEARGEL NICO,2,139.29,180,HC085,2027-09-01,1,1,,23851,2025-12-30,25-26/0000444,1100,MODERN PHARMA,KANNUR,0,32AAEFM3567C1ZN,0
57465,ASCORIL LS 100ML,2,110.36,145,0525099A,2027-06-01,1,1,,23851,2025-12-30,25-26/0000444,1100,MODERN PHARMA,KANNUR,0,32AAEFM3567C1ZN,0
61053,CANDID B CREAM 20GM,2,130,170,11250632,2027-04-01,1,1,,23851,2025-12-30,25-26/0000444,1100,MODERN PHARMA,KANNUR,0,32AAEFM3567C1ZN,0
64412,AKRALIC 6% OINT,1,49.48,62,K87,2027-04-01,1,1,,23851,2025-12-30,25-26/0000444,1100,MODERN PHARMA,KANNUR,0,32AAEFM3567C1ZN,0
64414,MAMYPOKO L 13,1,148.42,187,96190030,2028-06-01,1,1,,A3737-25/26,2025-12-30,25-26/0000445,10320,FORTUNE TRADE LINK,,,,
57176,MAMYPOKO L 4,6,42.07,53,96190030,2028-06-01,1,1,,A3737-25/26,2025-12-30,25-26/0000445,10320,FORTUNE TRADE LINK,,,,
59953,MAMYPOKO M 30,3,296.84,365,96190030,2028-06-01,1,1,,A3737-25/26,2025-12-30,25-26/0000445,10320,FORTUNE TRADE LINK,,,,
64417,MAMYPOKO S 9,1,73.81,93,96190030,2028-06-01,1,1,,A3737-25/26,2025-12-30,25-26/0000445,10320,FORTUNE TRADE LINK,,,,
64419,MAMYPOKO S 36,1,296.84,365,96190030,2028-06-01,1,1,,A3737-25/26,2025-12-30,25-26/0000445,10320,FORTUNE TRADE LINK,,,,
57172,MAMYPOKO S 20,3,156.36,197,96190030,2028-03-01,1,1,,A3737-25/26,2025-12-30,25-26/0000445,10320,FORTUNE TRADE LINK,,,,
64420,MAMYPOKO L 6,3,73.81,93,96190030,2027-06-01,1,1,,A3737-25/26,2025-12-30,25-26/0000445,10320,FORTUNE TRADE LINK,,,,
64421,HIM BABY MASSAGE OIL 500ML,1,400,440,152500050,2027-12-01,1,1,,AMZN02NOV2025,2025-11-02,25-26/0000276,10325,AMAZON,,,,
62191,NOZCALM N/D,10,19,40,DLWM5002,2027-05-01,1,1,,1038,2025-12-29,25-26/0000441,10283,MADHAVI ENTERPRISES,,,,9496360332
61043,CEFNETA 200 DT,134,41,90,C50470A,2027-06-01,10,10,,1038,2025-12-29,25-26/0000441,10283,MADHAVI ENTERPRISES,,,,9496360332
45732,CEFREDROX CV ,40,0,160,LPL2431,2026-03-03,10,10,,1038,2025-12-29,25-26/0000441,10283,MADHAVI ENTERPRISES,,,,9496360332
56908,MEDISOFT ALOEVERA LOTION,3,56,100,BLDL4001,2027-08-01,1,1,,1038,2025-12-29,25-26/0000441,10283,MADHAVI ENTERPRISES,,,,9496360332
57420,ENSHINE KIDS TOOTHPASTE,2,58,100,BLBQ5002,2027-07-01,1,1,,1038,2025-12-29,25-26/0000441,10283,MADHAVI ENTERPRISES,,,,9496360332
63251,ELOWAY COLD CREAM,3,38,75,BLDO4001,2027-09-01,1,1,,1038,2025-12-29,25-26/0000441,10283,MADHAVI ENTERPRISES,,,,9496360332
57287,AMLOZEN 5,70,3.4,8,AVF01AEA,2027-03-01,10,10,,A002348,2025-12-09,25-26/0000390,10296,alka associates,,,,
45472,PREGAFER PLUS,50,24,50,PGC25-209B,2026-11-01,10,10,,A002577,2025-12-31,25-26/0000446,10296,alka associates,,,,
57287,AMLOZEN 5,200,3.4,8,AVF01AEA,2027-03-01,10,10,,A002577,2025-12-31,25-26/0000446,10296,alka associates,,,,
45943,LNGIPTIN 5/500,20,26,60,T251503,2027-07-01,10,10,,A002577,2025-12-31,25-26/0000446,10296,alka associates,,,,
57453,OLEX 2.5,75,5.24,15,NB/250708,2027-12-01,10,10,,A002577,2025-12-31,25-26/0000446,10296,alka associates,,,,
57575,SETRO 50,60,15.5,30,NB/241112,2027-04-01,10,10,,A002577,2025-12-31,25-26/0000446,10296,alka associates,,,,
56936,BUDEPRESS 200 INH,1,122.5,210,MDV051,2027-05-01,1,1,,A002577,2025-12-31,25-26/0000446,10296,alka associates,,,,
57433,DUOLOXTIME 20,100,13,35,BTH03ADA,2027-09-01,10,10,,A002577,2025-12-31,25-26/0000446,10296,alka associates,,,,
57299,DUOLOXTIME 30,100,16,40,AMN01AEA,2026-12-01,10,10,,A002577,2025-12-31,25-26/0000446,10296,alka associates,,,,
57578,IPRATROP 1.25 RESPULES,33,27.5,80,EE50070,2027-04-01,5,5,,A002577,2025-12-31,25-26/0000446,10296,alka associates,,,,
57140,MESALMILE OD 1200,10,62,110,BTH04AMA,2027-05-01,10,10,,25000730018828,2025-12-29,25-26/0000447,10312,JANATHA PHARMA,MANGLORE,KA-MN1-245544,29EKIPS0746F1ZT,
56723,CLOPIGOLD A 75,150,23.54,50,GESII504,2027-08-01,15,15,,25000730018828,2025-12-29,25-26/0000447,10312,JANATHA PHARMA,MANGLORE,KA-MN1-245544,29EKIPS0746F1ZT,
56724,CLOPIGOLD A 150,150,28,60,CJSID502,2027-03-01,15,15,,25000730018828,2025-12-29,25-26/0000447,10312,JANATHA PHARMA,MANGLORE,KA-MN1-245544,29EKIPS0746F1ZT,
56670,MANOGREL 75,53,10.4,23,CT25261353B,2027-10-01,10,10,,25000730018828,2025-12-29,25-26/0000447,10312,JANATHA PHARMA,MANGLORE,KA-MN1-245544,29EKIPS0746F1ZT,
56757,SEIZMET GP2,300,21.9,70,STL25001,2027-04-01,15,15,,25000730018828,2025-12-29,25-26/0000447,10312,JANATHA PHARMA,MANGLORE,KA-MN1-245544,29EKIPS0746F1ZT,
45056,AMLODIPINE 5,384,2.3,6,SPT242291,2026-09-01,10,10,,25000730018828,2025-12-29,25-26/0000447,10312,JANATHA PHARMA,MANGLORE,KA-MN1-245544,29EKIPS0746F1ZT,
56733,TEROMIDE 5,155,9.33,20,AMN01BKA,2027-01-01,10,10,,25000730018828,2025-12-29,25-26/0000447,10312,JANATHA PHARMA,MANGLORE,KA-MN1-245544,29EKIPS0746F1ZT,
56939,UDCHOLIC 150,150,74.5,100,337524001,2026-08-01,15,15,,25000730018828,2025-12-29,25-26/0000447,10312,JANATHA PHARMA,MANGLORE,KA-MN1-245544,29EKIPS0746F1ZT,
56896,PROCHLOROMETIL MD TAB,30,12.9,25,AMN01FFA,2027-06-01,10,10,,25000730018828,2025-12-29,25-26/0000447,10312,JANATHA PHARMA,MANGLORE,KA-MN1-245544,29EKIPS0746F1ZT,
56944,THYRORISE 100,2,32.5,80,HBH14Y001,2027-04-01,1,1,,25000730018828,2025-12-29,25-26/0000447,10312,JANATHA PHARMA,MANGLORE,KA-MN1-245544,29EKIPS0746F1ZT,
57143,THYRORISE 150,1,51,100,HBH75Y001,2027-02-01,1,1,,25000730018828,2025-12-29,25-26/0000447,10312,JANATHA PHARMA,MANGLORE,KA-MN1-245544,29EKIPS0746F1ZT,
56971,BISOGARD 5,200,7.8,25,BS025001,2027-12-01,10,10,,25000730018828,2025-12-29,25-26/0000447,10312,JANATHA PHARMA,MANGLORE,KA-MN1-245544,29EKIPS0746F1ZT,
64425,LEVOSAR 500,4,19.9,40,T4937,2027-04-01,5,5,,25000730018828,2025-12-29,25-26/0000447,10312,JANATHA PHARMA,MANGLORE,KA-MN1-245544,29EKIPS0746F1ZT,
56900,HYDROZOLIN ISDN,300,33,60,HYD25002,2027-05-01,10,10,,25000730018828,2025-12-29,25-26/0000447,10312,JANATHA PHARMA,MANGLORE,KA-MN1-245544,29EKIPS0746F1ZT,
44470,KNEE CAP M,2,78,150,KP-F25309,2028-06-01,1,1,,25000730018828,2025-12-29,25-26/0000447,10312,JANATHA PHARMA,MANGLORE,KA-MN1-245544,29EKIPS0746F1ZT,
44469,KNEE CAP L,2,78,150,KP-E25308,2027-05-01,1,1,,25000730018828,2025-12-29,25-26/0000447,10312,JANATHA PHARMA,MANGLORE,KA-MN1-245544,29EKIPS0746F1ZT,
63365,LUVLAP DIAPER PANT L 30`S,3,230,374.06,96190030,2030-01-01,1,1,,25000730018828,2025-12-29,25-26/0000447,10312,JANATHA PHARMA,MANGLORE,KA-MN1-245544,29EKIPS0746F1ZT,
63363,LUVLAP DIAPER PANT S 38`S,2,230,374.06,LLS38,2030-01-01,1,1,,25000730018828,2025-12-29,25-26/0000447,10312,JANATHA PHARMA,MANGLORE,KA-MN1-245544,29EKIPS0746F1ZT,
63364,LUVLAP DIAPER PANT M 34`S,2,230,399,LLM55/00,2030-01-01,1,1,,25000730018828,2025-12-29,25-26/0000447,10312,JANATHA PHARMA,MANGLORE,KA-MN1-245544,29EKIPS0746F1ZT,
63366,LUVLAP DIAPER PANT XL 26`S,2,230,374.06,96190030,2030-01-01,1,1,,25000730018828,2025-12-29,25-26/0000447,10312,JANATHA PHARMA,MANGLORE,KA-MN1-245544,29EKIPS0746F1ZT,
57552,LUKAL CREAM,5,28,100,A128A,2027-02-01,1,1,,25000730018828,2025-12-29,25-26/0000447,10312,JANATHA PHARMA,MANGLORE,KA-MN1-245544,29EKIPS0746F1ZT,
64428,EMOLENE CREAM,2,271.43,360,D330625,2027-05-01,1,1,,LP-25-49352,2026-01-01,25-26/0000449,1203,LINK PHARMA,KANNUR,,32AABFT3905A1ZK,
64428,EMOLENE CREAM,1,271.43,360,D380625,2027-05-01,1,1,,LP-25-49352,2026-01-01,25-26/0000449,1203,LINK PHARMA,KANNUR,,32AABFT3905A1ZK,
57803,SIMILAC ADVANCE 1,1,674.67,805,79041MN1,2027-01-01,1,1,,LP-25-49352,2026-01-01,25-26/0000449,1203,LINK PHARMA,KANNUR,,32AABFT3905A1ZK,
57805,SIMILAC ADVANCE 3,1,674.67,805,79010MN1,2027-01-01,1,1,,LP-25-49352,2026-01-01,25-26/0000449,1203,LINK PHARMA,KANNUR,,32AABFT3905A1ZK,
64429,RARICAP DROPS,2,127.56,167,ARAD25006,2027-03-01,1,1,,LP-25-49352,2026-01-01,25-26/0000449,1203,LINK PHARMA,KANNUR,,32AABFT3905A1ZK,
57388,CYCLOPAM TABLET,69,45.29,60,25070303,2026-11-01,10,10,,LP-25-49352,2026-01-01,25-26/0000449,1203,LINK PHARMA,KANNUR,,32AABFT3905A1ZK,
64433,BIOTEE PLUS,20,128.13,165,BPT25003,2027-01-01,10,10,,DL-25-43015,2026-01-01,25-26/0000450,1041,DRUG LINK,KANNUR,0,32AACFD4259N1ZC,0
43761,SEROFLO 250 RC,1,409.89,520,5SA0759,2027-03-01,1,1,,IL-25-44035,2026-01-01,25-26/0000451,1060,INTER LINK,KANNUR,0,32AABFI5741B1ZO,0
63263,LANOL ER ,30,16.23,21,HTR0125038,2027-07-01,10,10,,IL-25-43915,2026-01-01,25-26/0000448,1060,INTER LINK,KANNUR,0,32AABFI5741B1ZO,0
57798,ZINCODERM G,4,19.55,27,ZDG2516,2027-08-01,1,1,,IL-25-43915,2026-01-01,25-26/0000448,1060,INTER LINK,KANNUR,0,32AABFI5741B1ZO,0
57487,ALERID SYP,3,16.08,22,5A60539,2028-04-01,1,1,,IL-25-43915,2026-01-01,25-26/0000448,1060,INTER LINK,KANNUR,0,32AABFI5741B1ZO,0
64434,NIVEOLI INH,1,205.19,260,5SN1385,2026-08-01,1,1,,IL-25-43915,2026-01-01,25-26/0000448,1060,INTER LINK,KANNUR,0,32AABFI5741B1ZO,0
64435,DERIPHYLLIN M,14,110.1,144,TMT112510,2027-10-01,10,10,,IL-25-43915,2026-01-01,25-26/0000448,1060,INTER LINK,KANNUR,0,32AABFI5741B1ZO,0
61008,ETIZOLA 0.25,75,58.21,76,1825363C,2029-08-01,15,15,,IL-25-43915,2026-01-01,25-26/0000448,1060,INTER LINK,KANNUR,0,32AABFI5741B1ZO,0
64436,TRAPIC MF ,21,346.43,450,GTG3005A,2027-09-01,10,10,,IL-25-43915,2026-01-01,25-26/0000448,1060,INTER LINK,KANNUR,0,32AABFI5741B1ZO,0
45343,ROPARK 0.5,60,92.86,121,SIG1785A,2027-07-01,10,10,,IL-25-43915,2026-01-01,25-26/0000448,1060,INTER LINK,KANNUR,0,32AABFI5741B1ZO,0
44068,TRAZINE H,10,12.14,15,CGC0200,2029-08-01,10,10,,IL-25-43915,2026-01-01,25-26/0000448,1060,INTER LINK,KANNUR,0,32AABFI5741B1ZO,0
62233,DERMADEW BABY SOAP,1,142.37,185,B304,2028-08-01,1,1,,TL-25-28692,2026-01-01,25-26/0000452,1170,TRADE LINK,KANNUR,0,32AADFT4058N1ZY,0
45703,EVION 600,40,49.08,60,5231C59920,2027-10-01,10,10,,TL-25-28692,2026-01-01,25-26/0000452,1170,TRADE LINK,KANNUR,0,32AADFT4058N1ZY,0
64438,BD SYRINGE 100IU,10,8,10,4355008,2029-11-01,1,1,,25-22738,2026-01-01,25-26/0000453,10328,LINK SURGICALS,,,,
64439,SV SET 23G,2,24.44,43,5H01S,2030-07-01,1,1,,25-22738,2026-01-01,25-26/0000453,10328,LINK SURGICALS,,,,
45676,IV SET ,2,11.3,50,G25E020452,2030-04-01,1,1,,25-22738,2026-01-01,25-26/0000453,10328,LINK SURGICALS,,,,
61011,ORAL B BRUSH MEDIUM,8,10.47,25,523785,2030-08-01,1,1,,25-22755,2026-01-01,25-26/0000454,10328,LINK SURGICALS,,,,
57023,MOOV OINT 20GM,1,103,123,A1214,2028-02-01,1,1,,2500173004953,2025-12-31,25-26/0000455,10268,FATHIMA MATHA MEDICALS,,,,
57637,MOXYMA D E/D,1,60.71,75,HE5123,2027-03-01,1,1,,2500173004953,2025-12-31,25-26/0000455,10268,FATHIMA MATHA MEDICALS,,,,
57022,NAYANPAT E/D,2,82.5,100,25082,2026-11-01,1,1,,2500173004953,2025-12-31,25-26/0000455,10268,FATHIMA MATHA MEDICALS,,,,
56844,HIM BABY CREAM 50ML,1,71.5,100,B992501037,2028-07-01,1,1,,2500173004953,2025-12-31,25-26/0000455,10268,FATHIMA MATHA MEDICALS,,,,
57476,HIM BABY MASSAGE OIL,2,102,145,152500616,2028-08-01,1,1,,2500173004953,2025-12-31,25-26/0000455,10268,FATHIMA MATHA MEDICALS,,,,
57826,HIM BABY POWDER 50GM,3,43.5,58,842501827,2028-07-01,1,1,,2500173004953,2025-12-31,25-26/0000455,10268,FATHIMA MATHA MEDICALS,,,,
59965,HIM BABY SOAP GENTLE 125GM,3,71,89,272500471,2028-08-01,1,1,,2500173004953,2025-12-31,25-26/0000455,10268,FATHIMA MATHA MEDICALS,,,,
45626,EMIN TAB,3,7,20,GC955008,2028-07-01,10,10,,2500173004953,2025-12-31,25-26/0000455,10268,FATHIMA MATHA MEDICALS,,,,
45404,COTTON 15GM,4,15,25,1015,2027-07-01,1,1,,2500173004996,2026-01-02,25-26/0000456,10268,FATHIMA MATHA MEDICALS,,,,
45461,HEALTH MIX POWDER,2,125,170,F283,2026-08-01,1,1,,2500173004996,2026-01-02,25-26/0000456,10268,FATHIMA MATHA MEDICALS,,,,
56788,CERELAC STAGE 1(6+) WHEAT APPLE,2,231.54,265,53250453A7,2026-08-01,1,1,,NAS15699,2026-01-02,25-26/0000457,10313,MINI AGENCIES,,,,
56798,CEREGROW ,2,301.44,345,51940453A4G,2026-07-01,1,1,,NAS15699,2026-01-02,25-26/0000457,10313,MINI AGENCIES,,,,
56800,TICTAC STRAWBERRY,10,15.31,18,12,2026-06-01,1,1,,ASP05301,2026-01-02,25-26/0000458,10313,MINI AGENCIES,,,,
61087,TICTAC SPEARMINT,11,15.31,18,HH,2026-06-01,1,1,,ASP05301,2026-01-02,25-26/0000458,10313,MINI AGENCIES,,,,
57314,SENSODYNE FRESHMINT 40G,3,69.981,84.5,33061020,2026-06-01,1,1,,A13225-25/26,2026-01-02,25-26/0000459,10321,BHARATHI SALES CORPERATION,12/171-A4,11318013000469,32BVCPC2400G1ZK,9895961146
57316,SENSODYNE RAPID RELIF 40G,1,88.61,107,33061020,2026-06-01,1,1,,A13225-25/26,2026-01-02,25-26/0000459,10321,BHARATHI SALES CORPERATION,12/171-A4,11318013000469,32BVCPC2400G1ZK,9895961146
57317,SENSODYNE RAPID RELIF 80G,2,154.857,187,GJHK,2026-06-01,1,1,,A13225-25/26,2026-01-02,25-26/0000459,10321,BHARATHI SALES CORPERATION,12/171-A4,11318013000469,32BVCPC2400G1ZK,9895961146
58928,SENSODYNE MOUTH WASH,4,91.771,130,HGHJ,2026-06-01,1,1,,A13225-25/26,2026-01-02,25-26/0000459,10321,BHARATHI SALES CORPERATION,12/171-A4,11318013000469,32BVCPC2400G1ZK,9895961146
58893,ENO ORANGE 5G,25,214.286,270,30049011,2026-06-01,30,30,,A13225-25/26,2026-01-02,25-26/0000459,10321,BHARATHI SALES CORPERATION,12/171-A4,11318013000469,32BVCPC2400G1ZK,9895961146
59956,PUREPET ADULT180GM,3,73.83,99,APCC10/25,2027-01-01,1,1,,NP2223-5707,2026-01-03,25-26/0000460,1105,NEW PHARMA,MAIN ROAD IRITTY,0,0,0
57417,PUREPET KITTEN 180GM,3,71,99,07/25,2027-08-01,1,1,,NP2223-5707,2026-01-03,25-26/0000460,1105,NEW PHARMA,MAIN ROAD IRITTY,0,0,0
57780,NEBLON 100GM,1,35.81,50,25T029,2027-07-01,1,1,,NP2223-5707,2026-01-03,25-26/0000460,1105,NEW PHARMA,MAIN ROAD IRITTY,0,0,0
57088,PEDIGREE ADULT C&V 370GM,1,75,100,004,2027-01-01,1,1,,NP2223-5707,2026-01-03,25-26/0000460,1105,NEW PHARMA,MAIN ROAD IRITTY,0,0,0
57418,DIGYTON DROPS,1,103.62,146,761,2028-08-01,1,1,,NP2223-5707,2026-01-03,25-26/0000460,1105,NEW PHARMA,MAIN ROAD IRITTY,0,0,0
57334,BROTONE VT 120ML,2,64.29,84.38,CH3115,2027-02-01,1,1,,NP2223-5707,2026-01-03,25-26/0000460,1105,NEW PHARMA,MAIN ROAD IRITTY,0,0,0
57785,OSTOPET 250ML,1,101.69,150,253,2027-06-01,1,1,,NP2223-5707,2026-01-03,25-26/0000460,1105,NEW PHARMA,MAIN ROAD IRITTY,0,0,0
57004,GINGER CANDY,75,109.52,150,1704,2028-06-01,75,75,,10344,2026-01-03,25-26/0000461,10315,AMALA STATIONERY,ANGADIKADAVU,,,
57410,COLGATE 100GM,5,60,70,3306,2028-06-01,1,1,,10344,2026-01-03,25-26/0000461,10315,AMALA STATIONERY,ANGADIKADAVU,,,
56808,AMRUTHANJAN YELLOW,4,36.19,44,C6325010,2028-05-01,1,1,,10344,2026-01-03,25-26/0000461,10315,AMALA STATIONERY,ANGADIKADAVU,,,
64389,CLINIC PLUS SHAMPOO SACHET,30,0.78,1,3305,2028-06-01,1,1,,10344,2026-01-03,25-26/0000461,10315,AMALA STATIONERY,ANGADIKADAVU,,,
57202,GODREJ EXPERT HAIR COLOUR,9,14.83,20,3305,2028-06-01,1,1,,10344,2026-01-03,25-26/0000461,10315,AMALA STATIONERY,ANGADIKADAVU,,,
58894,PARACHUTE JASMINE 45ML,3,15.71,20,3305,2026-06-01,1,1,,10344,2026-01-03,25-26/0000461,10315,AMALA STATIONERY,ANGADIKADAVU,,,
59983,PARACHUTE 50ML,3,16.95,20,1513,2028-06-01,1,1,,10344,2026-01-03,25-26/0000461,10315,AMALA STATIONERY,ANGADIKADAVU,,,
58895,PARACHUTE 100ML,1,56.67,65,1513,2026-06-01,1,1,,10344,2026-01-03,25-26/0000461,10315,AMALA STATIONERY,ANGADIKADAVU,,,
64441,ORAL B BRUSH MEDIUM BACTERIA FIGHTER,2,10.476,30,1513,2028-10-01,1,1,,10344,2026-01-03,25-26/0000461,10315,AMALA STATIONERY,ANGADIKADAVU,,,
56976,PAMPERS M 2`S,1,21.9,27,9619,2028-06-01,1,1,,10344,2026-01-03,25-26/0000461,10315,AMALA STATIONERY,ANGADIKADAVU,,,
57307,PAMPERS XL 2`S,6,30,37,9619,2026-06-01,1,1,,10344,2026-01-03,25-26/0000461,10315,AMALA STATIONERY,ANGADIKADAVU,,,
63313,PAMPERS NB 2`S,16,14.76,20,9619,2028-06-01,1,1,,10344,2026-01-03,25-26/0000461,10315,AMALA STATIONERY,ANGADIKADAVU,,,
56975,PAMPERS S 2`S ,2,17.14,21,9619,2028-06-01,1,1,,10344,2026-01-03,25-26/0000461,10315,AMALA STATIONERY,ANGADIKADAVU,,,
56982,PAMPERS XL 7`S,3,119.05,159,9619,2028-06-01,1,1,,10344,2026-01-03,25-26/0000461,10315,AMALA STATIONERY,ANGADIKADAVU,,,
56989,WHISPER CHOICE XXL 50,5,46,55,9619,2028-06-01,1,1,,10344,2026-01-03,25-26/0000461,10315,AMALA STATIONERY,ANGADIKADAVU,,,
44733,DETTOL  550 ML,1,231.43,260,VC395,2029-03-01,1,1,,10344,2026-01-03,25-26/0000461,10315,AMALA STATIONERY,ANGADIKADAVU,,,
64443,FIRST FEED FOOD FEEDER R FOR RABBIT,1,390,513,FSFFP01,2028-10-01,1,1,,405-7875344-4372316,2026-01-03,25-26/0000462,10325,AMAZON,,,,
61023,CETAPHIL GENTLE SKIN CLEANSER 125ML OILY SKIN,1,410,629,B5NB137,2028-07-01,1,1,,405-7875344-4372316,2026-01-03,25-26/0000462,10325,AMAZON,,,,
56654,FREELEX PLUS SYP,6,56,100,CHLH25066,2027-08-01,1,1,,1074,2026-01-05,25-26/0000463,10283,MADHAVI ENTERPRISES,,,,9496360332
57255,BP MONITOR LEEFORD,2,985,1350,LB102251001,2035-09-01,1,1,,1074,2026-01-05,25-26/0000463,10283,MADHAVI ENTERPRISES,,,,9496360332
44035,SUNSHADE LOTION SPF 50,2,174,270,BLFB5009,2027-09-01,1,1,,1074,2026-01-05,25-26/0000463,10283,MADHAVI ENTERPRISES,,,,9496360332
56907,ELOWAY ALOEVERA GEL,3,66,110,2385008,2028-07-01,1,1,,1074,2026-01-05,25-26/0000463,10283,MADHAVI ENTERPRISES,,,,9496360332
57684,CALCIJOINT D3 DROPS ,5,21,44,AWLH25005,2026-12-01,1,1,,1074,2026-01-05,25-26/0000463,10283,MADHAVI ENTERPRISES,,,,9496360332
64445,CAPSICUM PLASTER MEDIGRIP,2,10,22,592,2028-01-01,1,1,,1074,2026-01-05,25-26/0000463,10283,MADHAVI ENTERPRISES,,,,9496360332
64446,ALKOF LOZENGER ,75,23,35,ALO24024MB,2027-07-01,10,10,,1074,2026-01-05,25-26/0000463,10283,MADHAVI ENTERPRISES,,,,9496360332
61133,SCRABIC CREAM,3,26,50,DLQK5001,2027-01-01,1,1,,1074,2026-01-05,25-26/0000463,10283,MADHAVI ENTERPRISES,,,,9496360332
64450,STIPDRUM DP 100,16,29,70,SIBP25704A,2027-09-01,10,10,,A002630,2026-01-05,25-26/0000464,10296,alka associates,,,,
60001,OXETIN 20,43,9,25,NB/250355,2027-08-01,10,10,,A002630,2026-01-05,25-26/0000464,10296,alka associates,,,,
57455,SR-VENAX 75,60,23,50,NB/250371,2027-08-01,10,10,,A002630,2026-01-05,25-26/0000464,10296,alka associates,,,,
56752,OXCARBZEN 300,77,57,90,AMN02DFA,2028-03-01,10,10,,A002630,2026-01-05,25-26/0000464,10296,alka associates,,,,
64451,ROXARIVABEN 2.5,82,19.5,45,BTH01APA,2027-05-01,14,14,,A002630,2026-01-05,25-26/0000464,10296,alka associates,,,,
43756,VITAMIN E OMEGA CAP,71,52.5,95,DX25004,2027-09-01,10,10,,A002630,2026-01-05,25-26/0000464,10296,alka associates,,,,
56754,TASMULINE D,10,13.5,45,TNU24002,2026-05-01,10,10,,A002630,2026-01-05,25-26/0000464,10296,alka associates,,,,
45101,TOLVAPTORIS 15,4,47.5,100,WT092502A,2027-08-01,4,4,,A002630,2026-01-05,25-26/0000464,10296,alka associates,,,,
61144,MILDY SHAMPOO,2,152.54,200,IM755,2027-08-01,1,1,,24483,2026-01-06,25-26/0000465,1100,MODERN PHARMA,KANNUR,0,32AAEFM3567C1ZN,0
57235,EVERYDAY 1KG,2,511.46,580,519104519A,2026-11-01,1,1,,NAS15879,2026-01-06,25-26/0000466,10313,MINI AGENCIES,,,,
56796,EVERYDAY 400G,2,207.23,235,518704519B,2026-05-01,1,1,,NAS15879,2026-01-06,25-26/0000466,10313,MINI AGENCIES,,,,
64453,EVERYDAY 18G,12,8.82,10,533404517A,2026-11-01,1,1,,NAS15879,2026-01-06,25-26/0000466,10313,MINI AGENCIES,,,,
57490,POLO MINT,72,4.18,5,53151519A,2026-06-01,1,1,,NAS15879,2026-01-06,25-26/0000466,10313,MINI AGENCIES,,,,
56799,TICTAC 5/-,62,4.25,5,1,2026-11-01,1,1,,ASP05355,2026-01-06,25-26/0000467,10313,MINI AGENCIES,,,,
64454,JOINTACE C2 TAB,45,281,333,649SPL2518F,2027-09-01,10,10,,405-7875344-4372316,2026-01-03,25-26/0000462,10325,AMAZON,,,,
61036,PAMPERS XXL 9`S,3,260,280,5251938300,2028-09-01,1,1,,405-7875344-4372316,2026-01-03,25-26/0000462,10325,AMAZON,,,,
57158,ROSE WATER 60ML,6,20.5,30,1033,2027-05-01,1,1,,2500173005117,2026-01-08,25-26/0000468,10268,FATHIMA MATHA MEDICALS,,,,
56886,MEDILICE LOTION 30GM,5,33.65,50,MCW-078,2028-07-01,1,1,,2500173005117,2026-01-08,25-26/0000468,10268,FATHIMA MATHA MEDICALS,,,,
57393,AZICIP 250MG ,11,45,70,5N40174,2028-02-01,6,6,,2500173005117,2026-01-08,25-26/0000468,10268,FATHIMA MATHA MEDICALS,,,,
57393,AZICIP 250MG ,6,45,70,5C10979,2028-06-01,6,6,,2500173005117,2026-01-08,25-26/0000468,10268,FATHIMA MATHA MEDICALS,,,,
57536,MOODS DOTTED 3,1,33.33,40,B03017,2029-06-01,1,1,,2500173005117,2026-01-08,25-26/0000468,10268,FATHIMA MATHA MEDICALS,,,,
57830,MAGNESIUM SULPHATE PASTE 400GM,1,95,160,3575,2028-02-01,1,1,,2500173005117,2026-01-08,25-26/0000468,10268,FATHIMA MATHA MEDICALS,,,,
56809,AMRUTHANJAN  RED,2,37.5,45,C6225003,2028-04-01,1,1,,2500173005117,2026-01-08,25-26/0000468,10268,FATHIMA MATHA MEDICALS,,,,
61150,ABZORB POWDER,1,70,91,SXG0799A,2028-03-01,1,1,,2500173005117,2026-01-08,25-26/0000468,10268,FATHIMA MATHA MEDICALS,,,,
45956,COMFY ,12,29.5,32,730,2031-01-01,1,1,,2500173005117,2026-01-08,25-26/0000468,10268,FATHIMA MATHA MEDICALS,,,,
57524,SYRINGE 50ML,2,25,50,531503WJRI,2030-06-01,1,1,,2500173005117,2026-01-08,25-26/0000468,10268,FATHIMA MATHA MEDICALS,,,,
57636,SYRINGE 20ML,2,12,25,545201DJH1,2030-10-01,1,1,,2500173005117,2026-01-08,25-26/0000468,10268,FATHIMA MATHA MEDICALS,,,,
56849,LIVOGEN TAB,148,72.82,95,5235C84201,2027-07-01,15,15,,2500173005117,2026-01-08,25-26/0000468,10268,FATHIMA MATHA MEDICALS,,,,
56836,HIM NEEM FACE WASH,4,71,89,202501043,2028-09-01,1,1,,2500173005117,2026-01-08,25-26/0000468,10268,FATHIMA MATHA MEDICALS,,,,
61147,HIM ALOEVERA FACE WASH,3,75,95,B992501624,2028-11-01,1,1,,2500173005117,2026-01-08,25-26/0000468,10268,FATHIMA MATHA MEDICALS,,,,
43832,BD SYRINGE,24,8.9,11,4354060,2029-12-01,1,1,,2500173005117,2026-01-08,25-26/0000468,10268,FATHIMA MATHA MEDICALS,,,,
61056,LACTOCALAMIN LOTION 60ML,2,114.1,140,DCPF007,2028-05-01,1,1,,2500173005117,2026-01-08,25-26/0000468,10268,FATHIMA MATHA MEDICALS,,,,
61035,PAMPERS L 64`S,2,775,1049,1254,2026-06-01,1,1,,405-7875344-4372316,2026-01-03,25-26/0000462,10325,AMAZON,,,,
55533,BETZEE G CREAM,2,19.29,25,BZG2504,2027-07-01,1,1,,IL-25-45133,2026-01-08,25-26/0000472,1060,INTER LINK,KANNUR,0,32AABFI5741B1ZO,0
64459,ZINCODERM ,1,72.78,95,ZDC2501,2027-02-01,1,1,,IL-25-45133,2026-01-08,25-26/0000472,1060,INTER LINK,KANNUR,0,32AABFI5741B1ZO,0
57474,CIPLOX E/D,3,12.56,16,5T00208,2028-05-01,1,1,,IL-25-45133,2026-01-08,25-26/0000472,1060,INTER LINK,KANNUR,0,32AABFI5741B1ZO,0
43934,FORACORT 100 RC,2,105.6,140,5SA0869,2027-03-01,1,1,,IL-25-45133,2026-01-08,25-26/0000472,1060,INTER LINK,KANNUR,0,32AABFI5741B1ZO,0
62201,FORACORT 200 RC 60`S,3,279.35,360,5BA1057,2027-04-01,1,1,,IL-25-45133,2026-01-08,25-26/0000472,1060,INTER LINK,KANNUR,0,32AABFI5741B1ZO,0
64460,INFANT FEEDING TUBE 8FG,3,15.5,45,22A040,2026-12-01,1,1,,25-23389,2026-01-08,25-26/0000473,1080,LINK SURGICALS,KANNUR,0,32AACFL1761F1ZS,0
56648,FOLEYS CATHETER 16,2,35,100,25H079,2030-07-01,1,1,,25-23389,2026-01-08,25-26/0000473,1080,LINK SURGICALS,KANNUR,0,32AACFL1761F1ZS,0
64461,BD PEN NEEDLE,10,16.2,20,4355863,2029-01-01,1,1,,25-23389,2026-01-08,25-26/0000473,1080,LINK SURGICALS,KANNUR,0,32AACFL1761F1ZS,0
61014,ORAL B BRUSH EXTRASOFT 25,2,10.476,25,523785,2030-08-01,1,1,,25-23389,2026-01-08,25-26/0000473,1080,LINK SURGICALS,KANNUR,0,32AACFL1761F1ZS,0
62184,MELOCURE 3,20,44.57,58,INP25DD02,2026-11-01,10,10,,TL-25-29594,2026-01-08,25-26/0000474,1170,TRADE LINK,KANNUR,0,32AADFT4058N1ZY,0
62184,MELOCURE 3,30,44.57,58,INP25DD03,2027-02-01,10,10,,TL-25-29594,2026-01-08,25-26/0000474,1170,TRADE LINK,KANNUR,0,32AADFT4058N1ZY,0
64462,ZIMIGUT 550MG,16,412.86,530,UB00362,2027-12-01,10,10,,TL-25-29594,2026-01-08,25-26/0000474,1170,TRADE LINK,KANNUR,0,32AADFT4058N1ZY,0
64463,CLINDOT GEL,1,167.86,220,5070,2027-06-01,1,1,,DL-25-44302,2026-01-08,25-26/0000469,1041,DRUG LINK,KANNUR,0,32AACFD4259N1ZC,0
57279,VANTEJ AQUA MOUTH WASH,1,135.59,190,ABAA127,2027-09-01,1,1,,DL-25-44302,2026-01-08,25-26/0000469,1041,DRUG LINK,KANNUR,0,32AACFD4259N1ZC,0
61134,NEOSPORIN POWDER,2,81.64,105,R971,2027-08-01,1,1,,DL-25-44302,2026-01-08,25-26/0000469,1041,DRUG LINK,KANNUR,0,32AACFD4259N1ZC,0
62200,BIOTEE FORTE,18,142.14,180,25020TL,2027-03-01,10,10,,DL-25-44302,2026-01-08,25-26/0000469,1041,DRUG LINK,KANNUR,0,32AACFD4259N1ZC,0
61075,FEPANIL 125 SYP,3,18.06,23,FSL25K10,2027-09-01,1,1,,DL-25-44302,2026-01-08,25-26/0000469,1041,DRUG LINK,KANNUR,0,32AACFD4259N1ZC,0
61076,FEPANIL 250 SYP,1,32.64,42,FLD25K123,2027-09-01,1,1,,DL-25-44302,2026-01-08,25-26/0000469,1041,DRUG LINK,KANNUR,0,32AACFD4259N1ZC,0
57266,SIMILAC 1,1,460.95,550,81019MN1,2027-03-01,1,1,,LP-25-50693,2026-01-08,25-26/0000470,1203,LINK PHARMA,KANNUR,,32AABFT3905A1ZK,
57652,DEXORANGE CAP,2,146.82,185,GM0155278,2027-07-01,1,1,,LP-25-50693,2026-01-08,25-26/0000470,1203,LINK PHARMA,KANNUR,,32AABFT3905A1ZK,
58915,ZENTEL SYP,2,14.56,19,NA287,2028-05-01,1,1,,LP-25-50693,2026-01-08,25-26/0000470,1203,LINK PHARMA,KANNUR,,32AABFT3905A1ZK,
57388,CYCLOPAM TABLET,100,45.29,60,25070303,2026-11-01,10,10,,LP-25-50693,2026-01-08,25-26/0000470,1203,LINK PHARMA,KANNUR,,32AABFT3905A1ZK,
64466,NUROKIND PLUS NF INJ,3,22.45,29,L41Y027,2027-02-01,1,1,,LP-25-50693,2026-01-08,25-26/0000470,1203,LINK PHARMA,KANNUR,,32AABFT3905A1ZK,
64467,NERVEND TAB,10,137.14,173,RNDT2503,2027-02-01,10,10,,LP-25-50693,2026-01-08,25-26/0000470,1203,LINK PHARMA,KANNUR,,32AABFT3905A1ZK,
57644,NOVASOFT CREAM,3,72.54,100,CJ 2505,2027-09-01,1,1,,LP-25-50693,2026-01-08,25-26/0000470,1203,LINK PHARMA,KANNUR,,32AABFT3905A1ZK,
57746,NOVASOFT LOTION,6,104.41,150,BMB0109,2027-10-01,1,1,,LP-25-50693,2026-01-08,25-26/0000470,1203,LINK PHARMA,KANNUR,,32AABFT3905A1ZK,
57382,TRUCOF PD SYP,2,57.14,75,MTL-2614,2027-07-01,1,1,,LP-25-50693,2026-01-08,25-26/0000470,1203,LINK PHARMA,KANNUR,,32AABFT3905A1ZK,
57843,ATOGLA CREAM 100GM,2,284.75,400,AT2546,2027-08-01,1,1,,LP-25-50693,2026-01-08,25-26/0000470,1203,LINK PHARMA,KANNUR,,32AABFT3905A1ZK,
57844,ATOGLA LOTION 200ML,2,430.51,625,AL2565,2027-06-01,1,1,,LP-25-50693,2026-01-08,25-26/0000470,1203,LINK PHARMA,KANNUR,,32AABFT3905A1ZK,
64470,DOMSTAL DROPS,2,75.73,98,T960M005,2027-04-01,1,1,,LP-25-50693,2026-01-08,25-26/0000470,1203,LINK PHARMA,KANNUR,,32AABFT3905A1ZK,
57486,DOMSTAL SYP,2,30.23,40,TLK3M014,2027-05-01,1,1,,LP-25-50693,2026-01-08,25-26/0000470,1203,LINK PHARMA,KANNUR,,32AABFT3905A1ZK,
44337,ECOSPIRIN 75,25,4.34,5.2,56001939,2027-06-01,14,14,,LP-25-50693,2026-01-08,25-26/0000470,1203,LINK PHARMA,KANNUR,,32AABFT3905A1ZK,
59934,D PROTIN CF 500GM,1,496.76,620,DPCHE251131,2027-11-01,1,1,,ME21482,2026-01-08,25-26/0000475,10314,MUDRA ENTERPRISES,,,,
59935,D PROTIN VF 500GM,2,496.76,620,DPVAE250907,2027-08-01,1,1,,ME21482,2026-01-08,25-26/0000475,10314,MUDRA ENTERPRISES,,,,
56766,AMBROCON 30,114,15.96,30,T250077A,2027-08-01,10,10,,ME21482,2026-01-08,25-26/0000475,10314,MUDRA ENTERPRISES,,,,
59973,MEBEX TAB,84,9.7,18,AMQ15ANA,2028-01-01,6,6,,ME21482,2026-01-08,25-26/0000475,10314,MUDRA ENTERPRISES,,,,
57437,MASK KIDS,40,2.1,5,ZPD022025,2028-01-01,1,1,,ME21482,2026-01-08,25-26/0000475,10314,MUDRA ENTERPRISES,,,,
59972,CITRAMIC SYP,2,19.9,60,5YKL014,2027-10-01,1,1,,ME21482,2026-01-08,25-26/0000475,10314,MUDRA ENTERPRISES,,,,
59943,MENSTRUAL CUP M I ACTIVE,1,186,300,MMCF009,2030-09-01,1,1,,ME21482,2026-01-08,25-26/0000475,10314,MUDRA ENTERPRISES,,,,
63278,MENSTRUAL CUP S I ACTIVE,1,186,280,MSCF007,2030-08-01,1,1,,ME21482,2026-01-08,25-26/0000475,10314,MUDRA ENTERPRISES,,,,
57330,SHARKOFEROL PET 200GM,1,122.03,180,AN5568002,2027-03-01,1,1,,4779,2026-01-09,25-26/0000476,10302,english pharma,,,,
45923,SHARKOL 200 ML,1,125,150,138,2027-09-01,1,1,,4779,2026-01-09,25-26/0000476,10302,english pharma,,,,
64471,CFLOX TZ BOLUS,4,50,65,CF2539,2027-06-01,2,2,,4779,2026-01-09,25-26/0000476,10302,english pharma,,,,
45904,OSSOMIN SUSP 450 ML,2,152,190,COV25106,2027-06-01,1,1,,4779,2026-01-09,25-26/0000476,10302,english pharma,,,,
45909,AGRIMIN FORTE 1 KG,1,184,230,RN2251,2027-06-01,1,1,,4779,2026-01-09,25-26/0000476,10302,english pharma,,,,
44913,ACENEXT 100,141,10,20,JKAA25003,2027-03-01,10,10,,1103,2026-01-09,25-26/0000477,10283,MADHAVI ENTERPRISES,,,,9496360332
64473,MINOLAST KID SYP,4,38.3,60,MKD25002,2027-02-01,1,1,,1103,2026-01-09,25-26/0000477,10283,MADHAVI ENTERPRISES,,,,9496360332
46132,NIPPLE S (SMALL WONDER),6,21,28,25-02-03,2027-02-01,1,1,,1103,2026-01-09,25-26/0000477,10283,MADHAVI ENTERPRISES,,,,9496360332
43818,DERMIFORD OINT,4,33,70,DLWG5008,2026-12-01,1,1,,1103,2026-01-09,25-26/0000477,10283,MADHAVI ENTERPRISES,,,,9496360332
44618,METNIZID DG GEL,2,22,45,DLTK5001,2027-03-01,1,1,,1103,2026-01-09,25-26/0000477,10283,MADHAVI ENTERPRISES,,,,9496360332
44448,REBOZEN DSR,100,24,40,REB402J,2026-09-01,10,10,,1103,2026-01-09,25-26/0000477,10283,MADHAVI ENTERPRISES,,,,9496360332
59964,CYCLOPAM SUSP 60ML,2,73.57,95,25330110,2028-01-01,1,1,,LP-25-50693,2026-01-08,25-26/0000470,1203,LINK PHARMA,KANNUR,,32AABFT3905A1ZK,
57425,ROSUVIA 10,300,16.25,30,MOT25074,2027-03-01,15,15,,A002677,2026-01-08,25-26/0000478,10296,alka associates,,,,
57586,NURO LC,100,16.5,70,MHT-24448,2026-11-01,10,10,,A002677,2026-01-08,25-26/0000478,10296,alka associates,,,,
57618,EPLEREZONE 25,20,92.5,130,25S3GTA126,2027-01-01,10,10,,A002677,2026-01-08,25-26/0000478,10296,alka associates,,,,
57185,VONOSTRUM 10,50,43.25,80,SVA251001,2027-09-01,10,10,,A002677,2026-01-08,25-26/0000478,10296,alka associates,,,,
64474,NAYANTOB E/D,3,68.57,85,25094,2027-05-01,1,1,,2500173005094,2026-01-07,25-26/0000479,10268,FATHIMA MATHA MEDICALS,,,,
58883,VOLINI GEL 30GM,1,121.9,160,SXG1592A,2027-06-01,1,1,,2500173005094,2026-01-07,25-26/0000479,10268,FATHIMA MATHA MEDICALS,,,,
64377,VOLINI SPRAY 15GM,1,59.29,78,CSC0023,2027-05-01,1,1,,2500173005094,2026-01-07,25-26/0000479,10268,FATHIMA MATHA MEDICALS,,,,
57285,MOOV SPRAY 15G,3,77.5,90,B5113A4,2027-09-01,1,1,,2500173005094,2026-01-07,25-26/0000479,10268,FATHIMA MATHA MEDICALS,,,,
45561,CIPLADINE POWDER,5,30,50,N0250013,2027-12-01,1,1,,2500173005094,2026-01-07,25-26/0000479,10268,FATHIMA MATHA MEDICALS,,,,
57030,CHLORAGESIC E/D,3,37.5,48,11224,2026-04-01,1,1,,2500173005094,2026-01-07,25-26/0000479,10268,FATHIMA MATHA MEDICALS,,,,
44920,BREATH EAZY 200,2,155.44,190,A056725,2027-11-01,1,1,,2500173005094,2026-01-07,25-26/0000479,10268,FATHIMA MATHA MEDICALS,,,,
57444,FEEDING BOTTLE 125ML MUZEE,2,72,110,24-03-02,2031-12-01,1,1,,2500173005094,2026-01-07,25-26/0000479,10268,FATHIMA MATHA MEDICALS,,,,
57392,MEFTAL SPAS TAB,56,37.14,50,YMS24174,2027-07-01,10,10,,2500173005094,2026-01-07,25-26/0000479,10268,FATHIMA MATHA MEDICALS,,,,
44300,CALAMIN LOTION,1,20,50,CE135,2028-05-01,1,1,,2500173005094,2026-01-07,25-26/0000479,10268,FATHIMA MATHA MEDICALS,,,,
57422,KETOKEM SOAP,1,50,80,KKS25222ED,2028-05-01,1,1,,2500173005094,2026-01-07,25-26/0000479,10268,FATHIMA MATHA MEDICALS,,,,
45626,EMIN TAB,46,7,20,GC955008,2028-07-01,10,10,,2500173005094,2026-01-07,25-26/0000479,10268,FATHIMA MATHA MEDICALS,,,,
56827,ELADI LEHYAM 100G,3,64.29,90,B1214,2027-01-01,1,1,,2500173005094,2026-01-07,25-26/0000479,10268,FATHIMA MATHA MEDICALS,,,,
43747,ORTHOHERB 30,1,141.27,178,A015925,2028-05-01,1,1,,2500173005094,2026-01-07,25-26/0000479,10268,FATHIMA MATHA MEDICALS,,,,
45143,BAND AID,200,1,2,MM24-111,2028-05-01,1,1,,2500173005094,2026-01-07,25-26/0000479,10268,FATHIMA MATHA MEDICALS,,,,
64477,NEELABRINGADI OIL KALAN`S,2,130,165,749,2028-10-01,1,1,,2500173005094,2026-01-07,25-26/0000479,10268,FATHIMA MATHA MEDICALS,,,,
56833,NASAL INHALER AMRUTANJAN ,18,35,45,H2125052,2027-08-01,1,1,,2500173005094,2026-01-07,25-26/0000479,10268,FATHIMA MATHA MEDICALS,,,,
61148,AMRUTHANJAN  ROLL ON 20RS,14,16.67,20,3004,2027-04-01,1,1,,10629,2026-01-10,25-26/0000480,10315,AMALA STATIONERY,ANGADIKADAVU,,,
57001,DOVE SOAP,1,51.43,58,9603,2028-06-01,1,1,,10629,2026-01-10,25-26/0000480,10315,AMALA STATIONERY,ANGADIKADAVU,,,
61128,VASELINE 20GM,5,43.22,55,2712,2028-06-01,1,1,,10629,2026-01-10,25-26/0000480,10315,AMALA STATIONERY,ANGADIKADAVU,,,
56998,SENSODYNE BRUSH 31,1,24.762,31,9603,2028-06-01,1,1,,10629,2026-01-10,25-26/0000480,10315,AMALA STATIONERY,ANGADIKADAVU,,,
56981,PAMPERS L 5`S,2,79.05,105,9619,2028-06-01,1,1,,10629,2026-01-10,25-26/0000480,10315,AMALA STATIONERY,ANGADIKADAVU,,,
57853,ENCHANTER TALC 75GM,1,80,106,3304,2028-06-01,1,1,,10629,2026-01-10,25-26/0000480,10315,AMALA STATIONERY,ANGADIKADAVU,,,
57410,COLGATE 100GM,3,60,70,3306,2028-06-01,1,1,,10629,2026-01-10,25-26/0000480,10315,AMALA STATIONERY,ANGADIKADAVU,,,
57045,PAMPERS M 12`S,1,161.9,196,9619,2028-06-01,1,1,,10629,2026-01-10,25-26/0000480,10315,AMALA STATIONERY,ANGADIKADAVU,,,
64479,BABY WIPES MEEMEE,4,70,100,B250279,2027-05-01,1,1,,405-7875344-4372316,2026-01-03,25-26/0000462,10325,AMAZON,,,,
64480,BABY WIPES LITTLES SOFT CLEANSING,2,85,120,LWHF148,2027-08-01,1,1,,405-7875344-4372316,2026-01-03,25-26/0000462,10325,AMAZON,,,,
64481,CETAPHIL BABY CLEANSING BAR 100GM,5,185,205,GCB25005,2026-12-01,1,1,,405-7875344-4372316,2026-01-03,25-26/0000462,10325,AMAZON,,,,
64483,COLGATE KIDS 6+ BARBIE 80G,2,140,175,B06,2027-11-01,1,1,,405-7875344-4372316,2026-01-03,25-26/0000462,10325,AMAZON,,,,
64484,COLGATE KIDS 6+ GLOW IN DARK  80G,2,140,175,B22,2027-09-01,1,1,,405-7875344-4372316,2026-01-03,25-26/0000462,10325,AMAZON,,,,
64485,COLGATE KIDS (6-9)  80G,1,190,225,B08,2027-11-01,1,1,,405-7875344-4372316,2026-01-03,25-26/0000462,10325,AMAZON,,,,
64486,COLGATE KIDS (3-5)  80G,1,190,225,B07,2027-11-01,1,1,,405-7875344-4372316,2026-01-03,25-26/0000462,10325,AMAZON,,,,
44733,DETTOL  550 ML,2,225.29,260,3277930,2029-02-01,1,1,,2660,2026-01-10,25-26/0000481,10332,KAIRALI PHARMA&SURGICALS,,,,
44732,DETTOL  60 ML,3,36.05,41,3277928,2029-03-01,1,1,,2660,2026-01-10,25-26/0000481,10332,KAIRALI PHARMA&SURGICALS,,,,
45629,GLUCOSE D 50GM,5,11.5,20,241156,2026-10-01,1,1,,2660,2026-01-10,25-26/0000481,10332,KAIRALI PHARMA&SURGICALS,,,,
64488,HENNA POWDER ,6,29.2,50,E01,2026-05-01,1,1,,2660,2026-01-10,25-26/0000481,10332,KAIRALI PHARMA&SURGICALS,,,,
64489,ITCH GUARD CREAM 12G,1,57.1,67,A1073,2028-07-01,1,1,,2660,2026-01-10,25-26/0000481,10332,KAIRALI PHARMA&SURGICALS,,,,
57023,MOOV OINT 20GM,2,97.62,123,A1278,2028-02-01,1,1,,2660,2026-01-10,25-26/0000481,10332,KAIRALI PHARMA&SURGICALS,,,,
64490,NEO CRACK CREAM,2,51.5,95,G181,2027-03-01,1,1,,2660,2026-01-10,25-26/0000481,10332,KAIRALI PHARMA&SURGICALS,,,,
56776,SAIBOL 15GM,5,39,48,I-25017,2027-04-01,1,1,,2660,2026-01-10,25-26/0000481,10332,KAIRALI PHARMA&SURGICALS,,,,
64491,CIPOFRESH MOUTH ULCER GEL,1,60,75,N0250210,2027-02-01,1,1,,2660,2026-01-10,25-26/0000481,10332,KAIRALI PHARMA&SURGICALS,,,,
64492,GILLETTE PRESTO 4+1,3,78,98,5318786Z0,2029-11-01,1,1,,405-7875344-4372316,2026-01-03,25-26/0000462,10325,AMAZON,,,,
64493,NIVEA CREME 100ML,1,200,261,B54616650,2028-04-01,1,1,,405-7875344-4372316,2026-01-03,25-26/0000462,10325,AMAZON,,,,
64494,SQUEEZ FEEDER SILICON,2,175,250,SQFEEDER,2029-01-11,1,1,,405-7875344-4372316,2026-01-03,25-26/0000462,10325,AMAZON,,,,
64482,FEEDING BOTTLE AVENT PHILIPS 125ML,3,410,490,SCY900,2028-06-01,1,1,,405-7875344-4372316,2026-01-03,25-26/0000462,10325,AMAZON,,,,
64496,LIP BALM NIVEA 24H+ 4.8GM,1,125,166,BCNM0050,2028-07-01,1,1,,405-7875344-4372316,2026-01-03,25-26/0000462,10325,AMAZON,,,,
64497,STETHOSCOPE DR. MOREPEN,2,280,450,ST01AKK017,2029-11-01,1,1,,405-7875344-4372316,2026-01-03,25-26/0000462,10325,AMAZON,,,,
57404,REMIUM F 5/160,160,19.5,40,CMT25-0392,2027-06-01,10,10,,25000730019512,2026-01-07,25-26/0000482,10312,JANATHA PHARMA,MANGLORE,KA-MN1-245544,29EKIPS0746F1ZT,
57550,NIFEDULE RT 30,105,48,75,SPT251434,2027-05-01,15,15,,25000730019512,2026-01-07,25-26/0000482,10312,JANATHA PHARMA,MANGLORE,KA-MN1-245544,29EKIPS0746F1ZT,
44772,ROLL BANDAGE 10X3,45,40,100,335,2030-01-01,10,10,,25000730019512,2026-01-07,25-26/0000482,10312,JANATHA PHARMA,MANGLORE,KA-MN1-245544,29EKIPS0746F1ZT,
45177,ROLL BANDAGE 5X3,49,20,50,335,2030-11-01,10,10,,25000730019512,2026-01-07,25-26/0000482,10312,JANATHA PHARMA,MANGLORE,KA-MN1-245544,29EKIPS0746F1ZT,
45537,ROLL BANDAGE 7.5X3,4,30,70,335,2030-01-01,10,10,,25000730019512,2026-01-07,25-26/0000482,10312,JANATHA PHARMA,MANGLORE,KA-MN1-245544,29EKIPS0746F1ZT,
56958,PREPROBIOTICS,82,30,50,AMN01FBA,2027-07-01,10,10,,25000730019512,2026-01-07,25-26/0000482,10312,JANATHA PHARMA,MANGLORE,KA-MN1-245544,29EKIPS0746F1ZT,
57514,SEIZMET G2 FORTE ,119,24.47,55,STY25002,2027-05-01,15,15,,25000730019512,2026-01-07,25-26/0000482,10312,JANATHA PHARMA,MANGLORE,KA-MN1-245544,29EKIPS0746F1ZT,
64499,GLIMIN MF 850/3,20,21,60,ST 25-2229,2027-06-01,10,10,,25000730019512,2026-01-07,25-26/0000482,10312,JANATHA PHARMA,MANGLORE,KA-MN1-245544,29EKIPS0746F1ZT,
56718,ST GLIPTIN 100/500,60,41.32,90,SIBP25379,2027-05-01,15,15,,25000730019512,2026-01-07,25-26/0000482,10312,JANATHA PHARMA,MANGLORE,KA-MN1-245544,29EKIPS0746F1ZT,
56753,TENAGE MF,50,87,120,T4077,2026-07-01,10,10,,25000730019512,2026-01-07,25-26/0000482,10312,JANATHA PHARMA,MANGLORE,KA-MN1-245544,29EKIPS0746F1ZT,
63362,LUVLAP DIAPER PANT XL 6`S,3,54.45,92.81,LLEXL7/0524,2026-09-01,1,1,,25000730019512,2026-01-07,25-26/0000482,10312,JANATHA PHARMA,MANGLORE,KA-MN1-245544,29EKIPS0746F1ZT,
56730,DEFRACKET 6,1,25,50,SHH-2401,2026-08-01,10,10,,25000730019512,2026-01-07,25-26/0000482,10312,JANATHA PHARMA,MANGLORE,KA-MN1-245544,29EKIPS0746F1ZT,
64499,GLIMIN MF 850/3,100,21,60,ST25-3713,2027-09-01,10,10,,25000730019512,2026-01-07,25-26/0000482,10312,JANATHA PHARMA,MANGLORE,KA-MN1-245544,29EKIPS0746F1ZT,
46244,COTTON 50G,8,24.58,50,368-01,2028-05-01,1,1,,250017300965,2026-01-12,25-26/0000483,10322,MED WORLD PHARMA,,,,
64503,NOZYREST NASAL DROPS,4,29.99,45,OPE685,2027-07-01,1,1,,250017300965,2026-01-12,25-26/0000483,10322,MED WORLD PHARMA,,,,
64504,OLOGAZE EYE DROP,3,29.87,60,HE12597,2026-08-01,1,1,,250017300965,2026-01-12,25-26/0000483,10322,MED WORLD PHARMA,,,,
57626,PREGNANCY KIT ,18,11.55,40,MPHG24051,2026-07-01,1,1,,250017300965,2026-01-12,25-26/0000483,10322,MED WORLD PHARMA,,,,
64505,MUCOJAN 600,13,80.5,110,MNT92520,2026-05-01,10,10,,250017300965,2026-01-12,25-26/0000483,10322,MED WORLD PHARMA,,,,
56709,DIGITAL THERMOMETER(HICKS),2,99.98,150,2,2030-03-01,1,1,,250017300965,2026-01-12,25-26/0000483,10322,MED WORLD PHARMA,,,,
57347,X VIS 500,50,198.98,250,XT2410E,2026-09-01,10,10,,250017300965,2026-01-12,25-26/0000483,10322,MED WORLD PHARMA,,,,
57341,SYRINGE 2ML,14,2.1,5,2524G28,2028-04-01,1,1,,250017300965,2026-01-12,25-26/0000483,10322,MED WORLD PHARMA,,,,
44687,GLYCOHALE FB R/C,1,478.89,610,5BA1295,2026-10-01,1,1,,PD02623,2026-01-13,25-26/0000484,1107,NORTHERN PHARMA,KASARAGOD,0,0,0
57466,ASCORIL FLU DROPS,1,62.14,80,LB-072502,2026-12-01,1,1,,PD02623,2026-01-13,25-26/0000484,1107,NORTHERN PHARMA,KASARAGOD,0,0,0
56800,TICTAC STRAWBERRY,12,15.31,18,12,2028-06-01,1,1,,ASP05470,2026-01-12,25-26/0000485,10313,MINI AGENCIES,,,,
56802,TICTAC MINT,12,15.31,18,HGK,2026-06-01,1,1,,ASP05470,2026-01-12,25-26/0000485,10313,MINI AGENCIES,,,,
56801,TICTAC ORANGE,5,15.31,18,12,2026-06-01,1,1,,ASP05470,2026-01-12,25-26/0000485,10313,MINI AGENCIES,,,,
56785,NAN PRO 2,4,659.68,755,53360453L1,2026-11-01,1,1,,NAS16322,2026-01-12,25-26/0000486,10313,MINI AGENCIES,,,,
61048,LACTODEX 4 450GM,2,443.57,517.5,DG70250113,2027-01-01,1,1,,25128,2026-01-13,25-26/0000488,1100,MODERN PHARMA,KANNUR,0,32AAEFM3567C1ZN,0
64452,ASCORIL D+ SYP,2,120.71,157,11250968,2027-05-01,1,1,,25128,2026-01-13,25-26/0000488,1100,MODERN PHARMA,KANNUR,0,32AAEFM3567C1ZN,0
57465,ASCORIL LS 100ML,2,110.36,145,05251000A,2027-06-01,1,1,,25128,2026-01-13,25-26/0000488,1100,MODERN PHARMA,KANNUR,0,32AAEFM3567C1ZN,0
57509,ASCORIL LS JUNIOR,2,82.86,108,05251206A,2027-02-01,1,1,,25128,2026-01-13,25-26/0000488,1100,MODERN PHARMA,KANNUR,0,32AAEFM3567C1ZN,0
64507,CYRA TAB,52,21.42,28,CA22033,2027-05-01,10,10,,25128,2026-01-13,25-26/0000488,1100,MODERN PHARMA,KANNUR,0,32AAEFM3567C1ZN,0
57463,CANDIBIOTIC PLUS E/D,1,78.57,100,N25CP035,2027-01-01,1,1,,25128,2026-01-13,25-26/0000488,1100,MODERN PHARMA,KANNUR,0,32AAEFM3567C1ZN,0
62234,CANDID B CREAM 10G,4,90,118,11250739,2027-04-01,1,1,,25128,2026-01-13,25-26/0000488,1100,MODERN PHARMA,KANNUR,0,32AAEFM3567C1ZN,0
62233,DERMADEW BABY SOAP,3,142.37,185,B306,2028-10-01,1,1,,25128,2026-01-13,25-26/0000488,1100,MODERN PHARMA,KANNUR,0,32AAEFM3567C1ZN,0
64412,AKRALIC 6% OINT,1,49.48,62,K87,2027-04-01,1,1,,25128,2026-01-13,25-26/0000488,1100,MODERN PHARMA,KANNUR,0,32AAEFM3567C1ZN,0
64508,DERMADEW ALOE PLUS CREAM,2,170.85,245,B041,2027-07-01,1,1,,25128,2026-01-13,25-26/0000488,1100,MODERN PHARMA,KANNUR,0,32AAEFM3567C1ZN,0
57431,TOFATOID 5,82,35,70,LGP06/300/17,2027-05-01,10,10,,A002727,2026-01-13,25-26/0000489,10296,alka associates,,,,
64509,CARVEDIOL 6.25,120,8.9,15,DZP01ADA,2027-05-01,10,10,,A002727,2026-01-13,25-26/0000489,10296,alka associates,,,,
64510,CIDINITAB T 10/40,90,14.5,28,STC125001,2027-06-01,10,10,,A002727,2026-01-13,25-26/0000489,10296,alka associates,,,,
57262,KETONALOG ALFA ,100,53,85,STG-250846,2027-04-01,10,10,,A002727,2026-01-13,25-26/0000489,10296,alka associates,,,,
56665,SILODOSIA 8D,79,55,100,BTH01ACA,2027-01-01,10,10,,A002727,2026-01-13,25-26/0000489,10296,alka associates,,,,
46238,ALOEVERA GEL,4,37.5,50,1056,2026-11-01,1,1,,B2C-1704/25-26,2026-01-12,25-26/0000490,1052,GENERAL TRADE LINKS,KANNUR,0,32AAEFG2263D1ZI,0
57243,BOROLINE ,7,34,40,A478,2028-11-01,1,1,,B2C-1704/25-26,2026-01-12,25-26/0000490,1052,GENERAL TRADE LINKS,KANNUR,0,32AAEFG2263D1ZI,0
64511,DABUR HONEY 50GM,2,39,45,BD4046,2027-04-01,1,1,,B2C-1704/25-26,2026-01-12,25-26/0000490,1052,GENERAL TRADE LINKS,KANNUR,0,32AAEFG2263D1ZI,0
64408,DABUR HONEY 20GM,4,20,24,NP5994,2026-10-01,1,1,,B2C-1704/25-26,2026-01-12,25-26/0000490,1052,GENERAL TRADE LINKS,KANNUR,0,32AAEFG2263D1ZI,0
64409,DABUR HONEY 100GM,2,60,70,NP6125,2027-05-01,1,1,,B2C-1704/25-26,2026-01-12,25-26/0000490,1052,GENERAL TRADE LINKS,KANNUR,0,32AAEFG2263D1ZI,0
56814,GLUCORADE SHOTS ORANGE,20,144.95,200,O-25195,2026-11-01,20,20,,B2C-1704/25-26,2026-01-12,25-26/0000490,1052,GENERAL TRADE LINKS,KANNUR,0,32AAEFG2263D1ZI,0
56819,SEBOLIN 40G,2,45.72,65,2504,2029-09-01,1,1,,B2C-1704/25-26,2026-01-12,25-26/0000490,1052,GENERAL TRADE LINKS,KANNUR,0,32AAEFG2263D1ZI,0
44920,BREATH EAZY 200,1,155,190,A056725,2027-11-01,1,1,,B2C-1704/25-26,2026-01-12,25-26/0000490,1052,GENERAL TRADE LINKS,KANNUR,0,32AAEFG2263D1ZI,0
56812,KAYAM TAB 30`S,2,95,115,5123,2028-10-01,1,1,,B2C-1704/25-26,2026-01-12,25-26/0000490,1052,GENERAL TRADE LINKS,KANNUR,0,32AAEFG2263D1ZI,0
56832,SARVA MARMA THAILAM ,4,91,115,SBA043,2028-11-01,1,1,,B2C-1704/25-26,2026-01-12,25-26/0000490,1052,GENERAL TRADE LINKS,KANNUR,0,32AAEFG2263D1ZI,0
63330,INDIGO LEAF POWDER,3,46.67,60,SHP104,2029-01-01,1,1,,B2C-1704/25-26,2026-01-12,25-26/0000490,1052,GENERAL TRADE LINKS,KANNUR,0,32AAEFG2263D1ZI,0
43832,BD SYRINGE,54,9.06,11,4240013,2029-09-01,1,1,,189,2026-01-13,25-26/0000491,10311,MALABAR PHARMA,"CASA MARINA COMPLEX,THALAP,KANNUR",WLF20B2024KL001695,32BQKPN5471R1Z3,9037573266
56643,BREATH WELL SG CAP,25,16,40,DR25078B,2027-01-01,10,10,,189,2026-01-13,25-26/0000491,10311,MALABAR PHARMA,"CASA MARINA COMPLEX,THALAP,KANNUR",WLF20B2024KL001695,32BQKPN5471R1Z3,9037573266
44271,GENVOL PLUS,29,19,40,JSHY24007,2026-12-01,10,10,,189,2026-01-13,25-26/0000491,10311,MALABAR PHARMA,"CASA MARINA COMPLEX,THALAP,KANNUR",WLF20B2024KL001695,32BQKPN5471R1Z3,9037573266
64512,ADULT DIAPER STICK ON M SOAK SHIELD,1,220,300,CADM10-09,2028-03-01,1,1,,189,2026-01-13,25-26/0000491,10311,MALABAR PHARMA,"CASA MARINA COMPLEX,THALAP,KANNUR",WLF20B2024KL001695,32BQKPN5471R1Z3,9037573266
64513,KINDER GRIPE WATER,3,27,50,K25005ED,2027-02-01,1,1,,189,2026-01-13,25-26/0000491,10311,MALABAR PHARMA,"CASA MARINA COMPLEX,THALAP,KANNUR",WLF20B2024KL001695,32BQKPN5471R1Z3,9037573266
45684,OTRIVEL P NASAL SPRAY,10,25.35,45,KPN25A06A,2027-07-01,1,1,,189,2026-01-13,25-26/0000491,10311,MALABAR PHARMA,"CASA MARINA COMPLEX,THALAP,KANNUR",WLF20B2024KL001695,32BQKPN5471R1Z3,9037573266
46033,GLOVES HOUSEHOLD,5,43,75,HHG1025M,2028-02-01,1,1,,189,2026-01-13,25-26/0000491,10311,MALABAR PHARMA,"CASA MARINA COMPLEX,THALAP,KANNUR",WLF20B2024KL001695,32BQKPN5471R1Z3,9037573266
56641,DRESSING PAD 15*10,1,16.5,40,SP-15-0282,2027-08-01,1,1,,189,2026-01-13,25-26/0000491,10311,MALABAR PHARMA,"CASA MARINA COMPLEX,THALAP,KANNUR",WLF20B2024KL001695,32BQKPN5471R1Z3,9037573266
45683,OTRIVEL NASAL SPRAY,3,25.2,45,KPN25E10A,2027-07-01,1,1,,189,2026-01-13,25-26/0000491,10311,MALABAR PHARMA,"CASA MARINA COMPLEX,THALAP,KANNUR",WLF20B2024KL001695,32BQKPN5471R1Z3,9037573266
44768,DRESSING PAD 10*20,5,21.56,50,SP-20-0599,2027-08-01,1,1,,189,2026-01-13,25-26/0000491,10311,MALABAR PHARMA,"CASA MARINA COMPLEX,THALAP,KANNUR",WLF20B2024KL001695,32BQKPN5471R1Z3,9037573266
56902,NETAMOL 650MG,168,8,15,ABBAA24020,2027-05-01,15,15,,1126,2026-01-14,25-26/0000492,10283,MADHAVI ENTERPRISES,,,,9496360332
63249,NETADINE GARGLE,2,35,60,C101A,2027-04-01,1,1,,1126,2026-01-14,25-26/0000492,10283,MADHAVI ENTERPRISES,,,,9496360332
64514,NETADINE SOLUTION,1,30,45,1420725,2027-06-01,1,1,,1126,2026-01-14,25-26/0000492,10283,MADHAVI ENTERPRISES,,,,9496360332
63304,BREAST PUMP SMALL WONDER,1,505,750,25-03-02,2030-07-01,1,1,,1126,2026-01-14,25-26/0000492,10283,MADHAVI ENTERPRISES,,,,9496360332
57181,KNEE CAP L LEEFORD,2,205,260,FL05-L/24,2030-10-01,1,1,,1126,2026-01-14,25-26/0000492,10283,MADHAVI ENTERPRISES,,,,9496360332
57420,ENSHINE KIDS TOOTHPASTE,4,58,100,BLBQ5002,2027-07-01,1,1,,1126,2026-01-14,25-26/0000492,10283,MADHAVI ENTERPRISES,,,,9496360332
64515,SKINSHINE CREAM 30GM,1,60,148,E24927,2026-11-01,1,1,,1126,2026-01-14,25-26/0000492,10283,MADHAVI ENTERPRISES,,,,9496360332
64516,AMOXYCLAV SAFE DRY SYP,2,44.3,64,MFL0496,2026-12-01,1,1,,1126,2026-01-14,25-26/0000492,10283,MADHAVI ENTERPRISES,,,,9496360332
57116,IBUFYL PLUS SUSP,2,18.5,30,CTLH25004,2027-04-01,1,1,,1126,2026-01-14,25-26/0000492,10283,MADHAVI ENTERPRISES,,,,9496360332
44269,REDNISOL 8,22,21,45,4724006,2026-09-01,10,10,,1126,2026-01-14,25-26/0000492,10283,MADHAVI ENTERPRISES,,,,9496360332
57869,DYSTAMIDE 100,60,67,105,21485001,2027-02-01,10,10,,1126,2026-01-14,25-26/0000492,10283,MADHAVI ENTERPRISES,,,,9496360332
44233,REDNISOL 4,50,15.75,28,4715003,2027-05-01,10,10,,1126,2026-01-14,25-26/0000492,10283,MADHAVI ENTERPRISES,,,,9496360332
45064,NASOCAN N/D,6,18.5,40,DLTA5006,2027-09-01,1,1,,1126,2026-01-14,25-26/0000492,10283,MADHAVI ENTERPRISES,,,,9496360332
57828,LDC 11 JELLY,4,25.92,35,1827,2027-01-01,1,1,,2500173005243,2026-01-14,25-26/0000493,10268,FATHIMA MATHA MEDICALS,,,,
45140,V WASH PLUS 20ML,5,35.6,50,B224,2027-07-01,1,1,,2500173005243,2026-01-14,25-26/0000493,10268,FATHIMA MATHA MEDICALS,,,,
57630,BAND AID WASHPROOF,200,110,250,MW24-108,2028-02-01,100,100,,2500173005243,2026-01-14,25-26/0000493,10268,FATHIMA MATHA MEDICALS,,,,
45676,IV SET ,2,15,50,G25J020259,2030-09-01,1,1,,2500173005243,2026-01-14,25-26/0000493,10268,FATHIMA MATHA MEDICALS,,,,
57050,TISSUE PAPER,4,16,35,PCN003,2030-12-01,1,1,,2500173005243,2026-01-14,25-26/0000493,10268,FATHIMA MATHA MEDICALS,,,,
46053,CIPLADIN OINT 15GM,4,28,45,N0241137,2026-11-01,1,1,,2500173005243,2026-01-14,25-26/0000493,10268,FATHIMA MATHA MEDICALS,,,,
64455,MOOV OINT 50GM,1,213.5,255,A1239,2028-02-01,1,1,,2500173005243,2026-01-14,25-26/0000493,10268,FATHIMA MATHA MEDICALS,,,,
58883,VOLINI GEL 30GM,2,121.9,160,SXG1592A,2027-06-01,1,1,,2500173005243,2026-01-14,25-26/0000493,10268,FATHIMA MATHA MEDICALS,,,,
61070,ZINCOVIT DROPS,1,84.74,108,ZVD25033,2026-08-01,1,1,,2500173005243,2026-01-14,25-26/0000493,10268,FATHIMA MATHA MEDICALS,,,,
57591,ADULT DIAPER S FRIENDS,1,245,350,260924,2027-08-01,1,1,,2500173005243,2026-01-14,25-26/0000493,10268,FATHIMA MATHA MEDICALS,,,,
57721,DENTAL FLOSS FORCE 24,4,0,190,,2025-10-05,1,1,,,,25-26/0000001,0,,,,,
64517,LIP BALM MAXISOFT SPF 15,6,60,90,MLC501,2028-12-01,1,1,,405-7875344-4372316,2026-01-03,25-26/0000462,10325,AMAZON,,,,
64518,SAMPLE BOTTLE 30ML,25,6,10,SAM25,2029-01-15,1,1,,405-7875344-4372316,2026-01-03,25-26/0000462,10325,AMAZON,,,,
64520,NASAL RINSE BOTTLE,2,210,290,SINUSRINSE,2030-01-15,1,1,,405-7875344-4372316,2026-01-03,25-26/0000462,10325,AMAZON,,,,
64521,NIVEA SOFT MOIST CREAM 100ML,1,150,252,B54759150,2028-04-01,1,1,,405-7875344-4372316,2026-01-03,25-26/0000462,10325,AMAZON,,,,
45404,COTTON 15GM,15,13.125,25,1111,2027-10-01,1,1,,9079,2026-01-15,25-26/0000494,10301,PEARL MEDICENTER,THALASSERY,,,
45326,KAINOGEL ,6,21.33,60,40477,2026-11-01,1,1,,9079,2026-01-15,25-26/0000494,10301,PEARL MEDICENTER,THALASSERY,,,
45275,PRAZOPAN 40,550,11.76,25,ARU03ACA,2027-07-01,10,10,,9079,2026-01-15,25-26/0000494,10301,PEARL MEDICENTER,THALASSERY,,,
57245,BABY WIPES LUVLAP BUY2GET1,2,145.3,220,HPA4213,2028-04-01,1,1,,9079,2026-01-15,25-26/0000494,10301,PEARL MEDICENTER,THALASSERY,,,
64384,LUVLAP DIAPER PANT L B20G20,3,321.54,389,145,2027-07-01,1,1,,9079,2026-01-15,25-26/0000494,10301,PEARL MEDICENTER,THALASSERY,,,
64386,LUVLAP DIAPER PANT S B20G20,2,263.68,319,145,2027-07-01,1,1,,9079,2026-01-15,25-26/0000494,10301,PEARL MEDICENTER,THALASSERY,,,
56871,SANITIZER 100ML,5,33.75,60,718,2027-08-01,1,1,,9079,2026-01-15,25-26/0000494,10301,PEARL MEDICENTER,THALASSERY,,,
57423,TENDODELL,100,40,80,EHT-1566,2026-12-01,10,10,,A002739,2026-01-14,25-26/0000495,10296,alka associates,,,,
64522,APIXALIS 5,30,21,45,T252930,2027-09-01,10,10,,A002739,2026-01-14,25-26/0000495,10296,alka associates,,,,
57771,ROSUVIA GOLD 20,150,45,75,C250320,2027-11-01,15,15,,A002739,2026-01-14,25-26/0000495,10296,alka associates,,,,
57288,BILATINE M,14,26,60,AVF04AAA,2027-10-01,10,10,,A002739,2026-01-14,25-26/0000495,10296,alka associates,,,,
64523,ATOVASTRIN  AV 75/20,45,25,40,PLSIH501,2027-07-01,15,15,,A002739,2026-01-14,25-26/0000495,10296,alka associates,,,,
57212,CIDINITAB 5,200,5.4,15,WCNB325001,2027-07-01,10,10,,A002739,2026-01-14,25-26/0000495,10296,alka associates,,,,
57224,TENELIGOLD 20,123,16.75,30,STW25001,2027-10-01,15,15,,A002739,2026-01-14,25-26/0000495,10296,alka associates,,,,
57622,VRITEL TRIO 6.25,105,24,60,WSVT325001,2027-11-01,15,15,,A002739,2026-01-14,25-26/0000495,10296,alka associates,,,,
57371,ROUSTRIN CV 20,75,38,65,AMN01EKA,2026-09-01,15,15,,A002739,2026-01-14,25-26/0000495,10296,alka associates,,,,
45626,EMIN TAB,500,7,20,GC955008,2028-07-01,10,10,,2500173005274,2026-01-15,25-26/0000496,10268,FATHIMA MATHA MEDICALS,,,,
45809,NORLUT N,153,25,40,QD5013A,2027-03-01,10,10,,2500173005274,2026-01-15,25-26/0000496,10268,FATHIMA MATHA MEDICALS,,,,
57038,DOCTORS PHENYL,3,62,90,25194,2027-04-01,1,1,,2500173005274,2026-01-15,25-26/0000496,10268,FATHIMA MATHA MEDICALS,,,,
43881,EVION LC,150,49.5,65,5270C82304,2027-02-01,10,10,,2500173005274,2026-01-15,25-26/0000496,10268,FATHIMA MATHA MEDICALS,,,,
57283,LIV 52 DS,1,197.5,250,111250386,2028-03-01,1,1,,2500173005274,2026-01-15,25-26/0000496,10268,FATHIMA MATHA MEDICALS,,,,
58888,EXAM GLOVES SURAKSHA M,200,257,500,SUPO20164,2030-09-01,100,100,,25-23991,2026-01-15,25-26/0000497,1080,LINK SURGICALS,KANNUR,0,32AACFL1761F1ZS,0
58889,EXAM GLOVES SURAKSHA L,300,257,500,SUP020161,2030-08-01,100,100,,25-23991,2026-01-15,25-26/0000497,1080,LINK SURGICALS,KANNUR,0,32AACFL1761F1ZS,0
57500,D RISE 60K,12,100.22,131,SDR1925,2027-09-01,4,4,,LP-25-52182,2026-01-15,25-26/0000498,1203,LINK PHARMA,KANNUR,,32AABFT3905A1ZK,
61023,CETAPHIL GENTLE SKIN CLEANSER 125ML OILY SKIN,2,473.9,629,B5NB94,2028-04-01,1,1,,SP-25-25255,2026-01-15,25-26/0000501,1146,SHREYAS PHARMACEUTICALS,KANNUR,0,32AAKFS1960R1ZN,0
61165,PIRANULIN,30,514.29,670,FHC0179,2027-01-01,10,10,,SP-25-25255,2026-01-15,25-26/0000501,1146,SHREYAS PHARMACEUTICALS,KANNUR,0,32AAKFS1960R1ZN,0
43933,LUPIHALER ,2,232.69,290,A25080CL,2030-05-01,1,1,,IL-25-46397,2026-01-15,25-26/0000502,1060,INTER LINK,KANNUR,0,32AABFI5741B1ZO,0
44735,ROTAHALER ,1,145.14,190,03J25046,2030-06-01,1,1,,IL-25-46397,2026-01-15,25-26/0000502,1060,INTER LINK,KANNUR,0,32AABFI5741B1ZO,0
57540,RAPITUS SYP,1,85.53,110,18254732A,2028-10-01,1,1,,IL-25-46397,2026-01-15,25-26/0000502,1060,INTER LINK,KANNUR,0,32AABFI5741B1ZO,0
61161,MICROCID SR 75,60,102.14,134,MIB50025,2027-04-01,10,10,,TL-25-30486,2026-01-15,25-26/0000503,1170,TRADE LINK,KANNUR,0,32AADFT4058N1ZY,0
57270,SIMILAC 4,2,460.95,550,82009MN2,2026-10-01,1,1,,LP-25-52104,2026-01-15,25-26/0000504,1203,LINK PHARMA,KANNUR,,32AABFT3905A1ZK,
57266,SIMILAC 1,1,460.95,550,81020MN2,2027-03-01,1,1,,LP-25-52104,2026-01-15,25-26/0000504,1203,LINK PHARMA,KANNUR,,32AABFT3905A1ZK,
53489,ENSURE VANILA 375 GM,2,595.05,710,81008MN3,2027-02-01,1,1,,LP-25-52104,2026-01-15,25-26/0000504,1203,LINK PHARMA,KANNUR,,32AABFT3905A1ZK,
63241,PEDIASURE 7+ VANILLA 400GM,1,539.83,620,775192uh,2026-11-01,1,1,,LP-25-52104,2026-01-15,25-26/0000504,1203,LINK PHARMA,KANNUR,,32AABFT3905A1ZK,
57803,SIMILAC ADVANCE 1,2,674.67,805,83027mn1,2027-05-01,1,1,,LP-25-52104,2026-01-15,25-26/0000504,1203,LINK PHARMA,KANNUR,,32AABFT3905A1ZK,
57805,SIMILAC ADVANCE 3,1,674.67,805,79010MN1,2027-01-01,1,1,,LP-25-52104,2026-01-15,25-26/0000504,1203,LINK PHARMA,KANNUR,,32AABFT3905A1ZK,
64464,TUSQ DX SYP,3,78.57,100,DX25236,2027-10-01,1,1,,LP-25-52104,2026-01-15,25-26/0000504,1203,LINK PHARMA,KANNUR,,32AABFT3905A1ZK,
57545,COLICOZY DROPS,2,56.38,72,LLD-10136A,2027-10-01,1,1,,LP-25-52104,2026-01-15,25-26/0000504,1203,LINK PHARMA,KANNUR,,32AABFT3905A1ZK,
57602,ECOSPIRIN AV 75/40,60,165.38,200,28027384,2027-03-01,10,10,,LP-25-52104,2026-01-15,25-26/0000504,1203,LINK PHARMA,KANNUR,,32AABFT3905A1ZK,
64527,MOMIKEM CREAM 15GM,2,17.25,40,M24003CB,2026-08-01,1,1,,ME22125,2026-01-16,25-26/0000505,10314,MUDRA ENTERPRISES,,,,
61145,KRACK CREAM 15GM,1,49.5,61,KC0155,2028-09-01,1,1,,ME22125,2026-01-16,25-26/0000505,10314,MUDRA ENTERPRISES,,,,
57632,COFSILS ,247,21.636,35,5M60348,2028-10-01,10,10,,ME22125,2026-01-16,25-26/0000505,10314,MUDRA ENTERPRISES,,,,
59936,GABAWIN 25 TAB,30,60.72,80,MT25-599,2028-08-01,10,10,,ME22125,2026-01-16,25-26/0000505,10314,MUDRA ENTERPRISES,,,,
56865,GABAWIN 50 TAB,50,94.93,120,MT25-600,2028-08-01,10,10,,ME22125,2026-01-16,25-26/0000505,10314,MUDRA ENTERPRISES,,,,
44996,BURNHEAL,5,32.44,60,5Q455,2027-06-01,1,1,,ME22125,2026-01-16,25-26/0000505,10314,MUDRA ENTERPRISES,,,,
45774,ZINCOLIX TAB,65,24.15,55,AL4216,2027-04-01,15,15,,ME22125,2026-01-16,25-26/0000505,10314,MUDRA ENTERPRISES,,,,
59940,FLORAMINT TAB,1,22,50,FSM-112,2028-07-01,1,1,,ME22125,2026-01-16,25-26/0000505,10314,MUDRA ENTERPRISES,,,,
43817,HYDROGEN PEROXIDE,11,9.75,20,368,2027-10-01,1,1,,ME22125,2026-01-16,25-26/0000505,10314,MUDRA ENTERPRISES,,,,
44686,WHITE FIELD OINT,2,11.85,35,276,2027-12-01,1,1,,ME22125,2026-01-16,25-26/0000505,10314,MUDRA ENTERPRISES,,,,
57437,MASK KIDS,100,2.1,5,ZPD022025,2028-01-01,1,1,,ME22125,2026-01-16,25-26/0000505,10314,MUDRA ENTERPRISES,,,,
56874,SHY NM PASTE 100GM,1,135.62,170,B SN25081,2028-09-01,1,1,,ME22125,2026-01-16,25-26/0000505,10314,MUDRA ENTERPRISES,,,,
45794,POTTASSIUM PERMANGANATE,5,14.25,25,25L26,2028-11-01,1,1,,ME22125,2026-01-16,25-26/0000505,10314,MUDRA ENTERPRISES,,,,
56880,I PILL,6,65.85,75,IPAF021,2027-06-01,1,1,,ME22125,2026-01-16,25-26/0000505,10314,MUDRA ENTERPRISES,,,,
44321,STREPSILS,128,22.8,28,A1448,2027-10-01,8,8,,ME22125,2026-01-16,25-26/0000505,10314,MUDRA ENTERPRISES,,,,
57737,RIFAXIZONE 400,200,117,180,T250338,2027-01-01,10,10,,A002771,2026-01-16,25-26/0000506,10296,alka associates,,,,
64529,LNGIPTIN  D 5/10,498,28.5,46,ADC01CAA,2027-06-01,10,10,,A002771,2026-01-16,25-26/0000506,10296,alka associates,,,,
57376,PIOGLOT 7.5,90,5.5,15,PGT25-1000A,2027-03-01,10,10,,A002771,2026-01-16,25-26/0000506,10296,alka associates,,,,
64406,GLIEMPAFLOZIN 25,100,22.5,70,AMN04CLA,2027-08-01,10,10,,A002771,2026-01-16,25-26/0000506,10296,alka associates,,,,
57711,TICAGRACE 90,72,74,120,DZP01AKA,2027-10-01,14,14,,A002771,2026-01-16,25-26/0000506,10296,alka associates,,,,
64530,WOREX XL TAB,24,78.57,103,T-24223,2027-12-01,1,1,,NP2223-6002,2026-01-17,25-26/0000507,1105,NEW PHARMA,MAIN ROAD IRITTY,0,0,0
57065,MAMMIDIUM 50GM,3,78.4,98,INM25011,2027-01-01,1,1,,NP2223-6002,2026-01-17,25-26/0000507,1105,NEW PHARMA,MAIN ROAD IRITTY,0,0,0
57067,EAZYPET TAB,20,126.5,380,TB104,2028-04-01,10,10,,NP2223-6002,2026-01-17,25-26/0000507,1105,NEW PHARMA,MAIN ROAD IRITTY,0,0,0
45925,TEWORM 15ML,5,22.22,28,2506,2027-09-01,1,1,,NP2223-6002,2026-01-17,25-26/0000507,1105,NEW PHARMA,MAIN ROAD IRITTY,0,0,0
64531,DIAR CURE BOLUS,24,22.86,30,003,2027-07-01,4,4,,NP2223-6002,2026-01-17,25-26/0000507,1105,NEW PHARMA,MAIN ROAD IRITTY,0,0,0
57334,BROTONE VT 120ML,5,64.29,84.38,CH3115,2027-02-01,1,1,,NP2223-6002,2026-01-17,25-26/0000507,1105,NEW PHARMA,MAIN ROAD IRITTY,0,0,0
56805,VAYUGULIKA BLACK,76,9.33,15,58/LP-78,2028-11-01,1,1,,10900,2026-01-17,25-26/0000508,10315,AMALA STATIONERY,ANGADIKADAVU,,,
57853,ENCHANTER TALC 75GM,3,80,106,3304,2028-06-01,1,1,,10900,2026-01-17,25-26/0000508,10315,AMALA STATIONERY,ANGADIKADAVU,,,
57003,ENCHANTER TALC ,3,48.57,65,3304,2028-06-01,1,1,,10900,2026-01-17,25-26/0000508,10315,AMALA STATIONERY,ANGADIKADAVU,,,
57054,GODREJ HAIR DYE,1,28.81,40,3305,2028-06-01,1,1,,10900,2026-01-17,25-26/0000508,10315,AMALA STATIONERY,ANGADIKADAVU,,,
56995,VICKS INHALER ,8,52.38,64,3004,2028-06-01,1,1,,10900,2026-01-17,25-26/0000508,10315,AMALA STATIONERY,ANGADIKADAVU,,,
56991,STAYFREE XL 18`S,5,103,123,9619,2028-06-01,1,1,,10900,2026-01-17,25-26/0000508,10315,AMALA STATIONERY,ANGADIKADAVU,,,
56986,WHISPER CHOICE XL 45,12,37,45,9619,2028-06-01,1,1,,10900,2026-01-17,25-26/0000508,10315,AMALA STATIONERY,ANGADIKADAVU,,,
57045,PAMPERS M 12`S,3,162.86,196,9619,2028-06-01,1,1,,10900,2026-01-17,25-26/0000508,10315,AMALA STATIONERY,ANGADIKADAVU,,,
59985,HEAD&SHOULDER SHAMPOO 79/-,1,57.14,79,3305,2028-06-01,1,1,,10900,2026-01-17,25-26/0000508,10315,AMALA STATIONERY,ANGADIKADAVU,,,
61127,LUX SOAP,1,31.71,36,3401,2028-06-01,1,1,,10900,2026-01-17,25-26/0000508,10315,AMALA STATIONERY,ANGADIKADAVU,,,
48405,DETTOL  SOAP,2,34.76,40,3401,2028-06-01,1,1,,10900,2026-01-17,25-26/0000508,10315,AMALA STATIONERY,ANGADIKADAVU,,,
57778,VENUS RAZOR,5,72.03,99,8212,2026-06-01,1,1,,10900,2026-01-17,25-26/0000508,10315,AMALA STATIONERY,ANGADIKADAVU,,,
57638,CETAPHIL GENTLE SKIN CLEANSER 125ML,6,290.85,379,B5NA1001,2028-07-01,1,1,,17441862XFYA84636A,2026-01-18,25-26/0000509,10325,AMAZON,,,,
61023,CETAPHIL GENTLE SKIN CLEANSER 125ML OILY SKIN,2,473.9,617,B5NB94,2028-04-01,1,1,,17441862XFYA84636A,2026-01-18,25-26/0000509,10325,AMAZON,,,,
57867,CETAPHIL MOIST LOTION 100ML,8,451,522,B5MZ100,2028-04-01,1,1,,17441862XFYA84636A,2026-01-18,25-26/0000509,10325,AMAZON,,,,
63245,CHEMIST AT PLAY UNDERARM ROLL ON 40ML,4,220,359,CHMUNARM20,2028-12-04,1,1,,17441862XFYA84636A,2026-01-18,25-26/0000509,10325,AMAZON,,,,
64533,MAMAEARTH SUNCREEN 80G VITAMIN C GLOW,1,300,449,AP5K074,2027-11-01,1,1,,17441862XFYA84636A,2026-01-18,25-26/0000509,10325,AMAZON,,,,
63280,SIMPLE FACE WASH 150ML,4,250,379,AX,2027-11-01,1,1,,17441862XFYA84636A,2026-01-18,25-26/0000509,10325,AMAZON,,,,
64534,PONDS HYDRA MIRACLE 50ML,1,135,160,B029,2028-10-01,1,1,,17441862XFYA84636A,2026-01-18,25-26/0000509,10325,AMAZON,,,,
61126,PAPER PLASTER 2.5(LUPIPORE),1,0,40,2501276,2027-12-01,1,1,,,,25-26/0000001,0,,,,,
65532,BECOSULES CAP,37,49.89,60,2523025N,2027-03-01,20,20,,17441862XFYA84636A,2026-01-18,25-26/0000509,10325,AMAZON,,,,
65533,WATNIL SOLUTION,3,217.6,260,N25QL008,2027-08-01,1,1,,17441862XFYA84636A,2026-01-18,25-26/0000509,10325,AMAZON,,,,
64466,NUROKIND PLUS NF INJ,2,27.65,33,L41Y040,2027-05-01,1,1,,17441862XFYA84636A,2026-01-18,25-26/0000509,10325,AMAZON,,,,
63304,BREAST PUMP SMALL WONDER,2,505,750,25-03-02,2030-07-01,1,1,,1152,2026-01-19,25-26/0000510,10283,MADHAVI ENTERPRISES,,,,9496360332
57181,KNEE CAP L LEEFORD,2,205,260,FL05-L/24,2030-10-01,1,1,,1152,2026-01-19,25-26/0000510,10283,MADHAVI ENTERPRISES,,,,9496360332
63320,ANKLE CAP M,2,115,150,AAC 10-24/25,2029-09-01,1,1,,1152,2026-01-19,25-26/0000510,10283,MADHAVI ENTERPRISES,,,,9496360332
45821,KETOSCALP CREAM,5,24,50,DLUR5001,2027-02-01,1,1,,1152,2026-01-19,25-26/0000510,10283,MADHAVI ENTERPRISES,,,,9496360332
57019,ELMOVEL F,6,58,80,DLRC5002,2027-07-01,1,1,,1152,2026-01-19,25-26/0000510,10283,MADHAVI ENTERPRISES,,,,9496360332
45398,VALPOCARE CR 500,66,38,65,VC5T-038,2026-09-01,10,10,,1152,2026-01-19,25-26/0000510,10283,MADHAVI ENTERPRISES,,,,9496360332
61045,SKINSHINE SUNSCREEN SPF 50,2,145,250,PL25052,2027-08-01,1,1,,1152,2026-01-19,25-26/0000510,10283,MADHAVI ENTERPRISES,,,,9496360332
44209,CARDIOROSTIN GOLD 20,125,57,75,C5N24007,2026-06-01,10,10,,1152,2026-01-19,25-26/0000510,10283,MADHAVI ENTERPRISES,,,,9496360332
64392,GABAPIN NT 200,15,225,280,25S3GTA602,2027-05-01,15,15,,PD02684,2026-01-19,25-26/0000511,1107,NORTHERN PHARMA,KASARAGOD,0,0,0
65537,SHELCAL XT ,60,306.4,400,2SG6M059,2027-06-01,15,15,,PD02684,2026-01-19,25-26/0000511,1107,NORTHERN PHARMA,KASARAGOD,0,0,0
65537,SHELCAL XT ,30,306.4,400,2SG6M095,2027-10-01,15,15,,PD02684,2026-01-19,25-26/0000511,1107,NORTHERN PHARMA,KASARAGOD,0,0,0
65538,CANDID EAR DROP,3,73.22,95,11241064,2027-07-01,1,1,,PD02684,2026-01-19,25-26/0000511,1107,NORTHERN PHARMA,KASARAGOD,0,0,0
57537,BUDAMATE G ROTACAP,30,353.61,456,UB02565,2027-03-01,30,30,,PD02684,2026-01-19,25-26/0000511,1107,NORTHERN PHARMA,KASARAGOD,0,0,0
44278,DIGENE TAB,150,20.85,29,792009D7,2028-06-01,15,15,,PD02684,2026-01-19,25-26/0000511,1107,NORTHERN PHARMA,KASARAGOD,0,0,0
57466,ASCORIL FLU DROPS,2,62.14,80,LB-072502,2026-12-01,1,1,,PD02684,2026-01-19,25-26/0000511,1107,NORTHERN PHARMA,KASARAGOD,0,0,0
59952,PRE NAN TIN ,1,607.25,695,53360453T1,2026-11-01,1,1,,NAS16722,2026-01-19,25-26/0000512,10313,MINI AGENCIES,,,,
54507,LACTOGEN 4,3,393.18,450,53620453K1,2026-11-01,1,1,,NAS16722,2026-01-19,25-26/0000512,10313,MINI AGENCIES,,,,
56789,CERELAC STAGE 1(6+) WHEAT APPLE CARROT,2,214.07,245,52870453A7,2026-11-01,1,1,,NAS16722,2026-01-19,25-26/0000512,10313,MINI AGENCIES,,,,
56793,CERELAC STAGE 4(12+) MU DAL VEG,2,257.75,295,53220451DE,2026-08-01,1,1,,NAS16722,2026-01-19,25-26/0000512,10313,MINI AGENCIES,,,,
65539,LACTARE GRANULES,3,389.6,460,TLC25083,2027-09-01,1,1,,17441862XFYA84636A,2026-01-18,25-26/0000509,10325,AMAZON,,,,
65540,LACTARE CAP,180,256.4,310,AQT25AA37,2028-06-01,30,30,,17441862XFYA84636A,2026-01-18,25-26/0000509,10325,AMAZON,,,,
57438,ADULT DIAPER PANTS XL BFIT,5,220,320,123,2028-06-01,1,1,,17441862XFYA84636A,2026-01-18,25-26/0000509,10325,AMAZON,,,,
57007,ADULT DIAPER STICK ON M B-FIT,5,200,290,123,2028-06-01,1,1,,17441862XFYA84636A,2026-01-18,25-26/0000509,10325,AMAZON,,,,
63356,BREAST PUMP PHILIPS AVENT,1,1100,1399,SCF417/11,2028-06-01,1,1,,17441862XFYA84636A,2026-01-18,25-26/0000509,10325,AMAZON,,,,
56637,CLEARWAX E/D,1,35,60,N25V9060,2027-08-01,1,1,,2500173005385,2026-01-21,25-26/0000513,10268,FATHIMA MATHA MEDICALS,,,,
57389,SALINA NASAL DROPS,1,30.7,40,17925,2027-11-01,1,1,,2500173005385,2026-01-21,25-26/0000513,10268,FATHIMA MATHA MEDICALS,,,,
45580,MOODS DOTTED 12,2,116.67,140,C04007,2030-02-01,1,1,,2500173005385,2026-01-21,25-26/0000513,10268,FATHIMA MATHA MEDICALS,,,,
56843,HIM DIAPER RASH CREAM,2,64,85,992500723,2028-05-01,1,1,,2500173005385,2026-01-21,25-26/0000513,10268,FATHIMA MATHA MEDICALS,,,,
57627,TRIODERM  10G,1,32,55,1026,2027-11-01,1,1,,2500173005385,2026-01-21,25-26/0000513,10268,FATHIMA MATHA MEDICALS,,,,
44598,TRIODERM  15 G,2,60,98,5091,2027-07-01,1,1,,2500173005385,2026-01-21,25-26/0000513,10268,FATHIMA MATHA MEDICALS,,,,
56852,BENDEX TAB,21,4.5,7,AMQ02AGA,2026-12-01,1,1,,2500173005385,2026-01-21,25-26/0000513,10268,FATHIMA MATHA MEDICALS,,,,
57533,MEFTAL FORTE TAB,190,32.85,43,ZAGQ25169,2028-09-01,10,10,,2500173005385,2026-01-21,25-26/0000513,10268,FATHIMA MATHA MEDICALS,,,,
62213,LACTOCALAMIN GREEN LOTION 30ML,3,64.6,80,DAMF025,2028-04-01,1,1,,2500173005385,2026-01-21,25-26/0000513,10268,FATHIMA MATHA MEDICALS,,,,
61056,LACTOCALAMIN LOTION 60ML,3,114.1,140,DAMF007,2027-12-01,1,1,,2500173005385,2026-01-21,25-26/0000513,10268,FATHIMA MATHA MEDICALS,,,,
56850,HIM LIP BALM,6,31.5,40,992500924,2028-07-01,1,1,,2500173005385,2026-01-21,25-26/0000513,10268,FATHIMA MATHA MEDICALS,,,,
65543,NIVEA BODY LOTION 200ML,3,210,237,B54859750,2028-11-01,1,1,,17441862XFYA84636A,2026-01-18,25-26/0000509,10325,AMAZON,,,,
65541,HIM BABY HAIR OIL 100ML,2,115.5,148,592501300,2027-09-01,1,1,,2500173005417,2026-01-22,25-26/0000514,10268,FATHIMA MATHA MEDICALS,,,,
44574,ELADI CANDY,200,142.85,200,B1570,2027-07-01,200,200,,2500173005417,2026-01-22,25-26/0000514,10268,FATHIMA MATHA MEDICALS,,,,
65542,AZICIP 500 TAB,3,45,65,5N40347,2028-04-01,3,3,,2500173005417,2026-01-22,25-26/0000514,10268,FATHIMA MATHA MEDICALS,,,,
57006,ADULT DIAPER STICK ON L B-FIT ,2,210,300,123,2028-06-01,1,1,,17441862XFYA84636A,2026-01-18,25-26/0000509,10325,AMAZON,,,,
57797,ADULT DIAPER STICK ON XL B FIT,3,220,320,HJH,2028-06-01,1,1,,17441862XFYA84636A,2026-01-18,25-26/0000509,10325,AMAZON,,,,
43851,GLOVES M,20,0,450,0975,2025-06-01,100,100,,,,25-26/0000001,0,,,,,
65544,CONDOM CATHETER URO GUARD M,2,21,50,FA25,2028-04-01,1,1,,25-24523,2026-01-22,25-26/0000515,1080,LINK SURGICALS,KANNUR,0,32AACFL1761F1ZS,0
64441,ORAL B BRUSH MEDIUM BACTERIA FIGHTER,6,23.81,30,51278,2030-05-01,1,1,,25-24523,2026-01-22,25-26/0000515,1080,LINK SURGICALS,KANNUR,0,32AACFL1761F1ZS,0
65545,FORACORT 0.5 RESPULES,15,62.95,82,5T00301,2027-03-01,1,1,,IL-25-47551,2026-01-22,25-26/0000516,1060,INTER LINK,KANNUR,0,32AABFI5741B1ZO,0
45304,TIOVA RC,1,261.6,340,5BA1406,2026-11-01,1,1,,IL-25-47551,2026-01-22,25-26/0000516,1060,INTER LINK,KANNUR,0,32AABFI5741B1ZO,0
63322,HHMITE CREAM,3,45.12,57,HH163,2027-10-01,1,1,,TL-25-31239,2026-01-22,25-26/0000517,1170,TRADE LINK,KANNUR,0,32AADFT4058N1ZY,0
63323,HHMITE PLUS SOAP,1,115.25,155,B016,2028-08-01,1,1,,TL-25-31239,2026-01-22,25-26/0000517,1170,TRADE LINK,KANNUR,0,32AADFT4058N1ZY,0
43880,NEUROBION FORTE,427,38.03,45,5337C84301,2027-04-01,30,30,,TL-25-31239,2026-01-22,25-26/0000517,1170,TRADE LINK,KANNUR,0,32AADFT4058N1ZY,0
65547,UV DOUX SUNSCREEN,3,587.2,810,HC250419,2027-11-01,1,1,,DL-25-46677,2026-01-22,25-26/0000518,1041,DRUG LINK,KANNUR,0,32AACFD4259N1ZC,0
62200,BIOTEE FORTE,30,142.14,180,25020TL,2027-03-01,10,10,,DL-25-46677,2026-01-22,25-26/0000518,1041,DRUG LINK,KANNUR,0,32AACFD4259N1ZC,0
57849,EYEMIST EYE DROP,2,175.72,230,ZEG0317A,2028-06-01,1,1,,DL-25-46677,2026-01-22,25-26/0000518,1041,DRUG LINK,KANNUR,0,32AACFD4259N1ZC,0
45538,LIMCEE 500,108,18.8,24,PAJA5892,2027-11-01,15,15,,LP-25-53538,2026-01-22,25-26/0000519,1203,LINK PHARMA,KANNUR,,32AABFT3905A1ZK,
65548,NUROKIND PLUS RF CAP,60,92.78,118,D15Y043,2027-02-01,10,10,,LP-25-53538,2026-01-22,25-26/0000519,1203,LINK PHARMA,KANNUR,,32AABFT3905A1ZK,
61069,FUNGICROS 10GM,5,142.14,185,ZNC0042,2027-05-01,1,1,,LP-25-53538,2026-01-22,25-26/0000519,1203,LINK PHARMA,KANNUR,,32AABFT3905A1ZK,
59945,BENIFAST T 4/40 ,100,23,50,CMT251616,2027-08-01,10,10,,A002834,2026-01-22,25-26/0000520,10296,alka associates,,,,
65550,LNGIPTIN 5,25,14,30,LGP09/472J01,2027-08-01,10,10,,A002834,2026-01-22,25-26/0000520,10296,alka associates,,,,
45621,KIN 2,108,3.95,12,NB/251121,2028-04-01,10,10,,A002834,2026-01-22,25-26/0000520,10296,alka associates,,,,
57258,BEFORTIME PLUS,60,45,80,307325004,2027-02-01,10,10,,A002834,2026-01-22,25-26/0000520,10296,alka associates,,,,
57577,BUDEPRESS RESPULES,45,27.5,75,EH50131,2027-07-01,5,5,,A002834,2026-01-22,25-26/0000520,10296,alka associates,,,,
57710,DONEPAZE M,190,22.5,50,T252004,2027-08-01,10,10,,A002834,2026-01-22,25-26/0000520,10296,alka associates,,,,
63292,DOXEPRIME 25,100,21.75,40,T250999,2028-04-01,10,10,,A002834,2026-01-22,25-26/0000520,10296,alka associates,,,,
57618,EPLEREZONE 25,100,92.5,130,25S3GTA126,2027-01-01,10,10,,A002834,2026-01-22,25-26/0000520,10296,alka associates,,,,
57216,RANOGEM 500 ER,50,30,55,RSSIF502,2027-05-01,10,10,,A002834,2026-01-22,25-26/0000520,10296,alka associates,,,,
65551,OLIDAX TRIO 40,100,28.5,50,T252370,2027-07-01,10,10,,25000730020543,2026-01-19,25-26/0000521,10312,JANATHA PHARMA,MANGLORE,KA-MN1-245544,29EKIPS0746F1ZT,
65552,RAPIGLINIDE VOG 0.5,10,18.2,45,BTH01AKA,2027-04-01,10,10,,25000730020543,2026-01-19,25-26/0000521,10312,JANATHA PHARMA,MANGLORE,KA-MN1-245544,29EKIPS0746F1ZT,
65553,LINALIGLIP 5,60,18.2,45,LNY25001,2027-05-01,15,15,,25000730020543,2026-01-19,25-26/0000521,10312,JANATHA PHARMA,MANGLORE,KA-MN1-245544,29EKIPS0746F1ZT,
56715,GLIDAPAFLOZIN M 10/500,317,37.5,75,24S2GTC061,2026-07-01,15,15,,25000730020543,2026-01-19,25-26/0000521,10312,JANATHA PHARMA,MANGLORE,KA-MN1-245544,29EKIPS0746F1ZT,
56716,ST GLIPTIN 100,173,29,70,SQSID503,2027-03-01,10,10,,25000730020543,2026-01-19,25-26/0000521,10312,JANATHA PHARMA,MANGLORE,KA-MN1-245544,29EKIPS0746F1ZT,
56717,ST GLIPTIN M 50/500,60,32.5,85,SRSIF505,2027-05-01,15,15,,25000730020543,2026-01-19,25-26/0000521,10312,JANATHA PHARMA,MANGLORE,KA-MN1-245544,29EKIPS0746F1ZT,
56708,UNDER PAD KARE IN,8,125,250,93037,2027-03-01,1,1,,25000730020543,2026-01-19,25-26/0000521,10312,JANATHA PHARMA,MANGLORE,KA-MN1-245544,29EKIPS0746F1ZT,
65554,ZENLOC 150,40,7.2,14,ZC025016,2027-10-01,10,10,,25000730020543,2026-01-19,25-26/0000521,10312,JANATHA PHARMA,MANGLORE,KA-MN1-245544,29EKIPS0746F1ZT,
56687,STYLECYSTIN EF,25,71.25,110,0312HY,2027-07-01,10,10,,25000730020543,2026-01-19,25-26/0000521,10312,JANATHA PHARMA,MANGLORE,KA-MN1-245544,29EKIPS0746F1ZT,
56738,PANTOSTRUM DSR,185,25,60,POT25001,2027-04-01,15,15,,25000730020543,2026-01-19,25-26/0000521,10312,JANATHA PHARMA,MANGLORE,KA-MN1-245544,29EKIPS0746F1ZT,
56681,CGLIM 2MG,770,3.5,12,CT25260889,2027-07-01,10,10,,25000730020543,2026-01-19,25-26/0000521,10312,JANATHA PHARMA,MANGLORE,KA-MN1-245544,29EKIPS0746F1ZT,
57668,ELITH 300,100,15,25,DT50380,2028-10-01,10,10,,25000730020543,2026-01-19,25-26/0000521,10312,JANATHA PHARMA,MANGLORE,KA-MN1-245544,29EKIPS0746F1ZT,
57213,DVENAFAX 50,200,26.6,50,AMN01EQA,2027-04-01,10,10,,25000730020543,2026-01-19,25-26/0000521,10312,JANATHA PHARMA,MANGLORE,KA-MN1-245544,29EKIPS0746F1ZT,
56734,TASMULINE 0.4,68,9.2,25,DZP01AFA,2027-06-01,10,10,,25000730020543,2026-01-19,25-26/0000521,10312,JANATHA PHARMA,MANGLORE,KA-MN1-245544,29EKIPS0746F1ZT,
56970,BISOGARD 2.5,11,5.5,20,AMN02EPA,2027-09-01,10,10,,25000730020543,2026-01-19,25-26/0000521,10312,JANATHA PHARMA,MANGLORE,KA-MN1-245544,29EKIPS0746F1ZT,
56966,NIFEDULE RT 20,140,18.35,35,AMN02BCA,2027-09-01,15,15,,25000730020543,2026-01-19,25-26/0000521,10312,JANATHA PHARMA,MANGLORE,KA-MN1-245544,29EKIPS0746F1ZT,
56692,CLAVAMOXY 625 DUO,1,70,105,BT250884,2027-08-01,10,10,,25000730020543,2026-01-19,25-26/0000521,10312,JANATHA PHARMA,MANGLORE,KA-MN1-245544,29EKIPS0746F1ZT,
56670,MANOGREL 75,200,10.4,23,CT25261554,2027-10-01,10,10,,25000730020543,2026-01-19,25-26/0000521,10312,JANATHA PHARMA,MANGLORE,KA-MN1-245544,29EKIPS0746F1ZT,
56938,STERISCOX MR4,5,46.55,80,STN125002,2027-05-01,10,10,,25000730020543,2026-01-19,25-26/0000521,10312,JANATHA PHARMA,MANGLORE,KA-MN1-245544,29EKIPS0746F1ZT,
57399,STYLETAURINE ,60,29.25,60,29375015,2027-06-01,15,15,,25000730020543,2026-01-19,25-26/0000521,10312,JANATHA PHARMA,MANGLORE,KA-MN1-245544,29EKIPS0746F1ZT,
56966,NIFEDULE RT 20,300,18.35,35,AMN02BCA,2027-09-01,15,15,,25000730020543,2026-01-19,25-26/0000521,10312,JANATHA PHARMA,MANGLORE,KA-MN1-245544,29EKIPS0746F1ZT,
56722,VILDIABATE M 500,148,27,60,25S3GTA984,2027-07-01,15,15,,25000730020543,2026-01-19,25-26/0000521,10312,JANATHA PHARMA,MANGLORE,KA-MN1-245544,29EKIPS0746F1ZT,
56897,TEROMIDE PLUS LS,182,33,70,TYZ2505,2027-09-01,20,20,,25000730020543,2026-01-19,25-26/0000521,10312,JANATHA PHARMA,MANGLORE,KA-MN1-245544,29EKIPS0746F1ZT,
56714,GLIDAPAFLOZIN 5,120,14.56,45,AMN02BIA,2027-07-01,15,15,,25000730020543,2026-01-19,25-26/0000521,10312,JANATHA PHARMA,MANGLORE,KA-MN1-245544,29EKIPS0746F1ZT,
56755,SEIZMET TRIO .02,70,25.13,60,AMN01GKA,2027-09-01,15,15,,25000730020543,2026-01-19,25-26/0000521,10312,JANATHA PHARMA,MANGLORE,KA-MN1-245544,29EKIPS0746F1ZT,
57397,DIGITAL THERMOMETER RGB,1,55,110,405506,2030-01-01,1,1,,25000730020543,2026-01-19,25-26/0000521,10312,JANATHA PHARMA,MANGLORE,KA-MN1-245544,29EKIPS0746F1ZT,
56935,BUDEPRESS 400 R/C,9,54,110,NCD034A,2028-03-01,1,1,,25000730020543,2026-01-19,25-26/0000521,10312,JANATHA PHARMA,MANGLORE,KA-MN1-245544,29EKIPS0746F1ZT,
57005,NITROQUICK 2.6,1,24.7,55,NTQ25002,2027-03-01,1,1,,25000730020543,2026-01-19,25-26/0000521,10312,JANATHA PHARMA,MANGLORE,KA-MN1-245544,29EKIPS0746F1ZT,
56934,BUDEPRESS 400 INH,1,147,240,APM24024,2026-08-01,1,1,,25000730020543,2026-01-19,25-26/0000521,10312,JANATHA PHARMA,MANGLORE,KA-MN1-245544,29EKIPS0746F1ZT,
56963,NICOGOLD 5,8,38,80,ST25-2110,2026-12-01,1,1,,25000730020543,2026-01-19,25-26/0000521,10312,JANATHA PHARMA,MANGLORE,KA-MN1-245544,29EKIPS0746F1ZT,
56764,ST GLIPTIN DAPA ,24,55,105,25S2GTA768,2027-02-01,15,15,,25000730020543,2026-01-19,25-26/0000521,10312,JANATHA PHARMA,MANGLORE,KA-MN1-245544,29EKIPS0746F1ZT,
65555,AMOPRESS H,80,7,20,PT-50636,2027-01-01,10,10,,25000730020543,2026-01-19,25-26/0000521,10312,JANATHA PHARMA,MANGLORE,KA-MN1-245544,29EKIPS0746F1ZT,
56703,COTTON 70GM,7,20,75,281,2028-01-01,1,1,,25000730020543,2026-01-19,25-26/0000521,10312,JANATHA PHARMA,MANGLORE,KA-MN1-245544,29EKIPS0746F1ZT,
56769,GLISITAPTIN 50,150,32,70,AMN01BYA,2027-02-01,15,15,,25000730020543,2026-01-19,25-26/0000521,10312,JANATHA PHARMA,MANGLORE,KA-MN1-245544,29EKIPS0746F1ZT,
56902,NETAMOL 650MG,1435,8,15,ABBAA24020,2027-05-01,15,15,,1179,2026-01-24,25-26/0000522,10283,MADHAVI ENTERPRISES,,,,9496360332
44381,THIAPLEX 100,70,21,45,21525003,2027-03-01,10,10,,1179,2026-01-24,25-26/0000522,10283,MADHAVI ENTERPRISES,,,,9496360332
45533,SKINSHINE CREAM 15GM,2,48,98,E24905,2026-10-01,1,1,,1179,2026-01-24,25-26/0000522,10283,MADHAVI ENTERPRISES,,,,9496360332
43817,HYDROGEN PEROXIDE,12,13,20,HP191,2027-03-01,1,1,,1179,2026-01-24,25-26/0000522,10283,MADHAVI ENTERPRISES,,,,9496360332
56912,RELIKAST KID TAB,80,18,40,6995002,2026-12-01,10,10,,1179,2026-01-24,25-26/0000522,10283,MADHAVI ENTERPRISES,,,,9496360332
56905,EPIFORD 200CR,25,18,33,2503047,2027-02-01,10,10,,1179,2026-01-24,25-26/0000522,10283,MADHAVI ENTERPRISES,,,,9496360332
56977,PAMPERS L 2`S,5,26.67,33,9619,2028-06-01,1,1,,11097,2026-01-24,25-26/0000523,10315,AMALA STATIONERY,ANGADIKADAVU,,,
57307,PAMPERS XL 2`S,8,30,37,9619,2026-06-01,1,1,,11097,2026-01-24,25-26/0000523,10315,AMALA STATIONERY,ANGADIKADAVU,,,
57306,ENCHANTER BODY LOTION,1,74.57,100,3304,2026-06-01,1,1,,11097,2026-01-24,25-26/0000523,10315,AMALA STATIONERY,ANGADIKADAVU,,,
57199,PARACHUTE AYUR 180ML,3,140.95,165,3004,2028-06-01,1,1,,11097,2026-01-24,25-26/0000523,10315,AMALA STATIONERY,ANGADIKADAVU,,,
58898,PARACHUTE 30ML,5,8.48,10,3004,2026-06-01,1,1,,11097,2026-01-24,25-26/0000523,10315,AMALA STATIONERY,ANGADIKADAVU,,,
57004,GINGER CANDY,75,109.52,150,1704,2028-06-01,75,75,,11097,2026-01-24,25-26/0000523,10315,AMALA STATIONERY,ANGADIKADAVU,,,
56992,VICKS 5GM,11,19.05,25,3004,2028-06-01,1,1,,11097,2026-01-24,25-26/0000523,10315,AMALA STATIONERY,ANGADIKADAVU,,,
57490,POLO MINT,28,3.714,5,53151519A,2026-06-01,1,1,,11097,2026-01-24,25-26/0000523,10315,AMALA STATIONERY,ANGADIKADAVU,,,
65557,EVA TALC 20GM,1,6.9,10,3304,2028-06-01,1,1,,11097,2026-01-24,25-26/0000523,10315,AMALA STATIONERY,ANGADIKADAVU,,,
58910,EVA TALC 50GM,1,33.33,45,1322,2028-06-01,1,1,,11097,2026-01-24,25-26/0000523,10315,AMALA STATIONERY,ANGADIKADAVU,,,
57201,COLGATE 50GM,3,17.14,20,3306,2028-06-01,1,1,,11097,2026-01-24,25-26/0000523,10315,AMALA STATIONERY,ANGADIKADAVU,,,
46231,VICKS DROPS,36,166.66,230,3004,2028-06-01,115,115,,11097,2026-01-24,25-26/0000523,10315,AMALA STATIONERY,ANGADIKADAVU,,,
65558,VAYUGULIKA WHITE 15,12,4.76,15,3305,2028-06-01,1,1,,11097,2026-01-24,25-26/0000523,10315,AMALA STATIONERY,ANGADIKADAVU,,,
57048,BOOST 200GM,2,97.14,110,1901,2028-06-01,1,1,,11097,2026-01-24,25-26/0000523,10315,AMALA STATIONERY,ANGADIKADAVU,,,
56976,PAMPERS M 2`S,11,21.9,27,9619,2028-06-01,1,1,,11097,2026-01-24,25-26/0000523,10315,AMALA STATIONERY,ANGADIKADAVU,,,
56991,STAYFREE XL 18`S,2,103,123,9619,2028-06-01,1,1,,11097,2026-01-24,25-26/0000523,10315,AMALA STATIONERY,ANGADIKADAVU,,,
57517,TIKTOX SOLUTION,2,89.38,116,088,2028-06-01,1,1,,NP2223-6144,2026-01-24,25-26/0000524,1105,NEW PHARMA,MAIN ROAD IRITTY,0,0,0
57329,LETS BITE CAT KITTEN 400G,2,143,199,KAKO11/25,2026-07-01,1,1,,NP2223-6144,2026-01-24,25-26/0000524,1105,NEW PHARMA,MAIN ROAD IRITTY,0,0,0
46037,TOPICURE SPRAY 100ML,5,121.9,160,25J018,2028-09-01,1,1,,NP2223-6144,2026-01-24,25-26/0000524,1105,NEW PHARMA,MAIN ROAD IRITTY,0,0,0
43750,PAMTRIN,1,0,285,1330,2023-12-01,1,1,,,,25-26/0000001,0,,,,,
64397,SEBAMED BABY SHAMPOO 150ML,1,374.29,471,UYYGJ,2028-09-01,1,1,,17441862XFYA84636A,2026-01-18,25-26/0000509,10325,AMAZON,,,,
65560,HAIR WAX BEARDO 50GM,1,160,210,25B592,2027-09-01,1,1,,17441862XFYA84636A,2026-01-18,25-26/0000509,10325,AMAZON,,,,
61064,LACTO CALAMINE SUPER LIGHT MOIST GEL 150GM,8,160,230,LSAF045,2027-07-01,1,1,,17441862XFYA84636A,2026-01-18,25-26/0000509,10325,AMAZON,,,,
65561,LACTOCALAMIN OIL CONTROL FACE LOTION 60ML,1,144,160,DMAF061,2028-10-01,1,1,,17441862XFYA84636A,2026-01-18,25-26/0000509,10325,AMAZON,,,,
65562,PONDS SUN MIRACLE DETAN FACEWASH 100GM,1,150,228,B006,2027-10-01,1,1,,17441862XFYA84636A,2026-01-18,25-26/0000509,10325,AMAZON,,,,
65563,MAMYPOKO S 56,1,400,539,B07P,2028-12-01,1,1,,17441862XFYA84636A,2026-01-18,25-26/0000509,10325,AMAZON,,,,
61050,CETAPHIL CLEANSING BAR 100GM,8,150,190,CETBR26,2028-11-05,1,1,,17441862XFYA84636A,2026-01-18,25-26/0000509,10325,AMAZON,,,,
62231,PAMPERS L 36`S,2,500,672,UEOQ,2027-06-01,1,1,,17441862XFYA84636A,2026-01-18,25-26/0000509,10325,AMAZON,,,,
63281,PONDS HYALURONIC 100ML,1,230,295,B121,2026-11-01,1,1,,17441862XFYA84636A,2026-01-18,25-26/0000509,10325,AMAZON,,,,
57327,APPLE CIDER VINEGER,2,200,350,APPLE,2025-08-24,1,1,,17441862XFYA84636A,2026-01-18,25-26/0000509,10325,AMAZON,,,,
65565,HAND WASH SAVER PACK,1,80,99,GHGH,2028-01-25,1,1,,17441862XFYA84636A,2026-01-18,25-26/0000509,10325,AMAZON,,,,
57036,YARDLEY SOAP,3,50,62,12,2028-08-01,1,1,,17441862XFYA84636A,2026-01-18,25-26/0000509,10325,AMAZON,,,,
65568,MENSTRUAL CUP L PEE SAFE,2,430,590,8906124303107,2030-01-25,1,1,,17441862XFYA84636A,2026-01-18,25-26/0000509,10325,AMAZON,,,,
65568,MENSTRUAL CUP L PEE SAFE,2,430,590,8906124303108,2030-01-25,1,1,,17441862XFYA84636A,2026-01-18,25-26/0000509,10325,AMAZON,,,,
65566,MENSTRUAL CUP S PEE SAFE,2,430,590,8906124303109,2030-01-25,1,1,,17441862XFYA84636A,2026-01-18,25-26/0000509,10325,AMAZON,,,,
65569,DABUR HONEY 500GM,3,200,240,ASDFASD,2029-01-25,1,1,,17441862XFYA84636A,2026-01-18,25-26/0000509,10325,AMAZON,,,,
65571,DABUR HONEY ORGANIC 500GM,1,435,585,FSDF,2029-01-25,1,1,,17441862XFYA84636A,2026-01-18,25-26/0000509,10325,AMAZON,,,,
65572,DABUR HONEY ORGANIC 300GM,3,270,380,WEFWEF,2029-01-25,1,1,,17441862XFYA84636A,2026-01-18,25-26/0000509,10325,AMAZON,,,,
65573,PIOZ 30,146,12.46,13,48020420,2027-06-01,1,1,,17441862XFYA84636A,2026-01-18,25-26/0000509,10325,AMAZON,,,,
43816,COSART 25,80,13.45,25,5N40339,2027-04-01,10,10,,2500173001020,2026-01-26,25-26/0000525,10322,MED WORLD PHARMA,,,,
56871,SANITIZER 100ML,5,29.75,60,629,2026-12-01,1,1,,2500173001020,2026-01-26,25-26/0000525,10322,MED WORLD PHARMA,,,,
45536,SEBOLIN 15 G,4,22.76,30,2505,2029-09-01,1,1,,2500173001020,2026-01-26,25-26/0000525,10322,MED WORLD PHARMA,,,,
44573,BREATH EAZY 400,1,280.3,380,A041224,2026-10-01,1,1,,2500173001020,2026-01-26,25-26/0000525,10322,MED WORLD PHARMA,,,,
43749,ORTHOHERB OIL,2,110.65,140,A087025,2028-04-01,1,1,,2500173001020,2026-01-26,25-26/0000525,10322,MED WORLD PHARMA,,,,
45174,GLYCERIN 100GM,7,27.89,60,312,2028-05-01,1,1,,2500173001020,2026-01-26,25-26/0000525,10322,MED WORLD PHARMA,,,,
43860,SYRINGE 10ML,10,4.78,10,532103JP2,2030-07-01,1,1,,2500173001020,2026-01-26,25-26/0000525,10322,MED WORLD PHARMA,,,,
61022,MEDIGRIP 2.5*5M,3,35.44,75,C4083279,2027-07-01,1,1,,2500173001020,2026-01-26,25-26/0000525,10322,MED WORLD PHARMA,,,,
61141,WIPES FACIAL ,2,49.98,80,B250477,2027-06-01,1,1,,2500173001020,2026-01-26,25-26/0000525,10322,MED WORLD PHARMA,,,,
64445,CAPSICUM PLASTER MEDIGRIP,10,9.985,22,591,2028-01-01,1,1,,2500173001020,2026-01-26,25-26/0000525,10322,MED WORLD PHARMA,,,,
44358,LIQUID PARAFFIN,2,29.24,60,185,2027-07-01,1,1,,2500173001020,2026-01-26,25-26/0000525,10322,MED WORLD PHARMA,,,,
63303,INSULIN SYRINGE DISPOVAN ,10,4,6,520013G,2030-04-01,1,1,,2500173001020,2026-01-26,25-26/0000525,10322,MED WORLD PHARMA,,,,
46066,BELLADONA PLASTER,6,7,16,517,2028-02-01,1,1,,2500173001020,2026-01-26,25-26/0000525,10322,MED WORLD PHARMA,,,,
65559,CLEAR TICKS SPRAY,2,114.29,150,078,2028-10-01,1,1,,NP2223-6144,2026-01-24,25-26/0000524,1105,NEW PHARMA,MAIN ROAD IRITTY,0,0,0
57088,PEDIGREE ADULT C&V 370GM,2,75,100,029,2026-11-01,1,1,,NP2223-6144,2026-01-24,25-26/0000524,1105,NEW PHARMA,MAIN ROAD IRITTY,0,0,0
65574,MERIQUIN LIQ 100ML,2,168.57,236,5017,2026-06-01,1,1,,NP2223-6144,2026-01-24,25-26/0000524,1105,NEW PHARMA,MAIN ROAD IRITTY,0,0,0
44540,LAMINO VET 20GM,40,48,60,LM142,2027-11-01,20,20,,NP2223-6144,2026-01-24,25-26/0000524,1105,NEW PHARMA,MAIN ROAD IRITTY,0,0,0
57850,NEBULIZER VREVIVE,1,895,1300,RLS20224008,2029-08-01,1,1,,1183,2026-01-26,25-26/0000526,10283,MADHAVI ENTERPRISES,,,,9496360332
44289,DERICIP RTD 150,91,7.5,10,5L00211,2028-07-01,10,10,,1183,2026-01-26,25-26/0000526,10283,MADHAVI ENTERPRISES,,,,9496360332
65575,MIGRANECK,450,39.5,70,21405002,2027-04-01,10,10,,1183,2026-01-26,25-26/0000526,10283,MADHAVI ENTERPRISES,,,,9496360332
65556,MEDOC AT CAP,40,48,85,9095001,2026-07-01,10,10,,1183,2026-01-26,25-26/0000526,10283,MADHAVI ENTERPRISES,,,,9496360332
65576,ELMOVEL CREAM,4,20,45,DLVR5002,2027-06-01,1,1,,1183,2026-01-26,25-26/0000526,10283,MADHAVI ENTERPRISES,,,,9496360332
44914,ELOSONE CREAM,2,20,45,DLPC4001,2026-03-30,1,1,,1183,2026-01-26,25-26/0000526,10283,MADHAVI ENTERPRISES,,,,9496360332
65577,LINAFORD 5,100,25,45,LFR25003,2027-07-01,10,10,,1183,2026-01-26,25-26/0000526,10283,MADHAVI ENTERPRISES,,,,9496360332
57624,COSART 50,180,21,40,5BA1412,2027-05-01,10,10,,1183,2026-01-26,25-26/0000526,10283,MADHAVI ENTERPRISES,,,,9496360332
63303,INSULIN SYRINGE DISPOVAN ,100,4.9,6,504015BG,2029-12-01,1,1,,1183,2026-01-26,25-26/0000526,10283,MADHAVI ENTERPRISES,,,,9496360332
43871,FORACORT 200 INH,1,288.95,370,5SN2077,2028-08-01,1,1,,L,2026-01-27,25-26/0000527,1107,NORTHERN PHARMA,KASARAGOD,0,0,0
57484,AMLOKIND 5,8,18.03,23,G55Y034,2028-06-01,15,15,,L,2026-01-27,25-26/0000527,1107,NORTHERN PHARMA,KASARAGOD,0,0,0
46320,ASTHALIN RESP SOLUTION,5,12.47,16,5SA2307,2027-10-01,1,1,,L,2026-01-27,25-26/0000527,1107,NORTHERN PHARMA,KASARAGOD,0,0,0
61046,ASCORIL EXP SYP,5,120.36,157,11250867,2027-05-01,1,1,,L,2026-01-27,25-26/0000527,1107,NORTHERN PHARMA,KASARAGOD,0,0,0
64506,RISDONE LIQUID ,1,107.87,138,TL25165,2027-09-01,1,1,,L,2026-01-27,25-26/0000527,1107,NORTHERN PHARMA,KASARAGOD,0,0,0
57754,D3 MUST FORTE DROPS,7,77.85,100,X9ALY007,2027-01-01,1,1,,L,2026-01-27,25-26/0000527,1107,NORTHERN PHARMA,KASARAGOD,0,0,0
65579,RELENT SYP,3,102.5,130,D250347,2027-06-01,1,1,,L,2026-01-27,25-26/0000527,1107,NORTHERN PHARMA,KASARAGOD,0,0,0
57150,ASTHALIN SYP,9,14.64,19,5A61093,2027-09-01,1,1,,L,2026-01-27,25-26/0000527,1107,NORTHERN PHARMA,KASARAGOD,0,0,0
65580,ASCORIL FLU SYP ,1,74.64,95,9G250080,2026-12-01,1,1,,L,2026-01-27,25-26/0000527,1107,NORTHERN PHARMA,KASARAGOD,0,0,0
65581,CANDID LOTION 10ML,1,89.29,117,11250657,2027-10-01,1,1,,L,2026-01-27,25-26/0000527,1107,NORTHERN PHARMA,KASARAGOD,0,0,0
57642,CANDID POWDER 60GM,3,74.29,97,62250093,2029-02-01,1,1,,L,2026-01-27,25-26/0000527,1107,NORTHERN PHARMA,KASARAGOD,0,0,0
65582,CLONATE  CREAM,2,135.71,178,HH004,2027-07-01,1,1,,L,2026-01-27,25-26/0000527,1107,NORTHERN PHARMA,KASARAGOD,0,0,0
61143,CLONATE F CREAM,1,164.29,205,HH154,2027-09-01,1,1,,L,2026-01-27,25-26/0000527,1107,NORTHERN PHARMA,KASARAGOD,0,0,0
57863,CLEARGEL,2,139.29,175,HC184,2027-09-01,1,1,,L,2026-01-27,25-26/0000527,1107,NORTHERN PHARMA,KASARAGOD,0,0,0
57272,VANTEJ TOOTH PASTE 50GM,3,152.38,195,VTP25007A,2027-09-01,1,1,,L,2026-01-27,25-26/0000527,1107,NORTHERN PHARMA,KASARAGOD,0,0,0
57273,VANTEJ TOOTH PASTE 100GM,1,272.76,350,BBV25214,2027-10-01,1,1,,L,2026-01-27,25-26/0000527,1107,NORTHERN PHARMA,KASARAGOD,0,0,0
65583,LEVOLER SYP 30ML,5,30.64,40,DL0675A,2027-07-01,1,1,,L,2026-01-27,25-26/0000527,1107,NORTHERN PHARMA,KASARAGOD,0,0,0
56800,TICTAC STRAWBERRY,12,15.31,18,12,2028-06-01,1,1,,ASP05766,2026-01-27,25-26/0000529,10313,MINI AGENCIES,,,,
56799,TICTAC 5/-,75,3.68,5,1,2026-11-01,1,1,,ASP05766,2026-01-27,25-26/0000529,10313,MINI AGENCIES,,,,
48455,ARISTOZYME LIQUID,2,108.485,151.88,DPJ251187,2027-02-01,1,1,,INV1726-00560484,2026-01-24,25-26/0000531,10333,TRUMEDS,,,,
48455,ARISTOZYME LIQUID,2,108.485,151.88,DPG250853,2026-12-01,1,1,,INV1726-00560484,2026-01-24,25-26/0000531,10333,TRUMEDS,,,,
48455,ARISTOZYME LIQUID,1,108.485,151.88,DPH250943,2027-01-01,1,1,,INV1726-00560484,2026-01-24,25-26/0000531,10333,TRUMEDS,,,,
65584,CYPON SYP,2,99.78,138,GC045121,2028-08-01,1,1,,INV1726-00560484,2026-01-24,25-26/0000531,10333,TRUMEDS,,,,
65586,LATOFIX T E/D,2,188,260,255117B,2027-08-01,1,1,,INV1726-00560484,2026-01-24,25-26/0000531,10333,TRUMEDS,,,,
65587,LATONOX E/D,4,166.75,250,E251008,2027-09-01,1,1,,INV1726-00560484,2026-01-24,25-26/0000531,10333,TRUMEDS,,,,
44944,NUTROLIN B PLUS,60,56.75,72,ML25001,2026-12-01,15,15,,INV1726-00560484,2026-01-24,25-26/0000531,10333,TRUMEDS,,,,
44944,NUTROLIN B PLUS,15,60.53,75,ML25200,2027-03-01,15,15,,INV1726-00560484,2026-01-24,25-26/0000531,10333,TRUMEDS,,,,
44575,ELADI LEHYAM,1,0,30,943,2025-10-01,1,1,,,,25-26/0000001,0,,,,,
43847,NS 100 ML,8,13.5,20,F25LE1013,2028-11-01,1,1,,2500173005516,2026-01-28,25-26/0000532,10268,FATHIMA MATHA MEDICALS,,,,
57833,MEFTAL 500TAB,74,24.28,30,HK2529,2028-07-01,10,10,,2500173005516,2026-01-28,25-26/0000532,10268,FATHIMA MATHA MEDICALS,,,,
57392,MEFTAL SPAS TAB,30,39.28,50,YMS25173,2028-05-01,10,10,,2500173005516,2026-01-28,25-26/0000532,10268,FATHIMA MATHA MEDICALS,,,,
57392,MEFTAL SPAS TAB,70,37.14,50,YMS24174,2027-07-01,10,10,,2500173005516,2026-01-28,25-26/0000532,10268,FATHIMA MATHA MEDICALS,,,,
57390,LOPAR TAB,33,4,15,LRA25011,2027-09-01,10,10,,2500173005516,2026-01-28,25-26/0000532,10268,FATHIMA MATHA MEDICALS,,,,
45549,CYSTONE,2,168.8,220,106250463,2028-03-01,1,1,,2500173005516,2026-01-28,25-26/0000532,10268,FATHIMA MATHA MEDICALS,,,,
45850,FEEDING BOTTLE 250ML MUZEE,2,65,110,FEED,2030-12-01,1,1,,2500173005516,2026-01-28,25-26/0000532,10268,FATHIMA MATHA MEDICALS,,,,
45191,AMRUTHANJAN GREEN,3,36.5,44,C0925002,2028-04-01,1,1,,2500173005516,2026-01-28,25-26/0000532,10268,FATHIMA MATHA MEDICALS,,,,
56809,AMRUTHANJAN  RED,3,37,43,C6325079,2028-11-01,1,1,,2500173005516,2026-01-28,25-26/0000532,10268,FATHIMA MATHA MEDICALS,,,,
45769,OKAMET TAB,522,13,20,CPLAL25100,2028-04-01,20,20,,2500173005516,2026-01-28,25-26/0000532,10268,FATHIMA MATHA MEDICALS,,,,
65588,MOOV SPRAY 55G,2,194,225,B5111C5,2028-09-01,1,1,,2500173005516,2026-01-28,25-26/0000532,10268,FATHIMA MATHA MEDICALS,,,,
57285,MOOV SPRAY 15G,2,77.5,90,B5114A4,2027-10-01,1,1,,2500173005516,2026-01-28,25-26/0000532,10268,FATHIMA MATHA MEDICALS,,,,
64476,VOLINI SPRAY 40GM,3,133.34,175,XDC0139,2027-08-01,1,1,,2500173005516,2026-01-28,25-26/0000532,10268,FATHIMA MATHA MEDICALS,,,,
57825,CREMAFFIN PLUS SYP,3,259.5,320,802568D7,2028-07-01,1,1,,2500173005516,2026-01-28,25-26/0000532,10268,FATHIMA MATHA MEDICALS,,,,
48375,ALCID MPS,3,35,65,NAL25013RH,2027-02-01,1,1,,2500173005516,2026-01-28,25-26/0000532,10268,FATHIMA MATHA MEDICALS,,,,
57725,BABYVITA BANANA 300G,2,260,300,PEC27608,2026-12-01,1,1,,2500173005516,2026-01-28,25-26/0000532,10268,FATHIMA MATHA MEDICALS,,,,
57726,BABYVITA RICE BANANA 300G,2,196,232,BEC13R05,2026-12-01,1,1,,2500173005516,2026-01-28,25-26/0000532,10268,FATHIMA MATHA MEDICALS,,,,
61109,EUCALIPTUS OIL 15ML,4,20,40,79,2030-09-01,1,1,,2500173005516,2026-01-28,25-26/0000532,10268,FATHIMA MATHA MEDICALS,,,,
63311,LIV 52  SYRUP 200ML,1,179.2,230,111250823,2028-06-01,1,1,,2500173005516,2026-01-28,25-26/0000532,10268,FATHIMA MATHA MEDICALS,,,,
45549,CYSTONE,2,185.72,245,10620754,2028-06-01,1,1,,LP-25-54852,2026-01-29,25-26/0000533,1203,LINK PHARMA,KANNUR,,32AABFT3905A1ZK,
65589,LIV 52 DS  SYRUP 100ML,1,157.14,205,111250487,2028-03-01,1,1,,LP-25-54852,2026-01-29,25-26/0000533,1203,LINK PHARMA,KANNUR,,32AABFT3905A1ZK,
63289,LIV 52  SYRUP 100ML,2,96,125,111250451,2028-03-01,1,1,,LP-25-54852,2026-01-29,25-26/0000533,1203,LINK PHARMA,KANNUR,,32AABFT3905A1ZK,
58885,HUMAN MIXTARD 40IU,3,145.11,178,B-53222,2027-12-01,1,1,,LP-25-54852,2026-01-29,25-26/0000533,1203,LINK PHARMA,KANNUR,,32AABFT3905A1ZK,
57804,SIMILAC ADVANCE 2,1,674.67,805,82010MN1,2026-10-01,1,1,,LP-25-54852,2026-01-29,25-26/0000533,1203,LINK PHARMA,KANNUR,,32AABFT3905A1ZK,
61121,RARICAP L SUSP,2,158.91,200,ARAL25026,2027-02-01,1,1,,LP-25-54852,2026-01-29,25-26/0000533,1203,LINK PHARMA,KANNUR,,32AABFT3905A1ZK,
63341,INSUGEN 30/70 CATRIDGE,5,1251.36,1564.2,C25ITH4038,2028-08-01,5,5,,LP-25-54852,2026-01-29,25-26/0000533,1203,LINK PHARMA,KANNUR,,32AABFT3905A1ZK,
57381,CALPOL 250 SYP,5,32.64,42,NA649,2027-10-01,1,1,,LP-25-54852,2026-01-29,25-26/0000533,1203,LINK PHARMA,KANNUR,,32AABFT3905A1ZK,
64432,CCM TAB,2,427.86,550,A812,2027-02-01,1,1,,LP-25-54852,2026-01-29,25-26/0000533,1203,LINK PHARMA,KANNUR,,32AABFT3905A1ZK,
64467,NERVEND TAB,70,137.14,173,RNDT2504,2027-04-01,10,10,,LP-25-54852,2026-01-29,25-26/0000533,1203,LINK PHARMA,KANNUR,,32AABFT3905A1ZK,
63375,BUDAMATE G INHALER,1,586.4,740,JB01895,2027-08-01,1,1,,DL-25-47864,2026-01-29,25-26/0000534,1041,DRUG LINK,KANNUR,0,32AACFD4259N1ZC,0
64431,CELEVIDA LIV BC SACHET,10,118.1,150,CLB00225,2027-02-01,1,1,,DL-25-47864,2026-01-29,25-26/0000534,1041,DRUG LINK,KANNUR,0,32AACFD4259N1ZC,0
57865,BENZAC AC GEL 2.5%,3,88,115,5AC31,2027-08-01,1,1,,SP-25-26489,2026-01-29,25-26/0000535,1146,SHREYAS PHARMACEUTICALS,KANNUR,0,32AAKFS1960R1ZN,0
61163,RIBOFLAVIN TAB,60,9.43,12,R25421124,2027-09-01,10,10,,SP-25-26489,2026-01-29,25-26/0000535,1146,SHREYAS PHARMACEUTICALS,KANNUR,0,32AAKFS1960R1ZN,0
63265,CETAPHIL MOISTURISING CREAM 80GM,3,453.56,635,B5NG147,2028-08-01,1,1,,SP-25-26489,2026-01-29,25-26/0000535,1146,SHREYAS PHARMACEUTICALS,KANNUR,0,32AAKFS1960R1ZN,0
44051,RABIUM 20,85,120.71,150,N2502867,2027-07-01,15,15,,TL-25-32051,2026-01-29,25-26/0000536,1170,TRADE LINK,KANNUR,0,32AADFT4058N1ZY,0
58890,ZINCOVIT TAB,48,82.03,103,ZVT25263,2027-04-01,15,15,,IL-25-48693,2026-01-29,25-26/0000537,1060,INTER LINK,KANNUR,0,32AABFI5741B1ZO,0
65590,ALERID  60ML SYP,2,32.15,42,5A60936,2028-08-01,1,1,,IL-25-48693,2026-01-29,25-26/0000537,1060,INTER LINK,KANNUR,0,32AABFI5741B1ZO,0
57356,LEVOLIN 0.31 RESPULES,48,4.66,6,5L80631,2027-06-01,1,1,,IL-25-48693,2026-01-29,25-26/0000537,1060,INTER LINK,KANNUR,0,32AABFI5741B1ZO,0
63268,ROZALET 10/75,30,156.42,200,FHC0927,2027-09-01,10,10,,IL-25-48693,2026-01-29,25-26/0000537,1060,INTER LINK,KANNUR,0,32AABFI5741B1ZO,0
45523,OLMEZEST AM ,30,148.57,190,SIG1858A,2027-08-01,10,10,,IL-25-48693,2026-01-29,25-26/0000537,1060,INTER LINK,KANNUR,0,32AABFI5741B1ZO,0
54492,PANLIPASE,35,310,400,GKG1679A,2027-02-01,15,15,,IL-25-48693,2026-01-29,25-26/0000537,1060,INTER LINK,KANNUR,0,32AABFI5741B1ZO,0
57597,BREVIPIL 50,50,152.14,195,GTG2532B,2027-07-01,10,10,,IL-25-48693,2026-01-29,25-26/0000537,1060,INTER LINK,KANNUR,0,32AABFI5741B1ZO,0
65549,CALNETA D3,193,8.5,30,T250865,2027-06-01,15,15,,A002887,2026-01-27,25-26/0000538,10296,alka associates,,,,
64449,ATORVIA 5,90,10.5,23,MOT25049,2027-02-01,15,15,,A002887,2026-01-27,25-26/0000538,10296,alka associates,,,,
64423,FLUTICUS NASAL SPRAY,1,80,130,25N031B,2027-08-01,1,1,,A002887,2026-01-27,25-26/0000538,10296,alka associates,,,,
65591,MIDOFIND 5 ,100,64,110,LGP07/365J02,2027-06-01,10,10,,A002887,2026-01-27,25-26/0000538,10296,alka associates,,,,
57430,MONTEFIC FX ,2,29.5,50,PGT25-1046B,2027-03-01,10,10,,A002887,2026-01-27,25-26/0000538,10296,alka associates,,,,
57613,MUPIPHIN OINT,8,19,65,4331,2027-07-01,1,1,,A002887,2026-01-27,25-26/0000538,10296,alka associates,,,,
57614,CLOX 0.25 TAB,250,4.6,18,NR/251137,2028-04-01,10,10,,A002887,2026-01-27,25-26/0000538,10296,alka associates,,,,
65592,CLOX 0.5 TAB,175,6,20,NR/251003,2028-03-01,10,10,,A002887,2026-01-27,25-26/0000538,10296,alka associates,,,,
45620,ISPER PLUS,100,10,25,NB/251052,2028-03-01,10,10,,A002887,2026-01-27,25-26/0000538,10296,alka associates,,,,
60001,OXETIN 20,100,9,25,NB/250355,2027-08-01,10,10,,A002887,2026-01-27,25-26/0000538,10296,alka associates,,,,
57265,OXETIN 40,100,13,40,NB/250922,2028-02-01,10,10,,A002887,2026-01-27,25-26/0000538,10296,alka associates,,,,
65593,ALFUGEM 10,150,92,140,AFG250702,2028-06-01,30,30,,A002887,2026-01-27,25-26/0000538,10296,alka associates,,,,
56966,NIFEDULE RT 20,240,16,35,AMN01BCA,2026-12-01,15,15,,A002887,2026-01-27,25-26/0000538,10296,alka associates,,,,
57621,PUMACOXIB 2,60,57,90,SPO250502,2027-04-01,10,10,,A002887,2026-01-27,25-26/0000538,10296,alka associates,,,,
65594,SODIBICARB FORTE ,85,18.5,40,T-2506312,2027-05-01,15,15,,A002887,2026-01-27,25-26/0000538,10296,alka associates,,,,
45101,TOLVAPTORIS 15,40,47.5,100,WT092502A,2027-08-01,4,4,,A002887,2026-01-27,25-26/0000538,10296,alka associates,,,,
57132,GLIEMPAFLOZIN 10,92,13.5,30,AMN04CKA,2027-04-01,10,10,,A002887,2026-01-27,25-26/0000538,10296,alka associates,,,,
56825,ADALODAKA SYP,3,48,60,1790,2028-11-01,1,1,,1838/25-26,2026-01-30,25-26/0000539,1052,GENERAL TRADE LINKS,KANNUR,0,32AAEFG2263D1ZI,0
56807,VAYUGULIKA WHITE 20,19,15.24,20,49,2027-11-01,1,1,,1838/25-26,2026-01-30,25-26/0000539,1052,GENERAL TRADE LINKS,KANNUR,0,32AAEFG2263D1ZI,0
56806,VAYUGULIKA WHITE 10,50,7.62,10,50,2028-01-01,1,1,,1838/25-26,2026-01-30,25-26/0000539,1052,GENERAL TRADE LINKS,KANNUR,0,32AAEFG2263D1ZI,0
57309,VIP HAIR COLOUR SHAMPOO BOTTLE,1,381,475,255H,2027-09-01,1,1,,1838/25-26,2026-01-30,25-26/0000539,1052,GENERAL TRADE LINKS,KANNUR,0,32AAEFG2263D1ZI,0
56814,GLUCORADE SHOTS ORANGE,17,144.95,200,O-25212,2026-11-01,20,20,,1838/25-26,2026-01-30,25-26/0000539,1052,GENERAL TRADE LINKS,KANNUR,0,32AAEFG2263D1ZI,0
57439,GLUCORADE SHOTS STRAWBEEY,18,144.95,200,S-25206,2026-10-01,20,20,,1838/25-26,2026-01-30,25-26/0000539,1052,GENERAL TRADE LINKS,KANNUR,0,32AAEFG2263D1ZI,0
57166,ROSE WATER 120ML,2,40,50,JK05477,2027-10-01,1,1,,1838/25-26,2026-01-30,25-26/0000539,1052,GENERAL TRADE LINKS,KANNUR,0,32AAEFG2263D1ZI,0
45551,DHATHRI HAIR OIL,2,197,244,NDHH25022,2028-08-01,1,1,,1838/25-26,2026-01-30,25-26/0000539,1052,GENERAL TRADE LINKS,KANNUR,0,32AAEFG2263D1ZI,0
56823,DHEETHI SHAMPOO,2,69.49,88,NDHS25156,2028-11-01,1,1,,1838/25-26,2026-01-30,25-26/0000539,1052,GENERAL TRADE LINKS,KANNUR,0,32AAEFG2263D1ZI,0
43746,GRIPE WATER,3,56,65,GW25087,2027-07-01,1,1,,1838/25-26,2026-01-30,25-26/0000539,1052,GENERAL TRADE LINKS,KANNUR,0,32AAEFG2263D1ZI,0
46238,ALOEVERA GEL,6,37.5,50,684,2026-08-01,1,1,,1838/25-26,2026-01-30,25-26/0000539,1052,GENERAL TRADE LINKS,KANNUR,0,32AAEFG2263D1ZI,0
56826,ELADI LEHYAM 30G,13,428.57,560,B2090,2027-12-01,20,20,,1838/25-26,2026-01-30,25-26/0000539,1052,GENERAL TRADE LINKS,KANNUR,0,32AAEFG2263D1ZI,0
65595,QUAKER OATS 500G,2,73,86,TV121225,2026-11-01,1,1,,1838/25-26,2026-01-30,25-26/0000539,1052,GENERAL TRADE LINKS,KANNUR,0,32AAEFG2263D1ZI,0
56902,NETAMOL 650MG,900,8,15,ABBA24021,2027-05-01,15,15,,557,2026-01-29,25-26/0000540,10327,AMS SURGICALS,,,,
44238,CREPE BANDAGE 10 CM,1,107.4,160,ECB104-06/25,2030-05-01,1,1,,557,2026-01-29,25-26/0000540,10327,AMS SURGICALS,,,,
65596,FLUSID CREAM,1,29.5,50,225,2027-08-01,1,1,,557,2026-01-29,25-26/0000540,10327,AMS SURGICALS,,,,
65598,CIPLADIN OINT 125GM,2,155.9,195,N0241169,2026-11-01,1,1,,557,2026-01-29,25-26/0000540,10327,AMS SURGICALS,,,,
65549,CALNETA D3,600,8.5,30,T250865,2027-06-01,15,15,,A002922,2026-01-30,25-26/0000541,10296,alka associates,,,,
57373,ACIZEN P,211,7.5,20,ST250493,2027-07-01,10,10,,A002922,2026-01-30,25-26/0000541,10296,alka associates,,,,
65599,BILINDQO 20,54,20,40,AVF01AJA,2027-11-01,10,10,,A002922,2026-01-30,25-26/0000541,10296,alka associates,,,,
65600,BILINDQO  M,108,26,60,AVF01AKA,2027-11-01,10,10,,A002922,2026-01-30,25-26/0000541,10296,alka associates,,,,
56698,CIDINITAB 10,11,6.75,20,DZP01ACA,2027-05-01,10,10,,A002922,2026-01-30,25-26/0000541,10296,alka associates,,,,
57222,CILOSITAZONE 100,83,49,95,SCK250402,2027-03-01,15,15,,A002922,2026-01-30,25-26/0000541,10296,alka associates,,,,
57223,GLIBEMIDE FORTE ,200,9.5,20,BTH01AAA,2026-12-01,10,10,,A002922,2026-01-30,25-26/0000541,10296,alka associates,,,,
65601,LAMOTROZEN 50,25,13,30,T242420,2028-10-01,10,10,,A002922,2026-01-30,25-26/0000541,10296,alka associates,,,,
57514,SEIZMET G2 FORTE ,270,23.5,55,STY25002,2027-05-01,15,15,,A002922,2026-01-30,25-26/0000541,10296,alka associates,,,,
44071,SYNDOPA PLUS,80,31.38,40,GKG1756A,2029-09-01,15,15,,A002922,2026-01-30,25-26/0000541,10296,alka associates,,,,
57311,SENSODYNE FRESHMINT 75G,3,103.105,124.5,33061020,2026-06-01,1,1,,A14560-25/26,2026-01-30,25-26/0000542,10321,BHARATHI SALES CORPERATION,12/171-A4,11318013000469,32BVCPC2400G1ZK,9895961146
57317,SENSODYNE RAPID RELIF 80G,3,154.857,187,33061020,2026-06-01,1,1,,A14560-25/26,2026-01-30,25-26/0000542,10321,BHARATHI SALES CORPERATION,12/171-A4,11318013000469,32BVCPC2400G1ZK,9895961146
65602,SENSODYNE BRUSH SENSITIVE,11,43.733,62,96032100,2028-06-01,1,1,,A14560-25/26,2026-01-30,25-26/0000542,10321,BHARATHI SALES CORPERATION,12/171-A4,11318013000469,32BVCPC2400G1ZK,9895961146
56998,SENSODYNE BRUSH 31,10,22.711,31,96032100,2028-06-01,1,1,,A14560-25/26,2026-01-30,25-26/0000542,10321,BHARATHI SALES CORPERATION,12/171-A4,11318013000469,32BVCPC2400G1ZK,9895961146
57603,MINFA GOLD1.2KG,2,248,310,inmg25269,2027-08-01,1,1,,5216,2026-01-30,25-26/0000543,10302,english pharma,,,,
66601,CANIGEN DHPPI,2,310,600,9VAF,2026-11-01,1,1,,5216,2026-01-30,25-26/0000543,10302,english pharma,,,,
45910,AGRIMIN 1 KG,2,156,195,RN301,2027-08-01,1,1,,5216,2026-01-30,25-26/0000543,10302,english pharma,,,,
57331,FLEMATIC WS SPRAY,2,124.95,164,FPT25034,2028-11-01,1,1,,5216,2026-01-30,25-26/0000543,10302,english pharma,,,,
57074,NOBIVAC DHPPI,6,360,500,17F01,2026-10-01,1,1,,NP2223-6273,2026-01-31,25-26/0000544,1105,NEW PHARMA,MAIN ROAD IRITTY,0,0,0
57075,NOBIVAC LEPTO,6,97.37,150,509A04,2026-07-01,1,1,,NP2223-6273,2026-01-31,25-26/0000544,1105,NEW PHARMA,MAIN ROAD IRITTY,0,0,0
46156,"BEXOLIV VET SYP 300,L",3,164,205,CBS25023,2028-10-01,1,1,,NP2223-6273,2026-01-31,25-26/0000544,1105,NEW PHARMA,MAIN ROAD IRITTY,0,0,0
56993,VICKS 10GM,12,36.19,45,9619,2028-06-01,1,1,,11328,2026-01-31,25-26/0000545,10315,AMALA STATIONERY,ANGADIKADAVU,,,
57409,BOOST 500GM,3,214.29,240,1901,2028-06-01,1,1,,11328,2026-01-31,25-26/0000545,10315,AMALA STATIONERY,ANGADIKADAVU,,,
57408,FAIR & LOVELY,1,55.09,70,3304,2028-06-01,1,1,,11328,2026-01-31,25-26/0000545,10315,AMALA STATIONERY,ANGADIKADAVU,,,
66602,FAIR & LOVELY 50G,2,107.63,135,3304,2028-06-01,1,1,,11328,2026-01-31,25-26/0000545,10315,AMALA STATIONERY,ANGADIKADAVU,,,
66603,VASELINE 5GM,38,3.81,5,2712,2028-06-01,1,1,,11328,2026-01-31,25-26/0000545,10315,AMALA STATIONERY,ANGADIKADAVU,,,
66604,SAFFOLA MUESLI,5,78.1,97,1904,2028-06-01,1,1,,11328,2026-01-31,25-26/0000545,10315,AMALA STATIONERY,ANGADIKADAVU,,,
57122,MEDIMIX SOAP 75GM,1,27.38,32,3401,2028-06-01,1,1,,11328,2026-01-31,25-26/0000545,10315,AMALA STATIONERY,ANGADIKADAVU,,,
57049,POCKET TISSUE,30,40.68,100,4818,2028-06-01,10,10,,11328,2026-01-31,25-26/0000545,10315,AMALA STATIONERY,ANGADIKADAVU,,,
56995,VICKS INHALER ,12,52.38,64,3004,2028-06-01,1,1,,11328,2026-01-31,25-26/0000545,10315,AMALA STATIONERY,ANGADIKADAVU,,,
64478,DOVE SHAMPOO 75ML,2,48.57,60,3305,2028-06-01,1,1,,11328,2026-01-31,25-26/0000545,10315,AMALA STATIONERY,ANGADIKADAVU,,,
66608,ENCHANTER POCKET PERFUME,5,44.07,70,3303,2028-06-01,1,1,,11328,2026-01-31,25-26/0000545,10315,AMALA STATIONERY,ANGADIKADAVU,,,
56976,PAMPERS M 2`S,8,21.9,27,9619,2028-06-01,1,1,,11328,2026-01-31,25-26/0000545,10315,AMALA STATIONERY,ANGADIKADAVU,,,
63256,BLADMIR 50MG TAB,85,327.07,420,F05967011,2027-07-01,10,10,,PD02815,2026-01-31,25-26/0000546,1107,NORTHERN PHARMA,KASARAGOD,0,0,0
66609,HEADSET TAB,12,120.38,158,UB02051,2028-07-01,2,2,,PD02815,2026-01-31,25-26/0000546,1107,NORTHERN PHARMA,KASARAGOD,0,0,0
63284,CANDID LOTION 30ML,2,95.04,124,11250486,2028-04-01,1,1,,PD02815,2026-01-31,25-26/0000546,1107,NORTHERN PHARMA,KASARAGOD,0,0,0
45418,KAMILO 5,10,3.15,6,ARU01AGA,2027-05-01,10,10,,17441862XFYA84636A,2026-01-18,25-26/0000509,10325,AMAZON,,,,
45272,KAINOMET G2,15,14.7,30,GE505010A,2027-09-01,15,15,,17441862XFYA84636A,2026-01-18,25-26/0000509,10325,AMAZON,,,,
63352,HAIR SERUM PARACHUTE 100ML,2,180,250,RTRERT,2028-12-20,1,1,,17441862XFYA84636A,2026-01-18,25-26/0000509,10325,AMAZON,,,,
63354,LOREAL HAIR SERUM 30ML,2,170,270,FGDHH,2028-12-20,1,1,,17441862XFYA84636A,2026-01-18,25-26/0000509,10325,AMAZON,,,,
66614,PARACHUTE HAIR CREAM ANTI HAIRFALL 210GM,1,175,270,FHAA033,2028-10-01,1,1,,17441862XFYA84636A,2026-01-18,25-26/0000509,10325,AMAZON,,,,
66615,THRIVE SCALP CLEAR SHAMPOO,1,300,450,AH/SCS/06,2027-11-01,1,1,,17441862XFYA84636A,2026-01-18,25-26/0000509,10325,AMAZON,,,,
61078,TISSUE BOX,8,50,75,IUYI,2028-06-01,1,1,,17441862XFYA84636A,2026-01-18,25-26/0000509,10325,AMAZON,,,,
64380,STAYFREE SECURE XL 40NOS,4,200,261,DFGDFG,2028-12-28,1,1,,17441862XFYA84636A,2026-01-18,25-26/0000509,10325,AMAZON,,,,
66617,HIM NEEM FACE WASH 150ML,1,230,250,AJHDGJDQ,2028-06-01,1,1,,17441862XFYA84636A,2026-01-18,25-26/0000509,10325,AMAZON,,,,
66618,CIPLAR LA 40,75,93.93,120,5SB0723,2027-07-01,15,15,,PD02815,2026-01-31,25-26/0000546,1107,NORTHERN PHARMA,KASARAGOD,0,0,0
57496,ALEX LOZENGES,75,100.71,125,73250018,2028-11-01,10,10,,PD02815,2026-01-31,25-26/0000546,1107,NORTHERN PHARMA,KASARAGOD,0,0,0
57808,PENTIDS 400,50,18.97,24,MRL0217,2026-09-01,10,10,,PD02815,2026-01-31,25-26/0000546,1107,NORTHERN PHARMA,KASARAGOD,0,0,0
57757,BETADINE OINT,9,105.17,128,GN04325,2027-10-01,1,1,,PD02815,2026-01-31,25-26/0000546,1107,NORTHERN PHARMA,KASARAGOD,0,0,0
66610,AHAGLOW S FACE WASH,1,457.63,650,AS2533,2027-06-01,1,1,,PD02815,2026-01-31,25-26/0000546,1107,NORTHERN PHARMA,KASARAGOD,0,0,0
66610,AHAGLOW S FACE WASH,1,457.63,650,AS2541,2027-07-01,1,1,,PD02815,2026-01-31,25-26/0000546,1107,NORTHERN PHARMA,KASARAGOD,0,0,0
44263,AMROX LS,4,44,70,AJLH25108,2027-10-01,1,1,,1200,2026-01-31,25-26/0000547,10283,MADHAVI ENTERPRISES,,,,9496360332
44989,LEEKUF,11,36,60,GGLH25005,2027-01-01,1,1,,1200,2026-01-31,25-26/0000547,10283,MADHAVI ENTERPRISES,,,,9496360332
44431,CUFLIFT SYP,3,36,60,BILH25010,2027-07-01,1,1,,1200,2026-01-31,25-26/0000547,10283,MADHAVI ENTERPRISES,,,,9496360332
44314,LEEKUF SF,6,39,70,GJLH25004,2027-07-01,1,1,,1200,2026-01-31,25-26/0000547,10283,MADHAVI ENTERPRISES,,,,9496360332
45150,RONEMOX 500,100,34,60,MRL0232,2027-03-01,10,10,,1200,2026-01-31,25-26/0000547,10283,MADHAVI ENTERPRISES,,,,9496360332
66619,MOKCAN 500 CAP,100,33,60,AD25003,2027-08-01,10,10,,1200,2026-01-31,25-26/0000547,10283,MADHAVI ENTERPRISES,,,,9496360332
44925,VALPOCARE CR 300,60,26.5,48,T250144,2027-08-01,10,10,,1200,2026-01-31,25-26/0000547,10283,MADHAVI ENTERPRISES,,,,9496360332
44269,REDNISOL 8,46,21,45,4724006,2026-09-01,10,10,,1200,2026-01-31,25-26/0000547,10283,MADHAVI ENTERPRISES,,,,9496360332
56914,NETAGEL 30GM,6,22,60,EDAD2501,2027-07-01,1,1,,1200,2026-01-31,25-26/0000547,10283,MADHAVI ENTERPRISES,,,,9496360332
44713,PAPER PLASTER 2.5,1,23.5,45,LF-108,2028-05-01,1,1,,1200,2026-01-31,25-26/0000547,10283,MADHAVI ENTERPRISES,,,,9496360332
66613,NEBULIZER AGEASY,3,1050,1450,852009,2028-09-01,1,1,,17441862XFYA84636A,2026-01-18,25-26/0000509,10325,AMAZON,,,,
66611,NEBULIZER DR.TRUST,1,1150,1400,401240201001,2028-04-01,1,1,,17441862XFYA84636A,2026-01-18,25-26/0000509,10325,AMAZON,,,,
66612,NEBULIZER OMRON,2,1150,1450,NE-C108,2028-09-01,1,1,,17441862XFYA84636A,2026-01-18,25-26/0000509,10325,AMAZON,,,,
66621,MAMYPOKO XL 46,1,500,664,4634,2028-02-01,1,1,,OD436579341956697100,2026-02-01,25-26/0000548,10325,AMAZON,,,,
56792,CERELAC STAGE 3(10+)WHEAT RICE MIX FRUIT,2,253.39,290,52780451DC,2026-08-01,1,1,,NAS17090,2026-01-24,25-26/0000549,10313,MINI AGENCIES,,,,
57490,POLO MINT,72,4.18,5,53151519A,2026-06-01,1,1,,NAS17090,2026-01-24,25-26/0000549,10313,MINI AGENCIES,,,,
43948,QTPINE 100,10,0,46.5,C01,2022-11-01,10,10,,,,25-26/0000001,0,,,,,
57808,PENTIDS 400,30,18.96,24,MRL0354,2026-10-01,10,10,,PD02838,2026-02-02,25-26/0000550,1107,NORTHERN PHARMA,KASARAGOD,0,0,0
43935,FORACORT 200 RC 30`S,2,139.67,185,5BA1609,2027-06-01,1,1,,PD02838,2026-02-02,25-26/0000550,1107,NORTHERN PHARMA,KASARAGOD,0,0,0
43870,AEROCORT RC,4,108.7,140,5SA2508,2027-04-01,1,1,,PD02838,2026-02-02,25-26/0000550,1107,NORTHERN PHARMA,KASARAGOD,0,0,0
44410,AEROCORT INH,1,260.26,335,5SN2118,2027-06-01,1,1,,PD02838,2026-02-02,25-26/0000550,1107,NORTHERN PHARMA,KASARAGOD,0,0,0
45701,ASTHALIN 2,440,9.87,12.5,5C11141,2028-07-01,45,45,,PD02838,2026-02-02,25-26/0000550,1107,NORTHERN PHARMA,KASARAGOD,0,0,0
45702,ASTHALIN 4,150,11.51,15,5SA0179,2027-12-01,30,30,,PD02838,2026-02-02,25-26/0000550,1107,NORTHERN PHARMA,KASARAGOD,0,0,0
57498,CIPLOX D E/D,2,20.85,25,5L80921,2027-08-01,1,1,,PD02838,2026-02-02,25-26/0000550,1107,NORTHERN PHARMA,KASARAGOD,0,0,0
57498,CIPLOX D E/D,7,20.85,25,5A40466,2027-09-01,1,1,,PD02838,2026-02-02,25-26/0000550,1107,NORTHERN PHARMA,KASARAGOD,0,0,0
57474,CIPLOX E/D,11,12.56,16,5A40495,2027-10-01,1,1,,PD02838,2026-02-02,25-26/0000550,1107,NORTHERN PHARMA,KASARAGOD,0,0,0
66622,AZEE 200 SYP,4,41.62,52,AZB25004,2027-07-01,1,1,,PD02838,2026-02-02,25-26/0000550,1107,NORTHERN PHARMA,KASARAGOD,0,0,0
55550,BETNOVATE C,3,55.64,73,HL3G,2027-06-01,1,1,,PD02838,2026-02-02,25-26/0000550,1107,NORTHERN PHARMA,KASARAGOD,0,0,0
57360,DENTAL FLOSS,4,121.33,160,24MF17,2027-07-01,1,1,,PD02838,2026-02-02,25-26/0000550,1107,NORTHERN PHARMA,KASARAGOD,0,0,0
59933,B PROTIN VF 500GM,2,505.11,650,BPVAE250501,2027-04-01,1,1,,PD02838,2026-02-02,25-26/0000550,1107,NORTHERN PHARMA,KASARAGOD,0,0,0
58920,CHAPTEX LIP BALM 10GM,2,132.2,190,EH24,2028-11-01,1,1,,PD02838,2026-02-02,25-26/0000550,1107,NORTHERN PHARMA,KASARAGOD,0,0,0
66624,MEDOC AT TAB,95,45,80,MDF25004,2026-10-01,10,10,,1217,2026-02-03,25-26/0000551,10283,MADHAVI ENTERPRISES,,,,9496360332
56786,LACTOGROW ,2,318.92,365,53570453J2,2026-11-01,1,1,,NAS17534,2026-01-31,25-26/0000552,10313,MINI AGENCIES,,,,
57680,CERELAC STAGE 4(12+)WHEAT HONEY,3,253.39,290,52880451DC,2026-11-01,1,1,,NAS17534,2026-01-31,25-26/0000552,10313,MINI AGENCIES,,,,
56795,EVERYDAY 200G,3,109.35,124,535104515A,2026-11-01,1,1,,NAS17534,2026-01-31,25-26/0000552,10313,MINI AGENCIES,,,,
56801,TICTAC ORANGE,12,15.31,18,12,2026-11-01,1,1,,ASP05858,2026-02-03,25-26/0000553,10313,MINI AGENCIES,,,,
56802,TICTAC MINT,12,15.31,18,12,2026-11-01,1,1,,ASP05858,2026-02-03,25-26/0000553,10313,MINI AGENCIES,,,,
44191,IV CANNULA 22,6,15,40,53732G,2030-08-01,1,1,,2500173005654,2026-02-04,25-26/0000554,10268,FATHIMA MATHA MEDICALS,,,,
44736,URINBAG,2,35,60,51UF0365,2028-08-01,1,1,,2500173005654,2026-02-04,25-26/0000554,10268,FATHIMA MATHA MEDICALS,,,,
57536,MOODS DOTTED 3,10,33.33,40,B03017,2029-06-01,1,1,,2500173005654,2026-02-04,25-26/0000554,10268,FATHIMA MATHA MEDICALS,,,,
61057,MOODS ULTRA THIN 3`S,10,33.33,40,B01034,2029-04-01,1,1,,2500173005654,2026-02-04,25-26/0000554,10268,FATHIMA MATHA MEDICALS,,,,
45586,MOODS ULTRA THIN 12,5,100,120,b02029,2029-12-01,1,1,,2500173005654,2026-02-04,25-26/0000554,10268,FATHIMA MATHA MEDICALS,,,,
57390,LOPAR TAB,100,4,15,LRA25011,2027-09-01,10,10,,2500173005654,2026-02-04,25-26/0000554,10268,FATHIMA MATHA MEDICALS,,,,
56853,REACTIN PLUS,89,10,20,GST50286,2028-03-01,10,10,,2500173005654,2026-02-04,25-26/0000554,10268,FATHIMA MATHA MEDICALS,,,,
56849,LIVOGEN TAB,450,72.82,95,5235C84201,2027-07-01,15,15,,2500173005654,2026-02-04,25-26/0000554,10268,FATHIMA MATHA MEDICALS,,,,
44576,TIGER BALM RED,3,38.5,46,R25087,2029-07-01,1,1,,2500173005654,2026-02-04,25-26/0000554,10268,FATHIMA MATHA MEDICALS,,,,
57178,TIGER BALM WHITE,4,37.99,45,W25009,2029-02-01,1,1,,2500173005654,2026-02-04,25-26/0000554,10268,FATHIMA MATHA MEDICALS,,,,
56855,V WASH PLUS 120ML,1,142,200,B301,2027-09-01,1,1,,2500173005654,2026-02-04,25-26/0000554,10268,FATHIMA MATHA MEDICALS,,,,
64455,MOOV OINT 50GM,3,213.5,255,A1367,2028-04-01,1,1,,2500173005654,2026-02-04,25-26/0000554,10268,FATHIMA MATHA MEDICALS,,,,
45476,SUNETRA REGULAR,2,62,75,SRZS-16,2027-12-01,1,1,,2500173005654,2026-02-04,25-26/0000554,10268,FATHIMA MATHA MEDICALS,,,,
56812,KAYAM TAB 30`S,3,92.5,115,5089,2028-10-01,1,1,,2500173005654,2026-02-04,25-26/0000554,10268,FATHIMA MATHA MEDICALS,,,,
61056,LACTOCALAMIN LOTION 60ML,2,114.1,140,DCPF007,2028-05-01,1,1,,2500173005654,2026-02-04,25-26/0000554,10268,FATHIMA MATHA MEDICALS,,,,
56880,I PILL,11,65,75,IPAF014,2027-05-01,1,1,,2500173005654,2026-02-04,25-26/0000554,10268,FATHIMA MATHA MEDICALS,,,,
43899,BUDAMATE 100 R/C,1,105.45,136,UB02092,2027-08-01,1,1,,DL-25-49001,2026-02-05,25-26/0000555,1041,DRUG LINK,KANNUR,0,32AACFD4259N1ZC,0
57276,BUDAMATE 400 R/C,1,169.68,215,UB02219,2027-08-01,1,1,,DL-25-49001,2026-02-05,25-26/0000555,1041,DRUG LINK,KANNUR,0,32AACFD4259N1ZC,0
63260,GLYCO 6 CREAM,1,172.11,220,420,2027-09-01,1,1,,DL-25-49001,2026-02-05,25-26/0000555,1041,DRUG LINK,KANNUR,0,32AACFD4259N1ZC,0
61114,ZAPIZ 0.25,100,28.09,36,K2502135,2028-08-01,20,20,,DL-25-49001,2026-02-05,25-26/0000555,1041,DRUG LINK,KANNUR,0,32AACFD4259N1ZC,0
66625,RABIUM PLUS ,50,257.14,335,K2501567,2027-05-01,10,10,,DL-25-49001,2026-02-05,25-26/0000555,1041,DRUG LINK,KANNUR,0,32AACFD4259N1ZC,0
62222,ASTHALIN RESPULES,10,6.1,8,5L80808,2028-08-01,1,1,,IL-25-49818,2026-02-05,25-26/0000556,1060,INTER LINK,KANNUR,0,32AABFI5741B1ZO,0
45485,ASTHALIN INH,2,128.6,168,5BA2555,2027-08-01,1,1,,IL-25-49818,2026-02-05,25-26/0000556,1060,INTER LINK,KANNUR,0,32AABFI5741B1ZO,0
64435,DERIPHYLLIN M,50,110.1,144,TMT112510,2027-10-01,10,10,,IL-25-49818,2026-02-05,25-26/0000556,1060,INTER LINK,KANNUR,0,32AABFI5741B1ZO,0
45523,OLMEZEST AM ,70,148.57,190,SIG1858A,2027-08-01,10,10,,IL-25-49818,2026-02-05,25-26/0000556,1060,INTER LINK,KANNUR,0,32AABFI5741B1ZO,0
57206,TEAR DROPS ,1,100.02,130,GTG3357A,2027-10-01,1,1,,IL-25-49818,2026-02-05,25-26/0000556,1060,INTER LINK,KANNUR,0,32AABFI5741B1ZO,0
66627,PANLIPASE UC,50,168.57,208,GTG3781A,2027-11-01,10,10,,IL-25-49818,2026-02-05,25-26/0000556,1060,INTER LINK,KANNUR,0,32AABFI5741B1ZO,0
57800,MESACOL OD 1.2,90,435.72,540,GKG1726A,2027-09-01,15,15,,IL-25-49818,2026-02-05,25-26/0000556,1060,INTER LINK,KANNUR,0,32AABFI5741B1ZO,0
65546,FORMONIDE FORTE RESPICAPS,2,377.86,475,IA01378A,2027-09-01,1,1,,IL-25-49818,2026-02-05,25-26/0000556,1060,INTER LINK,KANNUR,0,32AABFI5741B1ZO,0
57267,SIMILAC 2,2,460.95,550,83031MN1,2027-05-01,1,1,,LP-25-56071,2026-02-05,25-26/0000557,1203,LINK PHARMA,KANNUR,,32AABFT3905A1ZK,
63328,TOPISAL 3% LOTION,1,74.29,95,TT-542,2027-10-01,1,1,,LP-25-56071,2026-02-05,25-26/0000557,1203,LINK PHARMA,KANNUR,,32AABFT3905A1ZK,
63327,TOPISAL 6% LOTION,2,78.55,103,TN0123,2027-11-01,1,1,,LP-25-56071,2026-02-05,25-26/0000557,1203,LINK PHARMA,KANNUR,,32AABFT3905A1ZK,
63241,PEDIASURE 7+ VANILLA 400GM,1,537.33,620,835552UH,2027-05-01,1,1,,LP-25-56071,2026-02-05,25-26/0000557,1203,LINK PHARMA,KANNUR,,32AABFT3905A1ZK,
57279,VANTEJ AQUA MOUTH WASH,2,135.59,190,ABAA151,2027-10-01,1,1,,LP-25-56071,2026-02-05,25-26/0000557,1203,LINK PHARMA,KANNUR,,32AABFT3905A1ZK,
64391,ASTHAKIND PRO SYP,2,111.57,145,A00WY021,2027-01-01,1,1,,LP-25-56071,2026-02-05,25-26/0000557,1203,LINK PHARMA,KANNUR,,32AABFT3905A1ZK,
57632,COFSILS ,60,23.36,35,4M60594,2027-11-01,10,10,,200,2026-02-06,25-26/0000558,10311,MALABAR PHARMA,"CASA MARINA COMPLEX,THALAP,KANNUR",WLF20B2024KL001695,32BQKPN5471R1Z3,9037573266
45769,OKAMET TAB,375,14.95,20,5SN0721,2028-02-01,20,20,,200,2026-02-06,25-26/0000558,10311,MALABAR PHARMA,"CASA MARINA COMPLEX,THALAP,KANNUR",WLF20B2024KL001695,32BQKPN5471R1Z3,9037573266
44024,AMLIP 5,470,10.25,20,5C108819,2028-05-01,10,10,,200,2026-02-06,25-26/0000558,10311,MALABAR PHARMA,"CASA MARINA COMPLEX,THALAP,KANNUR",WLF20B2024KL001695,32BQKPN5471R1Z3,9037573266
56639,DRESSING PAD 10*10,4,19.8,38,P-10-0422,2027-08-01,1,1,,200,2026-02-06,25-26/0000558,10311,MALABAR PHARMA,"CASA MARINA COMPLEX,THALAP,KANNUR",WLF20B2024KL001695,32BQKPN5471R1Z3,9037573266
45506,CIPLADIN OINT 10GM,2,19.8,33,N0250141,2027-02-01,1,1,,200,2026-02-06,25-26/0000558,10311,MALABAR PHARMA,"CASA MARINA COMPLEX,THALAP,KANNUR",WLF20B2024KL001695,32BQKPN5471R1Z3,9037573266
45506,CIPLADIN OINT 10GM,2,19.8,33,CH050049,2027-02-01,1,1,,200,2026-02-06,25-26/0000558,10311,MALABAR PHARMA,"CASA MARINA COMPLEX,THALAP,KANNUR",WLF20B2024KL001695,32BQKPN5471R1Z3,9037573266
45506,CIPLADIN OINT 10GM,1,19.8,33,N0240521,2026-06-01,1,1,,200,2026-02-06,25-26/0000558,10311,MALABAR PHARMA,"CASA MARINA COMPLEX,THALAP,KANNUR",WLF20B2024KL001695,32BQKPN5471R1Z3,9037573266
61022,MEDIGRIP 2.5*5M,4,39,75,C3123131,2026-11-01,1,1,,200,2026-02-06,25-26/0000558,10311,MALABAR PHARMA,"CASA MARINA COMPLEX,THALAP,KANNUR",WLF20B2024KL001695,32BQKPN5471R1Z3,9037573266
46053,CIPLADIN OINT 15GM,6,25.4,45,N0240342,2027-04-01,1,1,,200,2026-02-06,25-26/0000558,10311,MALABAR PHARMA,"CASA MARINA COMPLEX,THALAP,KANNUR",WLF20B2024KL001695,32BQKPN5471R1Z3,9037573266
57722,COSART H,100,31.25,48,N45020,2026-11-01,10,10,,200,2026-02-06,25-26/0000558,10311,MALABAR PHARMA,"CASA MARINA COMPLEX,THALAP,KANNUR",WLF20B2024KL001695,32BQKPN5471R1Z3,9037573266
56652,FERICIP XT,120,48,65,FTA25020,2027-01-01,10,10,,200,2026-02-06,25-26/0000558,10311,MALABAR PHARMA,"CASA MARINA COMPLEX,THALAP,KANNUR",WLF20B2024KL001695,32BQKPN5471R1Z3,9037573266
57676,MICOGEL F,10,35.15,55,0253M002,2027-01-01,1,1,,200,2026-02-06,25-26/0000558,10311,MALABAR PHARMA,"CASA MARINA COMPLEX,THALAP,KANNUR",WLF20B2024KL001695,32BQKPN5471R1Z3,9037573266
56653,MONTECIP LC JUNIOR SYP,4,41.6,80,MLJ25009,2027-03-01,1,1,,200,2026-02-06,25-26/0000558,10311,MALABAR PHARMA,"CASA MARINA COMPLEX,THALAP,KANNUR",WLF20B2024KL001695,32BQKPN5471R1Z3,9037573266
45683,OTRIVEL NASAL SPRAY,9,25.2,45,KPN25E10A,2027-07-01,1,1,,200,2026-02-06,25-26/0000558,10311,MALABAR PHARMA,"CASA MARINA COMPLEX,THALAP,KANNUR",WLF20B2024KL001695,32BQKPN5471R1Z3,9037573266
56781,WONDER VAPORIZER,2,232,350,XX,2030-12-01,1,1,,200,2026-02-06,25-26/0000558,10311,MALABAR PHARMA,"CASA MARINA COMPLEX,THALAP,KANNUR",WLF20B2024KL001695,32BQKPN5471R1Z3,9037573266
61020,MEDIGRIP 2.5*1M,5,11,30,C9105,2028-05-01,1,1,,200,2026-02-06,25-26/0000558,10311,MALABAR PHARMA,"CASA MARINA COMPLEX,THALAP,KANNUR",WLF20B2024KL001695,32BQKPN5471R1Z3,9037573266
45629,GLUCOSE D 50GM,6,9.53,20,260835,2027-07-01,1,1,,200,2026-02-06,25-26/0000558,10311,MALABAR PHARMA,"CASA MARINA COMPLEX,THALAP,KANNUR",WLF20B2024KL001695,32BQKPN5471R1Z3,9037573266
44609,FINAX 1 MG,60,271.07,355,wz50071,2027-09-01,30,30,,25-26/36022,2026-02-05,25-26/0000559,1126,RAM AGENCIES,KANNUR,0,32AACFR7971D1ZA,0
66628,ANTOXID P,45,337.62,440,ATT25003,2027-03-01,15,15,,25-26/36022,2026-02-05,25-26/0000559,1126,RAM AGENCIES,KANNUR,0,32AACFR7971D1ZA,0
57108,DEXOLAC 1 400GM,2,402.6,465,2510097901,2027-01-01,1,1,,25-26/36022,2026-02-05,25-26/0000559,1126,RAM AGENCIES,KANNUR,0,32AACFR7971D1ZA,0
56988,WHISPER CHOICE XL 18`S 120,6,100,120,9619,2028-06-01,1,1,,11609,2026-02-07,25-26/0000560,10315,AMALA STATIONERY,ANGADIKADAVU,,,
56986,WHISPER CHOICE XL 45,10,37,45,9619,2028-06-01,1,1,,11609,2026-02-07,25-26/0000560,10315,AMALA STATIONERY,ANGADIKADAVU,,,
57045,PAMPERS M 12`S,2,162.86,196,9619,2028-06-01,1,1,,11609,2026-02-07,25-26/0000560,10315,AMALA STATIONERY,ANGADIKADAVU,,,
57307,PAMPERS XL 2`S,8,30,37,9619,2026-06-01,1,1,,11609,2026-02-07,25-26/0000560,10315,AMALA STATIONERY,ANGADIKADAVU,,,
56975,PAMPERS S 2`S ,8,17.14,21,9619,2028-06-01,1,1,,11609,2026-02-07,25-26/0000560,10315,AMALA STATIONERY,ANGADIKADAVU,,,
56977,PAMPERS L 2`S,6,26.67,33,9619,2028-06-01,1,1,,11609,2026-02-07,25-26/0000560,10315,AMALA STATIONERY,ANGADIKADAVU,,,
56824,SISO HAIR DYE,10,10.594,30,3305,2028-06-01,1,1,,11609,2026-02-07,25-26/0000560,10315,AMALA STATIONERY,ANGADIKADAVU,,,
57054,GODREJ HAIR DYE,10,28.81,40,3305,2028-06-01,1,1,,11609,2026-02-07,25-26/0000560,10315,AMALA STATIONERY,ANGADIKADAVU,,,
57201,COLGATE 50GM,6,17.14,20,3306,2028-06-01,1,1,,11609,2026-02-07,25-26/0000560,10315,AMALA STATIONERY,ANGADIKADAVU,,,
56998,SENSODYNE BRUSH 31,10,24.762,31,96032100,2028-06-01,1,1,,11609,2026-02-07,25-26/0000560,10315,AMALA STATIONERY,ANGADIKADAVU,,,
45191,AMRUTHANJAN GREEN,2,34.29,42,C0925002,2028-04-01,1,1,,11609,2026-02-07,25-26/0000560,10315,AMALA STATIONERY,ANGADIKADAVU,,,
46178,DETTOL  125 ML,3,71.43,80,3004,2029-03-01,1,1,,11609,2026-02-07,25-26/0000560,10315,AMALA STATIONERY,ANGADIKADAVU,,,
44732,DETTOL  60 ML,3,35.71,41,3004,2029-03-01,1,1,,11609,2026-02-07,25-26/0000560,10315,AMALA STATIONERY,ANGADIKADAVU,,,
57490,POLO MINT,24,4.365,5,53151519A,2026-06-01,1,1,,11609,2026-02-07,25-26/0000560,10315,AMALA STATIONERY,ANGADIKADAVU,,,
46231,VICKS DROPS,104,166.66,230,3004,2028-06-01,115,115,,11609,2026-02-07,25-26/0000560,10315,AMALA STATIONERY,ANGADIKADAVU,,,
63272,PARACHUTE 175ML,3,100,115,1513,2028-06-01,1,1,,11609,2026-02-07,25-26/0000560,10315,AMALA STATIONERY,ANGADIKADAVU,,,
58895,PARACHUTE 100ML,3,57.14,65,1513,2026-06-01,1,1,,11609,2026-02-07,25-26/0000560,10315,AMALA STATIONERY,ANGADIKADAVU,,,
57046,HORLICKS 200GM,2,93.33,105,1901,2028-06-01,1,1,,11609,2026-02-07,25-26/0000560,10315,AMALA STATIONERY,ANGADIKADAVU,,,
56887,CHANDRIKA SOAP,1,28.33,33,3401,2028-03-01,1,1,,11609,2026-02-07,25-26/0000560,10315,AMALA STATIONERY,ANGADIKADAVU,,,
57122,MEDIMIX SOAP 75GM,2,27.38,32,3401,2028-06-01,1,1,,11609,2026-02-07,25-26/0000560,10315,AMALA STATIONERY,ANGADIKADAVU,,,
57306,ENCHANTER BODY LOTION,2,74.58,100,3304,2026-06-01,1,1,,11609,2026-02-07,25-26/0000560,10315,AMALA STATIONERY,ANGADIKADAVU,,,
56994,VICKS 25GM,5,81.9,102,3004,2028-06-01,1,1,,11609,2026-02-07,25-26/0000560,10315,AMALA STATIONERY,ANGADIKADAVU,,,
56992,VICKS 5GM,12,19.05,25,3004,2028-06-01,1,1,,11609,2026-02-07,25-26/0000560,10315,AMALA STATIONERY,ANGADIKADAVU,,,
56990,STAYFREE XL WINGS 45,10,36.5,45,9619,2028-06-01,1,1,,11609,2026-02-07,25-26/0000560,10315,AMALA STATIONERY,ANGADIKADAVU,,,
57193,STAYFREE XXL  50,4,40,50,9619,2028-06-01,1,1,,11609,2026-02-07,25-26/0000560,10315,AMALA STATIONERY,ANGADIKADAVU,,,
56991,STAYFREE XL 18`S,5,103,123,9619,2028-06-01,1,1,,11609,2026-02-07,25-26/0000560,10315,AMALA STATIONERY,ANGADIKADAVU,,,
46152,CALCIMIN D JAR,6,133.33,160,154,2027-09-01,1,1,,5336,2026-02-06,25-26/0000561,10302,english pharma,,,,
57073,D MAG SPRAY 50ML,2,82.14,107,B59125,2027-04-01,1,1,,5336,2026-02-06,25-26/0000561,10302,english pharma,,,,
66629,D MAG PET SPRAY 50ML,1,96.43,125,B57225,2026-12-01,1,1,,5336,2026-02-06,25-26/0000561,10302,english pharma,,,,
66630,NAYANTOB EYE OINT,5,56.38,72,NC90,2027-08-01,1,1,,2500173005679,2026-02-05,25-26/0000562,10268,FATHIMA MATHA MEDICALS,,,,
57328,LETS BITE CAT ADULT 400G,1,143,199,KAAO12/25,2026-12-01,1,1,,NP2223-6392,2026-02-07,25-26/0000563,10318,NEW PHARMA,IRITTY,,,
57329,LETS BITE CAT KITTEN 400G,1,143,199,KAKO11/25,2026-07-01,1,1,,NP2223-6392,2026-02-07,25-26/0000563,10318,NEW PHARMA,IRITTY,,,
57062,INFLAMIN VET CREAM,2,67.86,89,502500568,2028-11-01,1,1,,NP2223-6392,2026-02-07,25-26/0000563,10318,NEW PHARMA,IRITTY,,,
57065,MAMMIDIUM 50GM,3,78.4,98,25013,2027-02-01,1,1,,NP2223-6392,2026-02-07,25-26/0000563,10318,NEW PHARMA,IRITTY,,,
66629,D MAG PET SPRAY 50ML,2,96.43,125,B58925,2027-03-01,1,1,,NP2223-6392,2026-02-07,25-26/0000563,10318,NEW PHARMA,IRITTY,,,
45927,HIMAX OINTMET,6,57.14,75,25V099,2028-11-01,1,1,,NP2223-6392,2026-02-07,25-26/0000563,10318,NEW PHARMA,IRITTY,,,
57087,MEO KITTEN PERSIAN 400GM,4,145.43,195,110,2027-07-01,1,1,,NP2223-6392,2026-02-07,25-26/0000563,10318,NEW PHARMA,IRITTY,,,
66631,ENRO 150 TAB,17,89.26,112,UGT25899,2027-06-01,10,10,,NP2223-6392,2026-02-07,25-26/0000563,10318,NEW PHARMA,IRITTY,,,
57105,VIMERAL FORTE 120ML,1,176,220,BR379,2027-08-01,1,1,,NP2223-6392,2026-02-07,25-26/0000563,10318,NEW PHARMA,IRITTY,,,
57521,VIRTRAZ 15ML,1,82.14,105,GP500,2027-03-01,1,1,,NP2223-6392,2026-02-07,25-26/0000563,10318,NEW PHARMA,IRITTY,,,
66632,CETAPHIL MOISTURISING CREAM 250GM,1,920,1329,B5NG155,2028-09-01,1,1,,OD436579341956697100,2026-02-01,25-26/0000548,10325,AMAZON,,,,
66633,HOT BAG ELECTRIC,2,270,390,SSAD,2029-02-07,1,1,,OD436579341956697100,2026-02-01,25-26/0000548,10325,AMAZON,,,,
66634,WISHCARE HAIR GROWTH SERUM 30ML,2,800,949,WCHGS353,2027-09-01,1,1,,OD436579341956697100,2026-02-01,25-26/0000548,10325,AMAZON,,,,
66635,WISHCARE MULTI-PEPTIDE SHAMPOO 20ML,1,40,70,WMA55102,2027-11-01,1,1,,OD436579341956697100,2026-02-01,25-26/0000548,10325,AMAZON,,,,
66636,WISHCARE SUNSCREEN LIGHT&MATE 5ML,1,35,60,HA14,2028-01-01,1,1,,OD436579341956697100,2026-02-01,25-26/0000548,10325,AMAZON,,,,
66637,HIM HAIR CREAM ANTI-DANDRFF100ML,2,70,95,152500805,2028-11-01,1,1,,OD436579341956697100,2026-02-01,25-26/0000548,10325,AMAZON,,,,
57309,VIP HAIR COLOUR SHAMPOO BOTTLE,2,381,475,334,2027-12-01,1,1,,OD436579341956697100,2026-02-01,25-26/0000548,10325,AMAZON,,,,
64459,ZINCODERM ,5,75.42,95,ZDC2404,2026-08-01,1,1,,OD436579341956697100,2026-02-01,25-26/0000548,10325,AMAZON,,,,
64459,ZINCODERM ,1,75.42,95,ZDC2501,2027-02-01,1,1,,OD436579341956697100,2026-02-01,25-26/0000548,10325,AMAZON,,,,
66639,AQUASOFT FS CREAM 100GM,2,349.44,420,G4094,2027-08-01,1,1,,OD436579341956697100,2026-02-01,25-26/0000548,10325,AMAZON,,,,
57501,DERMADEW BABY CREAM,3,185,218,B422,2027-09-01,1,1,,OD436579341956697100,2026-02-01,25-26/0000548,10325,AMAZON,,,,
56754,TASMULINE D,200,16,45,TNU24002,2026-05-01,10,10,,25000730021831,2026-02-04,25-26/0000564,10312,JANATHA PHARMA,MANGLORE,KA-MN1-245544,29EKIPS0746F1ZT,
66640,DEXAREN TAB,200,2,4,T50229,2027-05-01,10,10,,25000730021831,2026-02-04,25-26/0000564,10312,JANATHA PHARMA,MANGLORE,KA-MN1-245544,29EKIPS0746F1ZT,
56896,PROCHLOROMETIL MD TAB,200,12.9,25,AMN01FFA,2027-06-01,10,10,,25000730021831,2026-02-04,25-26/0000564,10312,JANATHA PHARMA,MANGLORE,KA-MN1-245544,29EKIPS0746F1ZT,
66641,AMDULES 5,300,9.7,18,STL124001,2026-10-01,30,30,,25000730021831,2026-02-04,25-26/0000564,10312,JANATHA PHARMA,MANGLORE,KA-MN1-245544,29EKIPS0746F1ZT,
57434,TELMISTRUM 40,281,14,30,STB25003,2027-04-01,15,15,,25000730021831,2026-02-04,25-26/0000564,10312,JANATHA PHARMA,MANGLORE,KA-MN1-245544,29EKIPS0746F1ZT,
56737,RABISTRM DSR,150,23.5,60,AMN01DJA,2027-02-01,15,15,,25000730021831,2026-02-04,25-26/0000564,10312,JANATHA PHARMA,MANGLORE,KA-MN1-245544,29EKIPS0746F1ZT,
66642,DIGITAL THERMOMETER PERFEXA,7,55,110,VHS-010,2030-01-01,1,1,,25000730021831,2026-02-04,25-26/0000564,10312,JANATHA PHARMA,MANGLORE,KA-MN1-245544,29EKIPS0746F1ZT,
56761,HYDROQUIZ 200,31,50,80,SHY250102,2027-12-01,15,15,,25000730021831,2026-02-04,25-26/0000564,10312,JANATHA PHARMA,MANGLORE,KA-MN1-245544,29EKIPS0746F1ZT,
56680,CGLIM 1 MG,600,3,10,CT25261327,2027-10-01,10,10,,25000730021831,2026-02-04,25-26/0000564,10312,JANATHA PHARMA,MANGLORE,KA-MN1-245544,29EKIPS0746F1ZT,
56743,MYCOAZITHER 500,86,35.6,60,EUSIE502,2028-04-01,3,3,,25000730021831,2026-02-04,25-26/0000564,10312,JANATHA PHARMA,MANGLORE,KA-MN1-245544,29EKIPS0746F1ZT,
64426,FULVOXIM 100,100,53,90,AMN01CDA,2027-02-01,10,10,,25000730021831,2026-02-04,25-26/0000564,10312,JANATHA PHARMA,MANGLORE,KA-MN1-245544,29EKIPS0746F1ZT,
56943,THYRORISE 75,5,41,70,HBH13Y001,2027-05-01,1,1,,25000730021831,2026-02-04,25-26/0000564,10312,JANATHA PHARMA,MANGLORE,KA-MN1-245544,29EKIPS0746F1ZT,
56725,ATOVASTRIN GOLD 10,300,32.2,70,CVSIE506,2027-04-01,15,15,,25000730021831,2026-02-04,25-26/0000564,10312,JANATHA PHARMA,MANGLORE,KA-MN1-245544,29EKIPS0746F1ZT,
56726,ATOVASTRIN GOLD 20,120,35,75,CWSIK513,2027-10-01,15,15,,25000730021831,2026-02-04,25-26/0000564,10312,JANATHA PHARMA,MANGLORE,KA-MN1-245544,29EKIPS0746F1ZT,
56890,QT-PINE 25,150,6.25,20,AMN02CAA,2027-07-01,10,10,,25000730021831,2026-02-04,25-26/0000564,10312,JANATHA PHARMA,MANGLORE,KA-MN1-245544,29EKIPS0746F1ZT,
66643,FABRICAL XT,150,64.5,95,AMN01FHA,2027-06-01,15,15,,25000730021831,2026-02-04,25-26/0000564,10312,JANATHA PHARMA,MANGLORE,KA-MN1-245544,29EKIPS0746F1ZT,
56745,GATOLINE 100,100,15,24,CC25260053,2027-05-01,10,10,,25000730021831,2026-02-04,25-26/0000564,10312,JANATHA PHARMA,MANGLORE,KA-MN1-245544,29EKIPS0746F1ZT,
56741,CONARIS 200,100,60,110,25S2GCA329,2027-03-01,10,10,,25000730021831,2026-02-04,25-26/0000564,10312,JANATHA PHARMA,MANGLORE,KA-MN1-245544,29EKIPS0746F1ZT,
56670,MANOGREL 75,100,10.4,23,CT25261554,2027-10-01,10,10,,25000730021831,2026-02-04,25-26/0000564,10312,JANATHA PHARMA,MANGLORE,KA-MN1-245544,29EKIPS0746F1ZT,
65551,OLIDAX TRIO 40,100,28.5,50,T252370,2027-07-01,10,10,,25000730021831,2026-02-04,25-26/0000564,10312,JANATHA PHARMA,MANGLORE,KA-MN1-245544,29EKIPS0746F1ZT,
64501,SIGADAX GM 50/2/1000,20,47,90,CMT251332A,2027-06-01,10,10,,25000730021831,2026-02-04,25-26/0000564,10312,JANATHA PHARMA,MANGLORE,KA-MN1-245544,29EKIPS0746F1ZT,
66644,RASAGAIL 0.5,60,26.17,50,AFRSL-2503,2027-07-01,10,10,,25000730021831,2026-02-04,25-26/0000564,10312,JANATHA PHARMA,MANGLORE,KA-MN1-245544,29EKIPS0746F1ZT,
44469,KNEE CAP L,5,78,150,KP-E25308,2027-05-01,1,1,,25000730021831,2026-02-04,25-26/0000564,10312,JANATHA PHARMA,MANGLORE,KA-MN1-245544,29EKIPS0746F1ZT,
44470,KNEE CAP M,5,78,150,KP-F25309,2028-06-01,1,1,,25000730021831,2026-02-04,25-26/0000564,10312,JANATHA PHARMA,MANGLORE,KA-MN1-245544,29EKIPS0746F1ZT,
57394,ATOVASTRIN 5,300,6,15,PUSIG501,2027-06-01,10,10,,25000730021831,2026-02-04,25-26/0000564,10312,JANATHA PHARMA,MANGLORE,KA-MN1-245544,29EKIPS0746F1ZT,
56657,ATOVASTRIN 10,130,6,12,AMN01FMA,2027-07-01,10,10,,25000730021831,2026-02-04,25-26/0000564,10312,JANATHA PHARMA,MANGLORE,KA-MN1-245544,29EKIPS0746F1ZT,
61099,GNAP 2.5,440,3.6,15,CT2526760B,2027-07-01,10,10,,25000730021831,2026-02-04,25-26/0000564,10312,JANATHA PHARMA,MANGLORE,KA-MN1-245544,29EKIPS0746F1ZT,
66645,KALRAB IT CAP,100,26.25,65,WEA/06/07NA,2027-05-01,10,10,,25000730021831,2026-02-04,25-26/0000564,10312,JANATHA PHARMA,MANGLORE,KA-MN1-245544,29EKIPS0746F1ZT,
66646,CLINDIROS  M 25,50,20,40,ST-241624,2027-01-01,10,10,,25000730021831,2026-02-04,25-26/0000564,10312,JANATHA PHARMA,MANGLORE,KA-MN1-245544,29EKIPS0746F1ZT,
66647,AMDULES AT ,300,10.5,36,STK124001,2026-09-01,30,30,,25000730021831,2026-02-04,25-26/0000564,10312,JANATHA PHARMA,MANGLORE,KA-MN1-245544,29EKIPS0746F1ZT,
66648,BACLOFINE 10,10,8.1,20,AMN01EUA,2027-04-01,10,10,,25000730021831,2026-02-04,25-26/0000564,10312,JANATHA PHARMA,MANGLORE,KA-MN1-245544,29EKIPS0746F1ZT,
66649,OLMISTRUM AM 40,150,34.71,70,AMN01ENA,2027-06-01,15,15,,25000730021831,2026-02-04,25-26/0000564,10312,JANATHA PHARMA,MANGLORE,KA-MN1-245544,29EKIPS0746F1ZT,
66650,COLGATE KIDS (2-5)  80G STRWBERRY ,1,120,175,CP 10,2028-10-01,1,1,,OD436579341956697100,2026-02-01,25-26/0000548,10325,AMAZON,,,,
56789,CERELAC STAGE 1(6+) WHEAT APPLE CARROT,1,214.07,245,53430453A8,2026-11-01,1,1,,NAS17948,2026-02-09,25-26/0000565,10313,MINI AGENCIES,,,,
56791,CERELAC STAGE 2(8+)WHEAT APPLE CHERRY,1,253.39,290,60090453A7,2026-11-01,1,1,,NAS17948,2026-02-09,25-26/0000565,10313,MINI AGENCIES,,,,
57490,POLO MINT,72,4.18,5,53311519FB,2026-11-01,1,1,,NAS17948,2026-02-09,25-26/0000565,10313,MINI AGENCIES,,,,
48437,AMIFRU 40,24,10.64,13.55,2CR3M021,2028-08-01,10,10,,PD02921,2026-02-10,25-26/0000566,1107,NORTHERN PHARMA,KASARAGOD,0,0,0
43761,SEROFLO 250 RC,2,450.87,560,5SA1842,2027-07-01,1,1,,PD02921,2026-02-10,25-26/0000566,1107,NORTHERN PHARMA,KASARAGOD,0,0,0
43759,SEROFLO 100 RC,1,227.18,265,5SA1679,2027-06-01,1,1,,PD02921,2026-02-10,25-26/0000566,1107,NORTHERN PHARMA,KASARAGOD,0,0,0
43936,FORACORT 400 RC 30`S,1,169.68,218,5SA1577,2027-06-01,1,1,,PD02921,2026-02-10,25-26/0000566,1107,NORTHERN PHARMA,KASARAGOD,0,0,0
57464,ASCORIL D JUNIOR,4,83.57,110,11250742,2027-04-01,1,1,,PD02921,2026-02-10,25-26/0000566,1107,NORTHERN PHARMA,KASARAGOD,0,0,0
61068,BANDY SUSP,5,14.54,19,A7AGY039,2027-07-01,1,1,,PD02921,2026-02-10,25-26/0000566,1107,NORTHERN PHARMA,KASARAGOD,0,0,0
57837,BANDY PLUS SYP,5,32.21,42,BOAGY032,2027-07-01,1,1,,PD02921,2026-02-10,25-26/0000566,1107,NORTHERN PHARMA,KASARAGOD,0,0,0
45704,LEVOLIN SYP,5,25.32,32,5A61266,2027-10-01,1,1,,PD02921,2026-02-10,25-26/0000566,1107,NORTHERN PHARMA,KASARAGOD,0,0,0
67641,BETNOVATE GM,4,35.53,46,L76G,2026-12-01,1,1,,PD02921,2026-02-10,25-26/0000566,1107,NORTHERN PHARMA,KASARAGOD,0,0,0
44370,BETNOVATE N,5,47.75,60,RT7U,2027-03-01,1,1,,PD02921,2026-02-10,25-26/0000566,1107,NORTHERN PHARMA,KASARAGOD,0,0,0
44278,DIGENE TAB,300,20.85,29,792009D7,2028-06-01,15,15,,PD02921,2026-02-10,25-26/0000566,1107,NORTHERN PHARMA,KASARAGOD,0,0,0
64427,TIOVA INH,1,452.8,590,5BA1299,2027-04-01,1,1,,PD02921,2026-02-10,25-26/0000566,1107,NORTHERN PHARMA,KASARAGOD,0,0,0
67642,GABATAX 100,200,13,25,MOT25050,2027-02-01,10,10,,A003027,2026-02-07,25-26/0000567,10296,alka associates,,,,
67643,MIRARONE  ER 50,30,80,150,LGP03/186/03,2027-02-01,10,10,,A003027,2026-02-07,25-26/0000567,10296,alka associates,,,,
57452,FLUTICUS FT N/S,2,92.5,145,EJO217A,2027-09-01,1,1,,A003027,2026-02-07,25-26/0000567,10296,alka associates,,,,
61094,AMLOZEN 10,100,5,20,AVF0IAIA,2027-05-01,10,10,,A003027,2026-02-07,25-26/0000567,10296,alka associates,,,,
67644,OMEZEN 20,181,13,26,2510027,2027-09-01,15,15,,A003027,2026-02-07,25-26/0000567,10296,alka associates,,,,
57376,PIOGLOT 7.5,200,5.5,15,PGT25-1000A,2027-03-01,10,10,,A003027,2026-02-07,25-26/0000567,10296,alka associates,,,,
67646,STIPDRUM DPM 10/100/500,70,44,73,SIBP257841,2027-10-01,10,10,,A003027,2026-02-07,25-26/0000567,10296,alka associates,,,,
67647,STIPDRUM  GM 2/50/1000,80,65,110,CMT251332C,2027-06-01,10,10,,A003027,2026-02-07,25-26/0000567,10296,alka associates,,,,
46296,NIZ- 5,100,7.75,20,NR/250611,2027-11-01,10,10,,A003027,2026-02-07,25-26/0000567,10296,alka associates,,,,
67648,RIPTIN 10,140,5.29,20,NB/250354,2027-08-01,10,10,,A003027,2026-02-07,25-26/0000567,10296,alka associates,,,,
56657,ATOVASTRIN 10,300,6,12,AMN02FMA,2027-11-01,10,10,,A003027,2026-02-07,25-26/0000567,10296,alka associates,,,,
66648,BACLOFINE 10,60,7,20,AMN01EUA,2027-04-01,10,10,,A003027,2026-02-07,25-26/0000567,10296,alka associates,,,,
67649,CIDINITAB M 50,40,17,30,ATG-250593,2027-03-01,10,10,,A003027,2026-02-07,25-26/0000567,10296,alka associates,,,,
61097,GLICLAGLAZE M 80,300,32,60,AMN02BTA,2027-06-01,15,15,,A003027,2026-02-07,25-26/0000567,10296,alka associates,,,,
57859,GLIEMPAFLOZIN SITA 10/100,50,51.75,110,EMV250564O,2027-02-01,10,10,,A003027,2026-02-07,25-26/0000567,10296,alka associates,,,,
67650,METROTREX 10,100,30,70,GKSIJ501,2027-09-01,10,10,,A003027,2026-02-07,25-26/0000567,10296,alka associates,,,,
45101,TOLVAPTORIS 15,40,47.5,100,T25223,2028-10-01,4,4,,A003027,2026-02-07,25-26/0000567,10296,alka associates,,,,
56891,QT-PINE 50,120,12.75,25,AMN01FIA,2027-06-01,10,10,,A003027,2026-02-07,25-26/0000567,10296,alka associates,,,,
59963,FOLLIHAIR NEW,60,303.73,390,TLL0208,2027-03-01,15,15,,OD436579341956697100,2026-02-01,25-26/0000548,10325,AMAZON,,,,
64457,ACMIST MOIST GEL 50GM,1,302.98,425,HC250316,2027-09-01,1,1,,OD436579341956697100,2026-02-01,25-26/0000548,10325,AMAZON,,,,
67651,HIM PROTEIN HAIR CREAM 200ML,4,120,185,152500599,2028-07-01,1,1,,OD436579341956697100,2026-02-01,25-26/0000548,10325,AMAZON,,,,
67652,HIM HAIR CREAM ANTI-HAIR FALL 100ML,4,70,95,152500724,2028-09-01,1,1,,OD436579341956697100,2026-02-01,25-26/0000548,10325,AMAZON,,,,
67655,ENZOMAC CM 10ML,1,703.46,923.29,MM-6007,2027-07-01,1,1,,OD436579341956697100,2026-02-01,25-26/0000548,10325,AMAZON,,,,
67654,SECALIA PLUS 100G,1,214.24,310,MSP080,2027-10-01,1,1,,DL-25-60197,2026-02-11,25-26/0000568,1041,DRUG LINK,KANNUR,0,32AACFD4259N1ZC,0
67656,SECALIA PLUS DP LOTION ,1,406.78,580,MSL020,2027-04-01,1,1,,DL-25-60197,2026-02-11,25-26/0000568,1041,DRUG LINK,KANNUR,0,32AACFD4259N1ZC,0
58889,EXAM GLOVES SURAKSHA L,300,257,500,SUP020161,2030-08-01,100,100,,25-26089,2026-02-11,25-26/0000569,1080,LINK SURGICALS,KANNUR,0,32AACFL1761F1ZS,0
58888,EXAM GLOVES SURAKSHA M,300,257,500,SUPO20164,2030-09-01,100,100,,25-26089,2026-02-11,25-26/0000569,1080,LINK SURGICALS,KANNUR,0,32AACFL1761F1ZS,0
67657,STOCKINGS XL CHEETAH,1,418.93,680,AGXL210-0825,2030-09-01,1,1,,25-26089,2026-02-11,25-26/0000569,1080,LINK SURGICALS,KANNUR,0,32AACFL1761F1ZS,0
61077,LEVOLIN 0.63 RESPULES,30,6.17,7.5,5L81079,2027-10-01,1,1,,IL-25-50996,2026-02-11,25-26/0000570,1060,INTER LINK,KANNUR,0,32AABFI5741B1ZO,0
65590,ALERID  60ML SYP,5,32.15,42,5A61097,2028-09-01,1,1,,IL-25-50996,2026-02-11,25-26/0000570,1060,INTER LINK,KANNUR,0,32AABFI5741B1ZO,0
57641,IPRAVENT RESPULES,25,23.65,32,5SA1837,2027-07-01,5,5,,IL-25-50996,2026-02-11,25-26/0000570,1060,INTER LINK,KANNUR,0,32AABFI5741B1ZO,0
43880,NEUROBION FORTE,300,38.03,45,5337C84301,2027-04-01,30,30,,IL-25-50996,2026-02-11,25-26/0000570,1060,INTER LINK,KANNUR,0,32AABFI5741B1ZO,0
57846,LATOPROST RT EYE DROP,2,473.22,590,GTG3050A,2027-09-01,1,1,,IL-25-50996,2026-02-11,25-26/0000570,1060,INTER LINK,KANNUR,0,32AABFI5741B1ZO,0
57799,HEPTAGON TAB,50,195.81,250,SIG1872A,2027-09-01,10,10,,IL-25-50996,2026-02-11,25-26/0000570,1060,INTER LINK,KANNUR,0,32AABFI5741B1ZO,0
58926,NEXITO 5,85,61.28,78,SIG1698A,2027-07-01,10,10,,IL-25-50996,2026-02-11,25-26/0000570,1060,INTER LINK,KANNUR,0,32AABFI5741B1ZO,0
45107,ENSURE DIABETIC 400 G VANILLA,3,771.05,920,82002MN1,2027-03-01,1,1,,LP-25-57450,2026-02-11,25-26/0000571,1203,LINK PHARMA,KANNUR,,32AABFT3905A1ZK,
57806,SIMILAC ADVANCE 4,4,674.67,805,83023MN2,2027-05-01,1,1,,LP-25-57450,2026-02-11,25-26/0000571,1203,LINK PHARMA,KANNUR,,32AABFT3905A1ZK,
67659,INSUGEN 30/70  VIAL,1,144.87,178,V25ITF5011,2028-09-01,1,1,,LP-25-57450,2026-02-11,25-26/0000571,1203,LINK PHARMA,KANNUR,,32AABFT3905A1ZK,
63341,INSUGEN 30/70 CATRIDGE,5,1251.36,1550,C25ITH4052,2028-10-01,5,5,,LP-25-57450,2026-02-11,25-26/0000571,1203,LINK PHARMA,KANNUR,,32AABFT3905A1ZK,
67660,GELUSIL MPS SYP,2,132.2,168,2519236E,2027-09-01,1,1,,LP-25-57450,2026-02-11,25-26/0000571,1203,LINK PHARMA,KANNUR,,32AABFT3905A1ZK,
67661,PHOTOSTABLE ACNE  SUNSCREEN,1,658.3,945,SGC0212,2027-06-01,1,1,,LP-25-57450,2026-02-11,25-26/0000571,1203,LINK PHARMA,KANNUR,,32AABFT3905A1ZK,
63255,TAZLOC 40,75,73.62,95,48020749,2027-09-01,15,15,,LP-25-57450,2026-02-11,25-26/0000571,1203,LINK PHARMA,KANNUR,,32AABFT3905A1ZK,
45835,HOT WATER BAG,5,150,240,HB/0625,2030-12-01,1,1,,2500173005785,2026-02-11,25-26/0000572,10268,FATHIMA MATHA MEDICALS,,,,
44300,CALAMIN LOTION,4,20,50,639,2027-10-01,1,1,,2500173005785,2026-02-11,25-26/0000572,10268,FATHIMA MATHA MEDICALS,,,,
57628,EXAM GLOVES M,87,230,500,062025194410,2030-06-01,100,100,,2500173005785,2026-02-11,25-26/0000572,10268,FATHIMA MATHA MEDICALS,,,,
67662,ALKALITH SYP,4,25,60,24283211,2027-11-01,1,1,,2500173005785,2026-02-11,25-26/0000572,10268,FATHIMA MATHA MEDICALS,,,,
56867,DIGENE GEL ,3,138.7,175,ZBZA5004,2027-07-01,1,1,,2500173005785,2026-02-11,25-26/0000572,10268,FATHIMA MATHA MEDICALS,,,,
48375,ALCID MPS,3,31,65,NAL25025RH,2027-06-01,1,1,,2500173005785,2026-02-11,25-26/0000572,10268,FATHIMA MATHA MEDICALS,,,,
45143,BAND AID,100,1,2,MM24-111,2028-05-01,1,1,,2500173005785,2026-02-11,25-26/0000572,10268,FATHIMA MATHA MEDICALS,,,,
56827,ELADI LEHYAM 100G,9,64.75,85,B1981,2027-12-01,1,1,,2500173005785,2026-02-11,25-26/0000572,10268,FATHIMA MATHA MEDICALS,,,,
46054,KETOKEM SHAMPOO,5,90,140,N25213,2027-11-01,1,1,,2500173005785,2026-02-11,25-26/0000572,10268,FATHIMA MATHA MEDICALS,,,,
64475,VOLINI GEL 50G,1,160,203,SXG2003A,2027-08-01,1,1,,2500173005785,2026-02-11,25-26/0000572,10268,FATHIMA MATHA MEDICALS,,,,
64475,VOLINI GEL 50G,1,160,203,SXG2200A,2027-09-01,1,1,,2500173005785,2026-02-11,25-26/0000572,10268,FATHIMA MATHA MEDICALS,,,,
58882,MOOV OINT 10GM,2,56.7,65,A1364,2028-04-01,1,1,,2500173005785,2026-02-11,25-26/0000572,10268,FATHIMA MATHA MEDICALS,,,,
57023,MOOV OINT 20GM,3,103,123,A1432,2028-04-01,1,1,,2500173005785,2026-02-11,25-26/0000572,10268,FATHIMA MATHA MEDICALS,,,,
44996,BURNHEAL,2,33,60,5Q455,2027-06-01,1,1,,2500173005785,2026-02-11,25-26/0000572,10268,FATHIMA MATHA MEDICALS,,,,
56712,NEBULIZER MASK PAED,4,50,120,MK0021025,2028-09-01,1,1,,2500173005785,2026-02-11,25-26/0000572,10268,FATHIMA MATHA MEDICALS,,,,
44736,URINBAG,2,35,60,51UF0365,2028-08-01,1,1,,2500173005785,2026-02-11,25-26/0000572,10268,FATHIMA MATHA MEDICALS,,,,
44238,CREPE BANDAGE 10 CM,2,85,150,VOL111,2031-12-01,1,1,,2500173005785,2026-02-11,25-26/0000572,10268,FATHIMA MATHA MEDICALS,,,,
57587,VOLINI GEL 20G,2,78.57,105,SXG0779A,2027-03-01,1,1,,2500173005785,2026-02-11,25-26/0000572,10268,FATHIMA MATHA MEDICALS,,,,
57142,MONTELUKE LC,260,18,40,STV125001,2027-04-01,15,15,,25000730014066,2025-10-29,25-26/0000273,10312,JANATHA PHARMA,MANGLORE,KA-MN1-245544,29EKIPS0746F1ZT,
56728,REVOSTATIN GOLD 10,150,34,70,RGSIG403,2026-06-01,15,15,,25000730014066,2025-10-29,25-26/0000273,10312,JANATHA PHARMA,MANGLORE,KA-MN1-245544,29EKIPS0746F1ZT,
57824,ROUSTRIN GOLD 20,120,46.9,75,YBBO02,2026-05-01,15,15,,25000730014066,2025-10-29,25-26/0000273,10312,JANATHA PHARMA,MANGLORE,KA-MN1-245544,29EKIPS0746F1ZT,
67663,ST GLIPTIN 50,300,21,45,T240904,2026-06-01,10,10,,25000730014066,2025-10-29,25-26/0000273,10312,JANATHA PHARMA,MANGLORE,KA-MN1-245544,29EKIPS0746F1ZT,
56748,OMIGO 20,298,9.2,25,C251,2026-08-01,15,15,,25000730014066,2025-10-29,25-26/0000273,10312,JANATHA PHARMA,MANGLORE,KA-MN1-245544,29EKIPS0746F1ZT,
57314,SENSODYNE FRESHMINT 40G,5,69.981,84.5,33061020,2026-06-01,1,1,,A15302-25/26,2026-02-14,25-26/0000573,10321,BHARATHI SALES CORPERATION,12/171-A4,11318013000469,32BVCPC2400G1ZK,9895961146
57311,SENSODYNE FRESHMINT 75G,2,103.105,124.5,33061020,2026-06-01,1,1,,A15302-25/26,2026-02-14,25-26/0000573,10321,BHARATHI SALES CORPERATION,12/171-A4,11318013000469,32BVCPC2400G1ZK,9895961146
57312,SENSODYNE FRESHGEL 75G,3,103.514,124.5,33061020,2026-06-01,1,1,,A15302-25/26,2026-02-14,25-26/0000573,10321,BHARATHI SALES CORPERATION,12/171-A4,11318013000469,32BVCPC2400G1ZK,9895961146
67664,ALDACTONE 25,135,26.59,34,02A25051,2028-10-01,15,15,,PD02970,2026-02-14,25-26/0000574,1107,NORTHERN PHARMA,KASARAGOD,0,0,0
57484,AMLOKIND 5,270,18.03,23,G55Y035,2028-06-01,15,15,,PD02970,2026-02-14,25-26/0000574,1107,NORTHERN PHARMA,KASARAGOD,0,0,0
62222,ASTHALIN RESPULES,35,6.7,8,5L81013,2028-10-01,1,1,,PD02970,2026-02-14,25-26/0000574,1107,NORTHERN PHARMA,KASARAGOD,0,0,0
62197,SHELCAL 500 TAB,105,113.26,145,8LV2M397,2027-07-01,15,15,,PD02970,2026-02-14,25-26/0000574,1107,NORTHERN PHARMA,KASARAGOD,0,0,0
65537,SHELCAL XT ,15,306.43,400,2SG6M022,2027-02-01,15,15,,PD02970,2026-02-14,25-26/0000574,1107,NORTHERN PHARMA,KASARAGOD,0,0,0
65537,SHELCAL XT ,60,306.4,400,2SG6M095,2027-10-01,15,15,,PD02970,2026-02-14,25-26/0000574,1107,NORTHERN PHARMA,KASARAGOD,0,0,0
62198,SHELCAL CT TAB,75,288.91,370,GAXF0026,2027-07-01,15,15,,PD02970,2026-02-14,25-26/0000574,1107,NORTHERN PHARMA,KASARAGOD,0,0,0
67665,ENRIN 150 MG TAB,19,70.63,89,PT251118,2028-10-01,10,10,,5457,2026-02-13,25-26/0000575,10302,english pharma,,,,
57785,OSTOPET 250ML,2,108.47,160,CK101,2027-10-01,1,1,,5457,2026-02-13,25-26/0000575,10302,english pharma,,,,
57786,TISSUE AID TAB,30,132,165,TFWA2539,2027-09-01,6,6,,5457,2026-02-13,25-26/0000575,10302,english pharma,,,,
57645,GLYMED LOTION,2,224,280,5007,2027-03-01,1,1,,OD436579341956697100,2026-02-01,25-26/0000548,10325,AMAZON,,,,
44247,CREPE BANDAGE 6,1,0,110,244906614,2027-08-01,1,1,,,,25-26/0000001,0,,,,,
65534,IVREA SHAMPOO,2,0,125,TH0075K,2027-10-01,1,1,,,,25-26/0000001,0,,,,,
44513,VALPOCARE CR 200,18,0,29,VC2T-018,2026-06-01,10,10,,,,25-26/0000001,0,,,,,
63333,DESOMAC M,2,0,45,PGT25-1450A,2027-05-01,10,10,,,,25-26/0000001,0,,,,,
43832,BD SYRINGE,100,8.69,11,5013013,2030-01-01,1,1,,10079,2026-02-14,25-26/0000576,10301,PEARL MEDICENTER,THALASSERY,,,
56783,OATS 1KG DISANO,2,245.71,285,287A52,2026-10-01,1,1,,10079,2026-02-14,25-26/0000576,10301,PEARL MEDICENTER,THALASSERY,,,
45404,COTTON 15GM,16,13.125,25,1199,2027-10-01,1,1,,10079,2026-02-14,25-26/0000576,10301,PEARL MEDICENTER,THALASSERY,,,
45417,KAINOCAL 500,600,9.26,30,B8AE11,2026-10-01,15,15,,10079,2026-02-14,25-26/0000576,10301,PEARL MEDICENTER,THALASSERY,,,
56673,BABY WIPES LUVLAP,5,66,110,HPA25160,2027-02-01,1,1,,10079,2026-02-14,25-26/0000576,10301,PEARL MEDICENTER,THALASSERY,,,
44238,CREPE BANDAGE 10 CM,3,102,150,M251956,2029-11-01,1,1,,10079,2026-02-14,25-26/0000576,10301,PEARL MEDICENTER,THALASSERY,,,
44247,CREPE BANDAGE 6,3,65,110,M251924,2029-05-01,1,1,,10079,2026-02-14,25-26/0000576,10301,PEARL MEDICENTER,THALASSERY,,,
64385,LUVLAP DIAPER PANT  M B20G20,3,296.75,359,01525,2027-07-01,1,1,,10079,2026-02-14,25-26/0000576,10301,PEARL MEDICENTER,THALASSERY,,,
45835,HOT WATER BAG,3,144,240,T20250601,2028-10-01,1,1,,10079,2026-02-14,25-26/0000576,10301,PEARL MEDICENTER,THALASSERY,,,
45299,AMROX SYRUP,4,36,65,AHLH25046,2027-11-01,1,1,,1257,2026-02-14,25-26/0000577,10283,MADHAVI ENTERPRISES,,,,9496360332
57118,CEFITAXE CV TAB,44,118,150,LPL25155,2026-11-01,10,10,,1257,2026-02-14,25-26/0000577,10283,MADHAVI ENTERPRISES,,,,9496360332
65535,CITAZIN 10,512,3.5,10,AAPAA24004,2027-08-01,10,10,,1257,2026-02-14,25-26/0000577,10283,MADHAVI ENTERPRISES,,,,9496360332
56903,L CITAZIN TAB,57,9,20,AP25076,2028-08-01,10,10,,1257,2026-02-14,25-26/0000577,10283,MADHAVI ENTERPRISES,,,,9496360332
46071,CHESTON COLD,94,24,45,CND25559,2027-10-01,10,10,,1257,2026-02-14,25-26/0000577,10283,MADHAVI ENTERPRISES,,,,9496360332
63302,ESOMIFYL 40,119,20,35,EMT25002,2027-05-01,10,10,,1257,2026-02-14,25-26/0000577,10283,MADHAVI ENTERPRISES,,,,9496360332
44951,NEBULIZER MASK ADULT,4,54,120,NEB/0925,2028-08-01,1,1,,1257,2026-02-14,25-26/0000577,10283,MADHAVI ENTERPRISES,,,,9496360332
44035,SUNSHADE LOTION SPF 50,2,174,270,BLFB5009,2027-09-01,1,1,,1257,2026-02-14,25-26/0000577,10283,MADHAVI ENTERPRISES,,,,9496360332
57632,COFSILS ,260,23,35,5M60320,2028-09-01,10,10,,1257,2026-02-14,25-26/0000577,10283,MADHAVI ENTERPRISES,,,,9496360332
56905,EPIFORD 200CR,70,18,33,2503047,2027-02-01,10,10,,1257,2026-02-14,25-26/0000577,10283,MADHAVI ENTERPRISES,,,,9496360332
63249,NETADINE GARGLE,5,35,60,C101A,2027-04-01,1,1,,1257,2026-02-14,25-26/0000577,10283,MADHAVI ENTERPRISES,,,,9496360332
56901,NETAMOL 500MG,500,4,10,AAGAA24006,2027-03-01,10,10,,1257,2026-02-14,25-26/0000577,10283,MADHAVI ENTERPRISES,,,,9496360332
48441,ORS JUICE,6,18,30,CPO250412,2026-09-01,1,1,,1257,2026-02-14,25-26/0000577,10283,MADHAVI ENTERPRISES,,,,9496360332
48441,ORS JUICE,12,18,30,CPO250610,2026-11-01,1,1,,1257,2026-02-14,25-26/0000577,10283,MADHAVI ENTERPRISES,,,,9496360332
57525,GLUCOSE D 100GM,11,18,35,135,2027-04-01,1,1,,1257,2026-02-14,25-26/0000577,10283,MADHAVI ENTERPRISES,,,,9496360332
57122,MEDIMIX SOAP 75GM,3,27.38,32,3401,2028-06-01,1,1,,11873,2026-02-16,25-26/0000578,10315,AMALA STATIONERY,ANGADIKADAVU,,,
44574,ELADI CANDY,126,79.04,126,3004,2027-07-01,200,126,,11873,2026-02-16,25-26/0000578,10315,AMALA STATIONERY,ANGADIKADAVU,,,
56995,VICKS INHALER ,23,52.38,64,3004,2028-06-01,1,1,,11873,2026-02-16,25-26/0000578,10315,AMALA STATIONERY,ANGADIKADAVU,,,
56995,VICKS INHALER ,3,52.38,64,3004,2028-06-01,1,1,,11873,2026-02-16,25-26/0000578,10315,AMALA STATIONERY,ANGADIKADAVU,,,
57198,PARACHUTE AYUR 90ML,3,70.95,84,3004,2028-06-01,1,1,,11873,2026-02-16,25-26/0000578,10315,AMALA STATIONERY,ANGADIKADAVU,,,
57193,STAYFREE XXL  50,10,40,50,9619,2028-06-01,1,1,,11873,2026-02-16,25-26/0000578,10315,AMALA STATIONERY,ANGADIKADAVU,,,
56987,WHISPER CHOICE ULTRA 50,12,40,50,9619,2028-06-01,1,1,,11873,2026-02-16,25-26/0000578,10315,AMALA STATIONERY,ANGADIKADAVU,,,
56990,STAYFREE XL WINGS 45,15,36.5,45,9619,2028-06-01,1,1,,11873,2026-02-16,25-26/0000578,10315,AMALA STATIONERY,ANGADIKADAVU,,,
57607,WHISPER CHOICE REGULAR,6,32,37,9619,2028-06-01,1,1,,11873,2026-02-16,25-26/0000578,10315,AMALA STATIONERY,ANGADIKADAVU,,,
56887,CHANDRIKA SOAP,6,28.33,33,3401,2028-03-01,1,1,,11873,2026-02-16,25-26/0000578,10315,AMALA STATIONERY,ANGADIKADAVU,,,
57241,FEM HAIR REMOVAL CREAM,3,47.46,65,3307,2027-12-01,1,1,,11873,2026-02-16,25-26/0000578,10315,AMALA STATIONERY,ANGADIKADAVU,,,
56994,VICKS 25GM,2,81.91,102,3004,2028-06-01,1,1,,11873,2026-02-16,25-26/0000578,10315,AMALA STATIONERY,ANGADIKADAVU,,,
45956,COMFY ,11,29.5,35,9619,2031-01-01,1,1,,11873,2026-02-16,25-26/0000578,10315,AMALA STATIONERY,ANGADIKADAVU,,,
57606,STAYFREE REGULAR,4,31.5,37,9619,2028-05-01,1,1,,11873,2026-02-16,25-26/0000578,10315,AMALA STATIONERY,ANGADIKADAVU,,,
57001,DOVE SOAP,2,51.43,58,9603,2028-06-01,1,1,,11873,2026-02-16,25-26/0000578,10315,AMALA STATIONERY,ANGADIKADAVU,,,
56999,CIBACA BRUSH,8,15.25,27,9603,2028-06-01,1,1,,11873,2026-02-16,25-26/0000578,10315,AMALA STATIONERY,ANGADIKADAVU,,,
67669,BILUMA SUNSCREEN,1,899,1090,B4NF03,2027-10-01,1,1,,OD436579341956697100,2026-02-01,25-26/0000548,10325,AMAZON,,,,
67670,SEBOGEL 30G,1,174,238,BA7271,2028-07-01,1,1,,OD436579341956697100,2026-02-01,25-26/0000548,10325,AMAZON,,,,
67671,ACMED PLUS FACE WASH 150ML,1,245,330,BB255,2028-09-01,1,1,,OD436579341956697100,2026-02-01,25-26/0000548,10325,AMAZON,,,,
61028,PAMPERS M 76`S,3,770,1049,74526,2028-06-01,1,1,,OD436579341956697100,2026-02-01,25-26/0000548,10325,AMAZON,,,,
59993,PAMPERS S 86`S,2,700,999,SDFF,2028-11-02,1,1,,OD436579341956697100,2026-02-01,25-26/0000548,10325,AMAZON,,,,
67672,MESH NEBULIZER,1,250,350,FGDFG,2029-02-16,1,1,,OD436579341956697100,2026-02-01,25-26/0000548,10325,AMAZON,,,,
64382,STAYFREE ADVANCED XXXL 16NOS,4,260,356,FDSGJ,2028-06-01,1,1,,OD436579341956697100,2026-02-01,25-26/0000548,10325,AMAZON,,,,
61081,LOGIFEEL IMF CREAM,4,209.5,350,5991,2027-11-01,1,1,,OD436579341956697100,2026-02-01,25-26/0000548,10325,AMAZON,,,,
67673,SBCCARB 500,80,8.75,20,MOT25151,2027-07-01,10,10,,A003109,2026-02-14,25-26/0000579,10296,alka associates,,,,
62194,CALZEN D3 60K,6,14,50,BSG251273,2027-07-01,4,4,,A003109,2026-02-14,25-26/0000579,10296,alka associates,,,,
57427,GLMIND TRIO 2,60,19.5,60,BU25679A,2027-09-01,15,15,,A003109,2026-02-14,25-26/0000579,10296,alka associates,,,,
57430,MONTEFIC FX ,190,29.5,50,PGT25-2777A,2027-09-01,10,10,,A003109,2026-02-14,25-26/0000579,10296,alka associates,,,,
57295,AVITONE E TAB,62,14.5,30,AB-30529,2026-09-01,10,10,,A003109,2026-02-14,25-26/0000579,10296,alka associates,,,,
56974,AIRFLOW 100 R/C,3,59,110,SHC-AF111,2027-09-01,1,1,,A003109,2026-02-14,25-26/0000579,10296,alka associates,,,,
56934,BUDEPRESS 400 INH,5,170,240,APM24024,2026-08-01,1,1,,A003109,2026-02-14,25-26/0000579,10296,alka associates,,,,
57222,CILOSITAZONE 100,150,49,95,SCK250402,2027-03-01,15,15,,A003109,2026-02-14,25-26/0000579,10296,alka associates,,,,
56682,GLIMITERIS M1,471,13.25,28,STP125001,2027-01-01,15,15,,A003109,2026-02-14,25-26/0000579,10296,alka associates,,,,
57619,LACOSMILE 50,8,23,58,AMN01D0A,2027-02-01,10,10,,A003109,2026-02-14,25-26/0000579,10296,alka associates,,,,
57434,TELMISTRUM 40,450,13.5,30,STB25003,2027-04-01,15,15,,A003109,2026-02-14,25-26/0000579,10296,alka associates,,,,
57302,VONOSTRUM 20,99,52,85,SVB251103,2027-10-01,10,10,,A003109,2026-02-14,25-26/0000579,10296,alka associates,,,,
62221,MAMAEARTH MOISTURIZER VITAMIN C 50G,6,80,140,AM5A071,2027-01-01,1,1,,OD436579341956697100,2026-02-01,25-26/0000548,10325,AMAZON,,,,
67674,VYLDA D 100/10,10,30,70,EMV2502777A,2027-01-01,10,10,,OD436579341956697100,2026-02-01,25-26/0000548,10325,AMAZON,,,,
57398,APIXAZEN 5,3,0,45,PX8GL04,2026-11-01,10,10,,,,25-26/0000001,0,,,,,
56799,TICTAC 5/-,75,3.68,5,1,2026-11-01,1,1,,ASP06135,2026-02-16,25-26/0000580,10313,MINI AGENCIES,,,,
56784,NAN PRO 1,1,677.15,775,60230453K1,2026-11-01,1,1,,NAS18365,2026-02-16,25-26/0000581,10313,MINI AGENCIES,,,,
56786,LACTOGROW ,1,318.92,365,53570453J2,2026-11-01,1,1,,NAS18365,2026-02-16,25-26/0000581,10313,MINI AGENCIES,,,,
43975,LACTOGEN 1,1,393.18,450,60170453L1,2026-11-01,1,1,,NAS18365,2026-02-16,25-26/0000581,10313,MINI AGENCIES,,,,
43974,LACTOGEN 3,2,393.18,450,60130453J1,2026-11-01,1,1,,NAS18365,2026-02-16,25-26/0000581,10313,MINI AGENCIES,,,,
62211,BABY DOVE SOAP,9,40,56,HGJ,2027-04-01,1,1,,OD436579341956697100,2026-02-01,25-26/0000548,10325,AMAZON,,,,
59975,SEBAMED BABY CREAM 50GM,2,190.68,262,5A187A26,2028-06-01,1,1,,OD436579341956697100,2026-02-01,25-26/0000548,10325,AMAZON,,,,
57679,SEBAMED BABY SHAMPOO 50ML,3,193,223,5A273A06,2028-03-01,1,1,,OD436579341956697100,2026-02-01,25-26/0000548,10325,AMAZON,,,,
59977,SEBAMED BABY LOTION 100ML,2,416.67,572,5A029A40,2028-03-01,1,1,,OD436579341956697100,2026-02-01,25-26/0000548,10325,AMAZON,,,,
57035,SEBAMED BABY GENTLE WASH 400ML,1,734.47,1020,5R145C03,2028-04-01,1,1,,OD436579341956697100,2026-02-01,25-26/0000548,10325,AMAZON,,,,
66638,SOHA E/D 10ML,1,308.66,405,FHC0987,2027-09-01,1,1,,OD436579341956697100,2026-02-01,25-26/0000548,10325,AMAZON,,,,
67675,SOHA E/D 5ML,2,190,230,FHC0989,2027-09-01,1,1,,OD436579341956697100,2026-02-01,25-26/0000548,10325,AMAZON,,,,
63339,K GLIM M2,90,53.57,68,ZUZ2552,2027-08-01,15,15,,2500173005938,2026-02-18,25-26/0000582,10268,FATHIMA MATHA MEDICALS,,,,
44190,NS 500 ML,2,23,36,F25TE2018,2028-08-01,1,1,,2500173005938,2026-02-18,25-26/0000582,10268,FATHIMA MATHA MEDICALS,,,,
44851,EVION 200,100,18.5,23,5281C59920,2027-10-01,10,10,,2500173005938,2026-02-18,25-26/0000582,10268,FATHIMA MATHA MEDICALS,,,,
67676,CLEAR FOOT 25G,4,77.72,95,A006126,2027-12-01,1,1,,2500173005938,2026-02-18,25-26/0000582,10268,FATHIMA MATHA MEDICALS,,,,
57389,SALINA NASAL DROPS,11,30.7,40,17925,2027-11-01,1,1,,2500173005938,2026-02-18,25-26/0000582,10268,FATHIMA MATHA MEDICALS,,,,
45476,SUNETRA REGULAR,5,62,75,SRZS-16,2027-12-01,1,1,,2500173005938,2026-02-18,25-26/0000582,10268,FATHIMA MATHA MEDICALS,,,,
56774,OROGARD MOUTH ULCER GEL,4,20,45,OM25016,2027-06-01,1,1,,2500173005938,2026-02-18,25-26/0000582,10268,FATHIMA MATHA MEDICALS,,,,
56850,HIM LIP BALM,5,31.5,40,992500996,2028-07-01,1,1,,2500173005938,2026-02-18,25-26/0000582,10268,FATHIMA MATHA MEDICALS,,,,
44300,CALAMIN LOTION,3,20,50,639,2027-10-01,1,1,,2500173005938,2026-02-18,25-26/0000582,10268,FATHIMA MATHA MEDICALS,,,,
57441,INJECTION TT,8,11.25,13,A0102528,2027-08-01,1,1,,2500173005938,2026-02-18,25-26/0000582,10268,FATHIMA MATHA MEDICALS,,,,
57727,BABYVITA RAGI 300G,2,150,178,GRB10R26,2026-12-01,1,1,,2500173005938,2026-02-18,25-26/0000582,10268,FATHIMA MATHA MEDICALS,,,,
58890,ZINCOVIT TAB,45,82.03,103,ZVT25218,2027-02-01,15,15,,2500173005938,2026-02-18,25-26/0000582,10268,FATHIMA MATHA MEDICALS,,,,
63235,HIM BABY SOAP NOURISHING 75GM,2,47.26,62,272500552,2028-10-01,1,1,,2500173005938,2026-02-18,25-26/0000582,10268,FATHIMA MATHA MEDICALS,,,,
56838,HIM BABY SOAP GENTLE 75GM,1,48,62,272500551,2028-10-01,1,1,,2500173005938,2026-02-18,25-26/0000582,10268,FATHIMA MATHA MEDICALS,,,,
59966,HIM BABY SOAP REFRESHING 75GM,2,47.5,62,109250590,2028-10-01,1,1,,2500173005938,2026-02-18,25-26/0000582,10268,FATHIMA MATHA MEDICALS,,,,
67677,HIM BABY SOAP REFRESHING 125GM,2,78.75,105,272500340,2028-06-01,1,1,,2500173005938,2026-02-18,25-26/0000582,10268,FATHIMA MATHA MEDICALS,,,,
45191,AMRUTHANJAN GREEN,3,36.5,42,C0925002,2028-04-01,1,1,,2500173005938,2026-02-18,25-26/0000582,10268,FATHIMA MATHA MEDICALS,,,,
56854,WIPES ADULT,5,50,110,A087,2027-02-01,1,1,,2500173005938,2026-02-18,25-26/0000582,10268,FATHIMA MATHA MEDICALS,,,,
46054,KETOKEM SHAMPOO,2,90,140,N25213,2027-11-01,1,1,,2500173005938,2026-02-18,25-26/0000582,10268,FATHIMA MATHA MEDICALS,,,,
57422,KETOKEM SOAP,1,50,80,KKS25222ED,2028-05-01,1,1,,2500173005938,2026-02-18,25-26/0000582,10268,FATHIMA MATHA MEDICALS,,,,
67679,MAMYPOKO S 9,5,73.81,93,96190030,2026-09-01,1,1,,A4241-25/26,2026-02-19,25-26/0000583,10320,FORTUNE TRADE LINK,,,,
67680,MAMYPOKO M 15,6,148.42,187,96190030,2026-09-01,1,1,,A4241-25/26,2026-02-19,25-26/0000583,10320,FORTUNE TRADE LINK,,,,
67681,MAMYPOKO M 7,3,73.8,93,96190030,2026-09-01,1,1,,A4241-25/26,2026-02-19,25-26/0000583,10320,FORTUNE TRADE LINK,,,,
64414,MAMYPOKO L 13,6,148.42,187,96190030,2028-06-01,1,1,,A4241-25/26,2026-02-19,25-26/0000583,10320,FORTUNE TRADE LINK,,,,
64420,MAMYPOKO L 6,6,73.81,93,96190030,2027-06-01,1,1,,A4241-25/26,2026-02-19,25-26/0000583,10320,FORTUNE TRADE LINK,,,,
64415,MAMYPOKO L 26,6,296.83,365,96190030,2028-06-01,1,1,,A4241-25/26,2026-02-19,25-26/0000583,10320,FORTUNE TRADE LINK,,,,
67682,SOFY XL 6`S,5,29.17,35,96190010,2028-06-01,1,1,,A4241-25/26,2026-02-19,25-26/0000583,10320,FORTUNE TRADE LINK,,,,
58900,MAMYPOKO L 54,4,500,655,1322,2028-06-01,1,1,,OD436579341956697100,2026-02-01,25-26/0000548,10325,AMAZON,,,,
63326,SITAGLO GM 2/50/1000 TAB,38,100,126,MT253855,2027-10-01,10,10,,DL-25-51411,2026-02-19,25-26/0000584,1041,DRUG LINK,KANNUR,0,32AACFD4259N1ZC,0
57279,VANTEJ AQUA MOUTH WASH,2,135.59,190,ABAA151,2027-10-01,1,1,,DL-25-51411,2026-02-19,25-26/0000584,1041,DRUG LINK,KANNUR,0,32AACFD4259N1ZC,0
67654,SECALIA PLUS 100G,2,214.24,310,MSP080,2027-10-01,1,1,,DL-25-51411,2026-02-19,25-26/0000584,1041,DRUG LINK,KANNUR,0,32AACFD4259N1ZC,0
64392,GABAPIN NT 200,30,225,280,25S3GTB045,2027-08-01,15,15,,DL-25-51411,2026-02-19,25-26/0000584,1041,DRUG LINK,KANNUR,0,32AACFD4259N1ZC,0
44179,VALPROL SYP,1,105.6,136,TL25158,2027-09-01,1,1,,DL-25-51411,2026-02-19,25-26/0000584,1041,DRUG LINK,KANNUR,0,32AACFD4259N1ZC,0
67683,CILACAR 10,45,167.2,210,KC925035,2028-09-01,15,15,,DL-25-51411,2026-02-19,25-26/0000584,1041,DRUG LINK,KANNUR,0,32AACFD4259N1ZC,0
67684,CILACAR T,56,222.72,285,A4T25027,2027-10-01,14,14,,DL-25-51411,2026-02-19,25-26/0000584,1041,DRUG LINK,KANNUR,0,32AACFD4259N1ZC,0
61075,FEPANIL 125 SYP,6,18.06,23,FSL25K11,2027-09-01,1,1,,DL-25-51411,2026-02-19,25-26/0000584,1041,DRUG LINK,KANNUR,0,32AACFD4259N1ZC,0
61076,FEPANIL 250 SYP,6,32.64,42,FLD25N146,2027-11-01,1,1,,DL-25-51411,2026-02-19,25-26/0000584,1041,DRUG LINK,KANNUR,0,32AACFD4259N1ZC,0
57266,SIMILAC 1,1,460.95,550,81029MN2,2027-03-01,1,1,,LP-25-58932,2026-02-19,25-26/0000585,1203,LINK PHARMA,KANNUR,,32AABFT3905A1ZK,
57269,SIMILAC 3,6,460.95,550,83038MN1,2027-05-01,1,1,,LP-25-58932,2026-02-19,25-26/0000585,1203,LINK PHARMA,KANNUR,,32AABFT3905A1ZK,
57804,SIMILAC ADVANCE 2,2,674.67,805,84039MN1,2027-06-01,1,1,,LP-25-58932,2026-02-19,25-26/0000585,1203,LINK PHARMA,KANNUR,,32AABFT3905A1ZK,
57149,MEFTAL P SYP,3,26.42,34,PZ25124,2027-09-01,1,1,,LP-25-58932,2026-02-19,25-26/0000585,1203,LINK PHARMA,KANNUR,,32AABFT3905A1ZK,
57381,CALPOL 250 SYP,10,32.64,42,NA652,2027-10-01,1,1,,LP-25-58932,2026-02-19,25-26/0000585,1203,LINK PHARMA,KANNUR,,32AABFT3905A1ZK,
61068,BANDY SUSP,5,14.54,19,A7AGY049,2027-09-01,1,1,,LP-25-58932,2026-02-19,25-26/0000585,1203,LINK PHARMA,KANNUR,,32AABFT3905A1ZK,
57838,NEOMOL 170 SUPPOSITORY,5,33.5,42,BLNP487049,2028-10-01,5,5,,LP-25-58932,2026-02-19,25-26/0000585,1203,LINK PHARMA,KANNUR,,32AABFT3905A1ZK,
57839,NEOMOL 250 SUPPOSITORY,5,73,110,BLNP291041,2028-03-01,5,5,,LP-25-58932,2026-02-19,25-26/0000585,1203,LINK PHARMA,KANNUR,,32AABFT3905A1ZK,
57840,NEOMOL 80 SUPPOSITORY,5,27,35,BLNP486018,2028-11-01,5,5,,LP-25-58932,2026-02-19,25-26/0000585,1203,LINK PHARMA,KANNUR,,32AABFT3905A1ZK,
63287,CALRINE FORTE,75,139.28,180,MTT-9819,2027-09-01,15,15,,LP-25-58932,2026-02-19,25-26/0000585,1203,LINK PHARMA,KANNUR,,32AABFT3905A1ZK,
57841,DULCOFLEX ADULT SUPPOSITORY,15,175.91,225,SA25025,2027-08-01,5,5,,LP-25-58932,2026-02-19,25-26/0000585,1203,LINK PHARMA,KANNUR,,32AABFT3905A1ZK,
57842,DULCOFLEX PAED SUPPOSITORY,11,42.6,53,SC25044,2027-08-01,5,5,,LP-25-58932,2026-02-19,25-26/0000585,1203,LINK PHARMA,KANNUR,,32AABFT3905A1ZK,
62210,TEDIBR SOAP,2,141.7,200,TD250934,2027-08-01,1,1,,LP-25-58932,2026-02-19,25-26/0000585,1203,LINK PHARMA,KANNUR,,32AABFT3905A1ZK,
46047,VIZYLAC CAP,140,65.68,83,DY0225062,2027-11-01,15,15,,LP-25-58932,2026-02-19,25-26/0000585,1203,LINK PHARMA,KANNUR,,32AABFT3905A1ZK,
64391,ASTHAKIND PRO SYP,5,111.57,145,A00WY021,2027-01-01,1,1,,LP-25-58935,2026-02-19,25-26/0000586,1203,LINK PHARMA,KANNUR,,32AABFT3905A1ZK,
63338,ARGIXA MEN,5,58.31,75,AFXM-2504,2027-08-01,1,1,,TL-25-34457,2026-02-19,25-26/0000587,1170,TRADE LINK,KANNUR,0,32AADFT4058N1ZY,0
62184,MELOCURE 3,20,44.57,58,INP25DD03,2027-02-01,10,10,,TL-25-34457,2026-02-19,25-26/0000587,1170,TRADE LINK,KANNUR,0,32AADFT4058N1ZY,0
62184,MELOCURE 3,10,44.57,58,INP25DD04,2027-04-01,10,10,,TL-25-34457,2026-02-19,25-26/0000587,1170,TRADE LINK,KANNUR,0,32AADFT4058N1ZY,0
64392,GABAPIN NT 200,75,225,280,25S3GTB130,2027-09-01,15,15,,TL-25-34457,2026-02-19,25-26/0000587,1170,TRADE LINK,KANNUR,0,32AADFT4058N1ZY,0
66626,QUTAN 25,10,51.79,67,N2504086,2028-11-01,10,10,,TL-25-34457,2026-02-19,25-26/0000587,1170,TRADE LINK,KANNUR,0,32AADFT4058N1ZY,0
61112,EYEBLISS CREAM,1,322.03,465,EYC05,2027-07-01,1,1,,TL-25-34457,2026-02-19,25-26/0000587,1170,TRADE LINK,KANNUR,0,32AADFT4058N1ZY,0
67685,ECOSPIRIN AV 150/20,30,58.76,71,28027571,2027-04-01,15,15,,TL-25-34457,2026-02-19,25-26/0000587,1170,TRADE LINK,KANNUR,0,32AADFT4058N1ZY,0
44337,ECOSPIRIN 75,320,4.34,5.2,56001855,2027-03-01,14,14,,TL-25-34457,2026-02-19,25-26/0000587,1170,TRADE LINK,KANNUR,0,32AADFT4058N1ZY,0
62235,ECOSPIRIN AV 75/20,75,53.44,65,28027514,2027-04-01,15,15,,TL-25-34457,2026-02-19,25-26/0000587,1170,TRADE LINK,KANNUR,0,32AADFT4058N1ZY,0
57602,ECOSPIRIN AV 75/40,50,165.38,200,28027756,2027-05-01,10,10,,TL-25-34457,2026-02-19,25-26/0000587,1170,TRADE LINK,KANNUR,0,32AADFT4058N1ZY,0
59971,ONDAPLUS MD TAB,172,7.3,20,E5G0562,2027-06-01,10,10,,ME24942,2026-02-20,25-26/0000588,10314,MUDRA ENTERPRISES,,,,
67686,LIP BALM (LICHT ACTIVE),5,24.5,40,BC327,2028-10-01,1,1,,ME24942,2026-02-20,25-26/0000588,10314,MUDRA ENTERPRISES,,,,
45774,ZINCOLIX TAB,300,24.15,55,AL4216,2027-04-01,15,15,,ME24942,2026-02-20,25-26/0000588,10314,MUDRA ENTERPRISES,,,,
59940,FLORAMINT TAB,2,22,50,FSM-112,2028-07-01,1,1,,ME24942,2026-02-20,25-26/0000588,10314,MUDRA ENTERPRISES,,,,
59941,AMFLOR TOOTHPASTE 70GM,2,183.05,235,BAM25024,2028-11-01,1,1,,ME24942,2026-02-20,25-26/0000588,10314,MUDRA ENTERPRISES,,,,
56873,PEDIFLOR KIDS TOOTH PASTE,5,92.19,118,BPD25050,2028-10-01,1,1,,ME24942,2026-02-20,25-26/0000588,10314,MUDRA ENTERPRISES,,,,
56874,SHY NM PASTE 100GM,1,237.71,306,BSN25085,2028-10-01,1,1,,ME24942,2026-02-20,25-26/0000588,10314,MUDRA ENTERPRISES,,,,
67687,SHY NM PASTE 50GM,1,135.62,175,BSN25099,2028-10-01,1,1,,ME24942,2026-02-20,25-26/0000588,10314,MUDRA ENTERPRISES,,,,
59972,CITRAMIC SYP,10,19.9,60,5YKL014,2027-10-01,1,1,,ME24942,2026-02-20,25-26/0000588,10314,MUDRA ENTERPRISES,,,,
57818,ROSE WATER 100ML,6,16.95,30,26A69,2028-12-01,1,1,,ME24942,2026-02-20,25-26/0000588,10314,MUDRA ENTERPRISES,,,,
57830,MAGNESIUM SULPHATE PASTE 400GM,1,98,160,2750,2028-09-01,1,1,,ME24942,2026-02-20,25-26/0000588,10314,MUDRA ENTERPRISES,,,,
56888,SUGAR FREE GOLD TAB 100`S,3,66.6,75,1315,2027-11-01,1,1,,ME24942,2026-02-20,25-26/0000588,10314,MUDRA ENTERPRISES,,,,
67688,SUGAR FREE GOLD TAB 300`S,2,183.5,206,1308,2027-11-01,1,1,,ME24942,2026-02-20,25-26/0000588,10314,MUDRA ENTERPRISES,,,,
56904,CODVEL SG CAPS,4,198,250,LAL25258,2027-08-01,1,1,,1276,2026-02-19,25-26/0000589,10283,MADHAVI ENTERPRISES,,,,9496360332
56635,PAPER PLASTER 1.25,22,15,30,M252211,2028-02-01,1,1,,1276,2026-02-19,25-26/0000589,10283,MADHAVI ENTERPRISES,,,,9496360332
44713,PAPER PLASTER 2.5,12,23.5,45,LF-108,2028-05-01,1,1,,1276,2026-02-19,25-26/0000589,10283,MADHAVI ENTERPRISES,,,,9496360332
43847,NS 100 ML,11,13.5,20,RNS25090,2028-06-01,1,1,,1276,2026-02-19,25-26/0000589,10283,MADHAVI ENTERPRISES,,,,9496360332
57632,COFSILS ,260,23,35,5M60320,2028-09-01,10,10,,1276,2026-02-19,25-26/0000589,10283,MADHAVI ENTERPRISES,,,,9496360332
48413,AMROX SF SYRUP,3,38,65,FBLH25009,2027-06-01,1,1,,1276,2026-02-19,25-26/0000589,10283,MADHAVI ENTERPRISES,,,,9496360332
44242,ELOSONE NASAL SPRAY,2,137.5,190,2506210,2028-05-01,1,1,,1276,2026-02-19,25-26/0000589,10283,MADHAVI ENTERPRISES,,,,9496360332
56901,NETAMOL 500MG,500,4,10,AAGAA24006,2027-03-01,10,10,,1276,2026-02-19,25-26/0000589,10283,MADHAVI ENTERPRISES,,,,9496360332
44381,THIAPLEX 100,100,21,45,21525003,2027-03-01,10,10,,1276,2026-02-19,25-26/0000589,10283,MADHAVI ENTERPRISES,,,,9496360332
57167,MASK N95,6,12.8,15,9137,2028-12-01,1,1,,1276,2026-02-19,25-26/0000589,10283,MADHAVI ENTERPRISES,,,,9496360332
57422,KETOKEM SOAP,3,51,80,KKS25096ED,2028-03-01,1,1,,1276,2026-02-19,25-26/0000589,10283,MADHAVI ENTERPRISES,,,,9496360332
44289,DERICIP RTD 150,200,7.5,10,5L00210,2028-07-01,10,10,,1276,2026-02-19,25-26/0000589,10283,MADHAVI ENTERPRISES,,,,9496360332
63250,EYELET  EYE DROP,6,25,50,LHLE25164,2027-07-01,1,1,,1276,2026-02-19,25-26/0000589,10283,MADHAVI ENTERPRISES,,,,9496360332
43726,CORN CAP,5,14.5,42,CC010,2028-10-01,1,1,,1276,2026-02-19,25-26/0000589,10283,MADHAVI ENTERPRISES,,,,9496360332
67689,CLOCIP CREAM,4,24.5,45,EL14,2027-11-01,1,1,,1276,2026-02-19,25-26/0000589,10283,MADHAVI ENTERPRISES,,,,9496360332
57059,DINGO SOAP,2,43.79,62,058,2026-10-01,1,1,,5585,2026-02-20,25-26/0000590,10302,english pharma,,,,
57517,TIKTOX SOLUTION,3,81.93,116,085,2027-10-01,1,1,,5585,2026-02-20,25-26/0000590,10302,english pharma,,,,
57066,EAZYPET PUPPY 20ML,1,146.43,192.19,LB080,2027-04-01,1,1,,5585,2026-02-20,25-26/0000590,10302,english pharma,,,,
57077,HB STRONG 10GM,10,14.48,19,25T008,2027-09-01,1,1,,5585,2026-02-20,25-26/0000590,10302,english pharma,,,,
57780,NEBLON 100GM,5,35.81,50,25T029,2027-07-01,1,1,,5585,2026-02-20,25-26/0000590,10302,english pharma,,,,
67690,TOPICURE SPRAY 75ML,2,86.1,113,25I031,2028-11-01,1,1,,5585,2026-02-20,25-26/0000590,10302,english pharma,,,,
46042,PEDIGREE ADLT 1 KG,2,186.4,249,603DIHYDB1,2027-01-01,1,1,,5585,2026-02-20,25-26/0000590,10302,english pharma,,,,
57093,FENDOBAN BOLUS 1.5GM,12,49.98,65,TFB25010,2028-08-01,2,2,,5585,2026-02-20,25-26/0000590,10302,english pharma,,,,
67666,PENETRAT PET TAB,30,185.6,243,PPV25008,2026-12-01,10,10,,5585,2026-02-20,25-26/0000590,10302,english pharma,,,,
46086,BIOTRIM DS BOLUS,12,75.02,98,BK25084,2028-10-01,4,4,,5585,2026-02-20,25-26/0000590,10302,english pharma,,,,
66605,PARK AVENUE SPRAY(GOOD MORNING),3,114.41,200,3307,2028-06-01,1,1,,12089,2026-02-21,25-26/0000591,10315,AMALA STATIONERY,ANGADIKADAVU,,,
66606,PARK AVENUE SPRAY(NEO),4,101.695,200,3307,2028-06-01,1,1,,12089,2026-02-21,25-26/0000591,10315,AMALA STATIONERY,ANGADIKADAVU,,,
66607,FOGG MASTER SPRAY,6,131.35,210,3307,2028-06-01,1,1,,12089,2026-02-21,25-26/0000591,10315,AMALA STATIONERY,ANGADIKADAVU,,,
67691,DABUR AMLA HAIR OIL,1,81.9,92,3305,2028-02-21,1,1,,12089,2026-02-21,25-26/0000591,10315,AMALA STATIONERY,ANGADIKADAVU,,,
56990,STAYFREE XL WINGS 45,12,36.5,45,9619,2028-06-01,1,1,,12089,2026-02-21,25-26/0000591,10315,AMALA STATIONERY,ANGADIKADAVU,,,
61128,VASELINE 20GM,6,44.07,55,2712,2028-06-01,1,1,,12089,2026-02-21,25-26/0000591,10315,AMALA STATIONERY,ANGADIKADAVU,,,
58910,EVA TALC 50GM,2,33.33,45,1322,2028-06-01,1,1,,12089,2026-02-21,25-26/0000591,10315,AMALA STATIONERY,ANGADIKADAVU,,,
58896,SAFFOLA OATS 500GM,3,57.14,75,1104,2026-06-01,1,1,,12089,2026-02-21,25-26/0000591,10315,AMALA STATIONERY,ANGADIKADAVU,,,
58894,PARACHUTE JASMINE 45ML,6,15.71,20,3305,2026-06-01,1,1,,12089,2026-02-21,25-26/0000591,10315,AMALA STATIONERY,ANGADIKADAVU,,,
57122,MEDIMIX SOAP 75GM,6,27.38,32,3401,2028-06-01,1,1,,12089,2026-02-21,25-26/0000591,10315,AMALA STATIONERY,ANGADIKADAVU,,,
67692,JO SOAP 45GM,12,7.62,10,3401,2028-06-01,1,1,,12089,2026-02-21,25-26/0000591,10315,AMALA STATIONERY,ANGADIKADAVU,,,
56836,HIM NEEM FACE WASH,2,57.63,89,3401,2028-06-01,1,1,,12089,2026-02-21,25-26/0000591,10315,AMALA STATIONERY,ANGADIKADAVU,,,
64478,DOVE SHAMPOO 75ML,2,52.86,60,3305,2028-06-01,1,1,,12089,2026-02-21,25-26/0000591,10315,AMALA STATIONERY,ANGADIKADAVU,,,
64522,APIXALIS 5,80,21,45,T252930,2027-09-01,10,10,,A003174,2026-02-20,25-26/0000592,10296,alka associates,,,,
57374,AMLOZEN 2.5,197,3.35,8,AVF01AFA,2027-03-01,10,10,,A003174,2026-02-20,25-26/0000592,10296,alka associates,,,,
65599,BILINDQO 20,200,20,40,AVF01AJA,2027-11-01,10,10,,A003174,2026-02-20,25-26/0000592,10296,alka associates,,,,
57367,BISOFAR 1.25,150,6.5,15,BD251572B,2027-06-01,10,10,,A003174,2026-02-20,25-26/0000592,10296,alka associates,,,,
62194,CALZEN D3 60K,74,14,50,BSG251273,2027-07-01,4,4,,A003174,2026-02-20,25-26/0000592,10296,alka associates,,,,
67693,EMPOINDZ M 12.5/500,60,19.5,50,LGP11/055/02,2027-10-01,10,10,,A003174,2026-02-20,25-26/0000592,10296,alka associates,,,,
67694,GABANIST M 500/300,64,28.5,45,PGT25-2665A,2027-09-01,10,10,,A003174,2026-02-20,25-26/0000592,10296,alka associates,,,,
45943,LNGIPTIN 5/500,100,26,60,T251503,2027-07-01,10,10,,A003174,2026-02-20,25-26/0000592,10296,alka associates,,,,
57265,OXETIN 40,100,13,40,NB/250922,2028-02-01,10,10,,A003174,2026-02-20,25-26/0000592,10296,alka associates,,,,
64448,ATOVASTRIN CV 10/75,78,31,60,JESIL502,2027-11-01,15,15,,A003174,2026-02-20,25-26/0000592,10296,alka associates,,,,
57298,BENIPRIME 4,100,11,30,DZP01AJA,2027-10-01,10,10,,A003174,2026-02-20,25-26/0000592,10296,alka associates,,,,
57577,BUDEPRESS RESPULES,50,27.5,75,EH50131,2027-07-01,5,5,,A003174,2026-02-20,25-26/0000592,10296,alka associates,,,,
57132,GLIEMPAFLOZIN 10,100,13.5,30,AMN04CKA,2027-04-01,10,10,,A003174,2026-02-20,25-26/0000592,10296,alka associates,,,,
56683,GLIMITERIS M2,318,14.25,30,DZP01AHA,2027-07-01,15,15,,A003174,2026-02-20,25-26/0000592,10296,alka associates,,,,
57578,IPRATROP 1.25 RESPULES,50,27.5,80,EA60001,2027-12-01,5,5,,A003174,2026-02-20,25-26/0000592,10296,alka associates,,,,
56972,METAPROLATE XR 50,200,10,20,T242010,2027-10-01,10,10,,A003174,2026-02-20,25-26/0000592,10296,alka associates,,,,
67695,MONTASENSE N/S,4,78,130,2509194C,2028-08-01,1,1,,A003174,2026-02-20,25-26/0000592,10296,alka associates,,,,
57005,NITROQUICK 2.6,6,26,55,NTQ25002,2027-03-01,1,1,,A003174,2026-02-20,25-26/0000592,10296,alka associates,,,,
57234,TASMULINE F,10,21.5,50,SC-25278,2027-12-01,10,10,,A003174,2026-02-20,25-26/0000592,10296,alka associates,,,,
67696,TICAGROWN 60,58,64,120,AMN01GPA,2027-10-01,14,14,,A003174,2026-02-20,25-26/0000592,10296,alka associates,,,,
57861,VRIMET 1000SR,100,11.75,30,P0126119TB,2027-12-01,10,10,,A003174,2026-02-20,25-26/0000592,10296,alka associates,,,,
65585,EASYLAX PLUS SYP,9,77.094,120,L0345025,2027-06-01,1,1,,OD436579341956697100,2026-02-01,25-26/0000548,10325,AMAZON,,,,
67697,MILA BANANA POWDER,2,186,250,BNA12,2027-01-01,1,1,,622,2026-02-21,25-26/0000593,10334,MILA FOODS,,,,
67698,MILA KANNANKAYA  POWDER,2,204.76,280,KY52,2027-01-01,1,1,,622,2026-02-21,25-26/0000593,10334,MILA FOODS,,,,
67699,MILA RICE BANANA DATES MIX,1,194.24,270,BD85,2027-01-01,1,1,,622,2026-02-21,25-26/0000593,10334,MILA FOODS,,,,
67700,MILA RICE BANANA MIX,1,180.96,240,NA02,2027-01-01,1,1,,622,2026-02-21,25-26/0000593,10334,MILA FOODS,,,,
44772,ROLL BANDAGE 10X3,30,59.45,100,14,2028-08-01,10,10,,2500173001097,2026-02-23,25-26/0000594,10322,MED WORLD PHARMA,,,,
44771,ROLL BANDAGE 15X3,27,89,150,14,2028-08-01,10,10,,2500173001097,2026-02-23,25-26/0000594,10322,MED WORLD PHARMA,,,,
45537,ROLL BANDAGE 7.5X3,20,43.18,70,3,2027-08-01,10,10,,2500173001097,2026-02-23,25-26/0000594,10322,MED WORLD PHARMA,,,,
67701,OXYPHAR CV 625,84,91.2,125,TB250535F,2027-05-01,10,10,,2500173001097,2026-02-23,25-26/0000594,10322,MED WORLD PHARMA,,,,
56852,BENDEX TAB,100,4.5,7,AMQ06AGA,2027-02-01,1,1,,2500173001097,2026-02-23,25-26/0000594,10322,MED WORLD PHARMA,,,,
61019,CLOVIS ROLL ON,3,74.89,110,25H03B,2027-07-01,1,1,,2500173001097,2026-02-23,25-26/0000594,10322,MED WORLD PHARMA,,,,
61142,KRACK EASE,6,109.87,160,V/J/KE6012,2026-09-01,1,1,,2500173001097,2026-02-23,25-26/0000594,10322,MED WORLD PHARMA,,,,
56871,SANITIZER 100ML,5,32,60,629,2026-12-01,1,1,,2500173001097,2026-02-23,25-26/0000594,10322,MED WORLD PHARMA,,,,
56876,BLEACHING POWDER 500GM,4,24.99,50,28281010,2027-05-01,1,1,,2500173001097,2026-02-23,25-26/0000594,10322,MED WORLD PHARMA,,,,
67702,FENADOL PS TAB,31,26,60,UGT-25613,2027-04-01,10,10,,2500173001105,2026-02-23,25-26/0000595,10322,MED WORLD PHARMA,,,,
64526,DOLOPAR DROPS,10,23.54,30,DPDNX007,2027-10-01,1,1,,DL-25-52046,2026-02-23,25-26/0000596,1041,DRUG LINK,KANNUR,0,32AACFD4259N1ZC,0
63260,GLYCO 6 CREAM,1,172.11,220,427,2027-11-01,1,1,,DL-25-52046,2026-02-23,25-26/0000596,1041,DRUG LINK,KANNUR,0,32AACFD4259N1ZC,0
58917,CANDID CREAM,12,72,96,11240208,2027-02-01,1,1,,PD03064,2026-02-23,25-26/0000597,1107,NORTHERN PHARMA,KASARAGOD,0,0,0
57752,CANDID B LOTION 10ML,2,89.29,115,11250657,2027-10-01,1,1,,PD03064,2026-02-23,25-26/0000597,1107,NORTHERN PHARMA,KASARAGOD,0,0,0
67703,TELMA AMH 40,30,238.93,305,18250287,2028-04-01,15,15,,PD03064,2026-02-23,25-26/0000597,1107,NORTHERN PHARMA,KASARAGOD,0,0,0
67704,GABAPIN 100,15,117.14,150,N2502458,2027-06-01,15,15,,PD03064,2026-02-23,25-26/0000597,1107,NORTHERN PHARMA,KASARAGOD,0,0,0
67705,HHMUS 0.03% OINT,1,150,192,H032,2026-06-01,1,1,,PD03064,2026-02-23,25-26/0000597,1107,NORTHERN PHARMA,KASARAGOD,0,0,0
67705,HHMUS 0.03% OINT,1,160.71,198,H036,2027-02-01,1,1,,PD03064,2026-02-23,25-26/0000597,1107,NORTHERN PHARMA,KASARAGOD,0,0,0
57760,NEOSPORIN OINT,3,103.38,135,R263,2027-05-01,1,1,,PD03064,2026-02-23,25-26/0000597,1107,NORTHERN PHARMA,KASARAGOD,0,0,0
57649,BUDAMATE 200 R/C,1,139.58,180,UB02782,2027-11-01,1,1,,PD03064,2026-02-23,25-26/0000597,1107,NORTHERN PHARMA,KASARAGOD,0,0,0
62222,ASTHALIN RESPULES,40,6.7,8,5L81004,2028-10-01,1,1,,PD03064,2026-02-23,25-26/0000597,1107,NORTHERN PHARMA,KASARAGOD,0,0,0
67706,MONTICOPE SYP 30ML,11,35.63,45,FOAIY058,2027-08-01,1,1,,PD03064,2026-02-23,25-26/0000597,1107,NORTHERN PHARMA,KASARAGOD,0,0,0
67707,MONTICOPE TAB,41,78.48,100,C45Y021,2027-09-01,10,10,,PD03064,2026-02-23,25-26/0000597,1107,NORTHERN PHARMA,KASARAGOD,0,0,0
43935,FORACORT 200 RC 30`S,3,139.67,185,5BA1793,2027-07-01,1,1,,PD03064,2026-02-23,25-26/0000597,1107,NORTHERN PHARMA,KASARAGOD,0,0,0
44299,MAXIFLO 100 RC,2,232.18,300,5BA1947,2027-01-01,1,1,,PD03064,2026-02-23,25-26/0000597,1107,NORTHERN PHARMA,KASARAGOD,0,0,0
57360,DENTAL FLOSS,2,121.33,160,25MF2,2028-07-01,1,1,,PD03064,2026-02-23,25-26/0000597,1107,NORTHERN PHARMA,KASARAGOD,0,0,0
57465,ASCORIL LS 100ML,5,110.36,145,11251186,2027-07-01,1,1,,PD03064,2026-02-23,25-26/0000597,1107,NORTHERN PHARMA,KASARAGOD,0,0,0
43713,KRISHNA TULSI 100ML SYP,5,47,60,5655,2027-11-01,1,1,,B2C-1981/25-26,2026-02-23,25-26/0000598,1052,GENERAL TRADE LINKS,KANNUR,0,32AAEFG2263D1ZI,0
56822,ODOMOS  L,3,50,65,BT00630,2027-08-01,1,1,,B2C-1981/25-26,2026-02-23,25-26/0000598,1052,GENERAL TRADE LINKS,KANNUR,0,32AAEFG2263D1ZI,0
56825,ADALODAKA SYP,36,48,60,1799,2028-12-01,1,1,,B2C-1981/25-26,2026-02-23,25-26/0000598,1052,GENERAL TRADE LINKS,KANNUR,0,32AAEFG2263D1ZI,0
56807,VAYUGULIKA WHITE 20,25,15.24,20,52,2028-02-01,1,1,,B2C-1981/25-26,2026-02-23,25-26/0000598,1052,GENERAL TRADE LINKS,KANNUR,0,32AAEFG2263D1ZI,0
44574,ELADI CANDY,200,142.86,200,B2146,2028-01-01,200,200,,B2C-1981/25-26,2026-02-23,25-26/0000598,1052,GENERAL TRADE LINKS,KANNUR,0,32AAEFG2263D1ZI,0
45536,SEBOLIN 15 G,6,21,30,2505,2029-09-01,1,1,,B2C-1981/25-26,2026-02-23,25-26/0000598,1052,GENERAL TRADE LINKS,KANNUR,0,32AAEFG2263D1ZI,0
56819,SEBOLIN 40G,6,45.72,65,2504,2029-09-01,1,1,,B2C-1981/25-26,2026-02-23,25-26/0000598,1052,GENERAL TRADE LINKS,KANNUR,0,32AAEFG2263D1ZI,0
67708,OLIVWISH OLIVE OIL,1,100,180,057,2028-06-01,1,1,,B2C-1981/25-26,2026-02-23,25-26/0000598,1052,GENERAL TRADE LINKS,KANNUR,0,32AAEFG2263D1ZI,0
56814,GLUCORADE SHOTS ORANGE,20,144.95,200,O-26019,2027-01-01,20,20,,B2C-1981/25-26,2026-02-23,25-26/0000598,1052,GENERAL TRADE LINKS,KANNUR,0,32AAEFG2263D1ZI,0
57439,GLUCORADE SHOTS STRAWBEEY,20,144.95,200,S-25213,2026-11-01,20,20,,B2C-1981/25-26,2026-02-23,25-26/0000598,1052,GENERAL TRADE LINKS,KANNUR,0,32AAEFG2263D1ZI,0
46238,ALOEVERA GEL,6,37.5,50,684,2026-08-01,1,1,,B2C-1981/25-26,2026-02-23,25-26/0000598,1052,GENERAL TRADE LINKS,KANNUR,0,32AAEFG2263D1ZI,0
45191,AMRUTHANJAN GREEN,6,36,42,C0925073-M3,2028-11-01,1,1,,B2C-1981/25-26,2026-02-23,25-26/0000598,1052,GENERAL TRADE LINKS,KANNUR,0,32AAEFG2263D1ZI,0
44576,TIGER BALM RED,4,40,46,R25106,2029-10-01,1,1,,B2C-1981/25-26,2026-02-23,25-26/0000598,1052,GENERAL TRADE LINKS,KANNUR,0,32AAEFG2263D1ZI,0
56808,AMRUTHANJAN YELLOW,1,37,43,C6325064-M4,2028-09-01,1,1,,B2C-1981/25-26,2026-02-23,25-26/0000598,1052,GENERAL TRADE LINKS,KANNUR,0,32AAEFG2263D1ZI,0
43747,ORTHOHERB 30,1,141.27,178,A017725,2028-11-01,1,1,,B2C-1981/25-26,2026-02-23,25-26/0000598,1052,GENERAL TRADE LINKS,KANNUR,0,32AAEFG2263D1ZI,0
43748,ORTHOHERB 60,1,255,315,A048126,2028-12-01,1,1,,B2C-1981/25-26,2026-02-23,25-26/0000598,1052,GENERAL TRADE LINKS,KANNUR,0,32AAEFG2263D1ZI,0
64407,BUDS JAR KIWI,3,41,60,KCC-25,2028-12-01,1,1,,B2C-1981/25-26,2026-02-23,25-26/0000598,1052,GENERAL TRADE LINKS,KANNUR,0,32AAEFG2263D1ZI,0
67709,BELLADONA PLASTER,10,9.375,16,BP021,2028-11-01,1,1,,B2C-1981/25-26,2026-02-23,25-26/0000598,1052,GENERAL TRADE LINKS,KANNUR,0,32AAEFG2263D1ZI,0
44605,CAPSICUM PLASTER,10,12,25,CP005,2028-08-01,1,1,,B2C-1981/25-26,2026-02-23,25-26/0000598,1052,GENERAL TRADE LINKS,KANNUR,0,32AAEFG2263D1ZI,0
63329,CHUKKU KAPPI ALIF,10,11,15,X,2026-06-01,1,1,,B2C-1981/25-26,2026-02-23,25-26/0000598,1052,GENERAL TRADE LINKS,KANNUR,0,32AAEFG2263D1ZI,0
62232,MEE MEE KID TOOTHBRUSH CAR,13,56.43,85,YTIU,2028-06-01,1,1,,721,2026-02-23,25-26/0000599,10329,BEST MARKETING,,,,
61063,MEE MEE KID TOOTHBRUSH,13,37.86,55,MM3850,2028-06-01,1,1,,721,2026-02-23,25-26/0000599,10329,BEST MARKETING,,,,
62220,MAMAEARTH MOISTURIZER ALOEVERA 50G,5,107.33,149,AM5J109,2027-09-01,1,1,,721,2026-02-23,25-26/0000599,10329,BEST MARKETING,,,,
64396,LACTO CALAMINE CHARCOAL  FACE WASH,5,106.07,149,LHAF011,2027-07-01,1,1,,721,2026-02-23,25-26/0000599,10329,BEST MARKETING,,,,
64395,LACTO CALAMINE UBTAN FACE WASH,3,91.83,129,LUAF019,2027-08-01,1,1,,721,2026-02-23,25-26/0000599,10329,BEST MARKETING,,,,
67710,MAMAEARTH SUNCREEN 34.5G VITAMIN C GLOW,3,146.82,215,AP5L032,2027-12-01,1,1,,721,2026-02-23,25-26/0000599,10329,BEST MARKETING,,,,
62180,LACTO CALAMINE KAOLIN CLAY FACE WASH,4,67.63,95,LFAF071,2027-11-01,1,1,,721,2026-02-23,25-26/0000599,10329,BEST MARKETING,,,,
56674,METAPROLATE XR 25,328,6.75,15,T252021,2027-10-01,10,10,,A003209,2026-02-23,25-26/0000600,10296,alka associates,,,,
62228,ROSUVIA 5,150,12.5,30,MOT25150,2027-07-01,15,15,,A003209,2026-02-23,25-26/0000600,10296,alka associates,,,,
57453,OLEX 2.5,250,5.24,15,NB/251255,2028-11-01,10,10,,A003209,2026-02-23,25-26/0000600,10296,alka associates,,,,
57257,OLPID 10,100,11.5,25,NR/250904,2028-02-01,10,10,,A003209,2026-02-23,25-26/0000600,10296,alka associates,,,,
56698,CIDINITAB 10,100,6.75,20,DZP01ACA,2027-05-01,10,10,,A003209,2026-02-23,25-26/0000600,10296,alka associates,,,,
56713,GLIDAPAFLOZIN 10,148,18.5,50,25S2GTA641,2027-02-01,15,15,,A003209,2026-02-23,25-26/0000600,10296,alka associates,,,,
56715,GLIDAPAFLOZIN M 10/500,180,39,75,24S2GTA693,2027-02-01,15,15,,A003209,2026-02-23,25-26/0000600,10296,alka associates,,,,
65601,LAMOTROZEN 50,100,13,30,T242420,2028-10-01,10,10,,A003209,2026-02-23,25-26/0000600,10296,alka associates,,,,
67711,NIFEDIP RT 10,200,8.2,15,AMN01CEA,2027-02-01,10,10,,A003209,2026-02-23,25-26/0000600,10296,alka associates,,,,
65594,SODIBICARB FORTE ,150,18.5,40,STG-252680,2027-11-01,15,15,,A003209,2026-02-23,25-26/0000600,10296,alka associates,,,,
57553,TELMISTRUM  MT 50,123,26.5,55,STR25001,2027-05-01,15,15,,A003209,2026-02-23,25-26/0000600,10296,alka associates,,,,
67712,VRIDARONE 100,100,30,50,P1225258T,2027-11-01,10,10,,A003209,2026-02-23,25-26/0000600,10296,alka associates,,,,
43874,SYNDOPA 110,150,21.48,28,GKG1550A,2029-08-01,15,15,,A003210,2026-02-23,25-26/0000601,10296,alka associates,,,,
44790,SYNDOPA CR 125,100,22.7,29,GKG1228A,2027-06-01,10,10,,A003210,2026-02-23,25-26/0000601,10296,alka associates,,,,
44071,SYNDOPA PLUS,150,31.38,40,GKG1758A,2029-10-01,15,15,,A003210,2026-02-23,25-26/0000601,10296,alka associates,,,,
44071,SYNDOPA PLUS,150,31.38,40,GKG1829A,2029-10-01,15,15,,A003210,2026-02-23,25-26/0000601,10296,alka associates,,,,
61087,TICTAC SPEARMINT,12,15.31,18,HH,2028-06-01,1,1,,ASP06300,2026-02-23,25-26/0000602,10313,MINI AGENCIES,,,,
56800,TICTAC STRAWBERRY,12,15.31,18,12,2028-06-01,1,1,,ASP06300,2026-02-23,25-26/0000602,10313,MINI AGENCIES,,,,
56802,TICTAC MINT,12,15.31,18,12,2026-11-01,1,1,,ASP06300,2026-02-23,25-26/0000602,10313,MINI AGENCIES,,,,
57228,NAN PRO 4,4,677.15,775,60270453K1,2026-11-01,1,1,,NAS18742,2026-02-23,25-26/0000603,10313,MINI AGENCIES,,,,
43975,LACTOGEN 1,1,393.18,450,60170453L1,2026-11-01,1,1,,NAS18742,2026-02-23,25-26/0000603,10313,MINI AGENCIES,,,,
43974,LACTOGEN 3,2,393.18,450,60130453J1,2026-11-01,1,1,,NAS18742,2026-02-23,25-26/0000603,10313,MINI AGENCIES,,,,
56792,CERELAC STAGE 3(10+)WHEAT RICE MIX FRUIT,3,253.39,290,60090451DB,2026-11-01,1,1,,NAS18742,2026-02-23,25-26/0000603,10313,MINI AGENCIES,,,,
57114,NANGROW ,3,505.95,595,60010453J2,2026-11-01,1,1,,NAS18742,2026-02-23,25-26/0000603,10313,MINI AGENCIES,,,,
57490,POLO MINT,72,4.18,5,53581519FA,2026-11-01,1,1,,NAS18742,2026-02-23,25-26/0000603,10313,MINI AGENCIES,,,,
56796,EVERYDAY 400G,5,207.23,235,601404519B,2028-06-01,1,1,,NAS18742,2026-02-23,25-26/0000603,10313,MINI AGENCIES,,,,
56764,ST GLIPTIN DAPA ,540,55,105,25S2GTA768,2027-02-01,15,15,,25000730023202,2026-02-20,25-26/0000604,10312,JANATHA PHARMA,MANGLORE,KA-MN1-245544,29EKIPS0746F1ZT,
56683,GLIMITERIS M2,3000,15.6,30,DZP01AHA,2027-07-01,15,15,,25000730023202,2026-02-20,25-26/0000604,10312,JANATHA PHARMA,MANGLORE,KA-MN1-245544,29EKIPS0746F1ZT,
56734,TASMULINE 0.4,200,9.2,25,DZP01AFA,2027-06-01,10,10,,25000730023202,2026-02-20,25-26/0000604,10312,JANATHA PHARMA,MANGLORE,KA-MN1-245544,29EKIPS0746F1ZT,
56939,UDCHOLIC 150,150,74.5,100,AMN01GQA,2027-10-01,15,15,,25000730023202,2026-02-20,25-26/0000604,10312,JANATHA PHARMA,MANGLORE,KA-MN1-245544,29EKIPS0746F1ZT,
56713,GLIDAPAFLOZIN 10,600,16.75,50,AMN01GMA,2027-08-01,15,15,,25000730023202,2026-02-20,25-26/0000604,10312,JANATHA PHARMA,MANGLORE,KA-MN1-245544,29EKIPS0746F1ZT,
57142,MONTELUKE LC,150,18,40,STV125001,2027-04-01,15,15,,25000730023202,2026-02-20,25-26/0000604,10312,JANATHA PHARMA,MANGLORE,KA-MN1-245544,29EKIPS0746F1ZT,
67713,ATORVASTRIN GOLD 20,90,37.18,75,AC2410148,2026-09-01,15,15,,25000730023202,2026-02-20,25-26/0000604,10312,JANATHA PHARMA,MANGLORE,KA-MN1-245544,29EKIPS0746F1ZT,
44255,CARBIZOLE 5,3,68,120,NTD0009A,2027-04-01,1,1,,25000730023202,2026-02-20,25-26/0000604,10312,JANATHA PHARMA,MANGLORE,KA-MN1-245544,29EKIPS0746F1ZT,
43944,CARBIZOLE 10,2,79,160,NTD0025A,2027-10-01,1,1,,25000730023202,2026-02-20,25-26/0000604,10312,JANATHA PHARMA,MANGLORE,KA-MN1-245544,29EKIPS0746F1ZT,
56963,NICOGOLD 5,10,38,80,ST25-2110,2026-12-01,1,1,,25000730023202,2026-02-20,25-26/0000604,10312,JANATHA PHARMA,MANGLORE,KA-MN1-245544,29EKIPS0746F1ZT,
56666,ERITOCOX 90,100,21,50,AQAFY001,2027-05-01,10,10,,25000730023202,2026-02-20,25-26/0000604,10312,JANATHA PHARMA,MANGLORE,KA-MN1-245544,29EKIPS0746F1ZT,
56952,NEBIVALVE 5,300,58.5,90,T252009,2028-08-01,30,30,,25000730023202,2026-02-20,25-26/0000604,10312,JANATHA PHARMA,MANGLORE,KA-MN1-245544,29EKIPS0746F1ZT,
56755,SEIZMET TRIO .02,120,25.13,60,AMN01GKA,2027-09-01,15,15,,25000730023202,2026-02-20,25-26/0000604,10312,JANATHA PHARMA,MANGLORE,KA-MN1-245544,29EKIPS0746F1ZT,
56665,SILODOSIA 8D,100,56,100,LC5004,2027-07-01,10,10,,25000730023202,2026-02-20,25-26/0000604,10312,JANATHA PHARMA,MANGLORE,KA-MN1-245544,29EKIPS0746F1ZT,
56895,WARFELIX 5,200,8.5,20,T251517,2027-04-01,10,10,,25000730023202,2026-02-20,25-26/0000604,10312,JANATHA PHARMA,MANGLORE,KA-MN1-245544,29EKIPS0746F1ZT,
56941,THYRORISE 25,10,27.5,60,CWG02ADA,2027-08-01,1,1,,25000730023202,2026-02-20,25-26/0000604,10312,JANATHA PHARMA,MANGLORE,KA-MN1-245544,29EKIPS0746F1ZT,
57005,NITROQUICK 2.6,20,24.7,55,NTQ25002,2027-03-01,1,1,,25000730023202,2026-02-20,25-26/0000604,10312,JANATHA PHARMA,MANGLORE,KA-MN1-245544,29EKIPS0746F1ZT,
56674,METAPROLATE XR 25,585,6.25,15,T251001,2028-04-01,10,10,,25000730023202,2026-02-20,25-26/0000604,10312,JANATHA PHARMA,MANGLORE,KA-MN1-245544,29EKIPS0746F1ZT,
57553,TELMISTRUM  MT 50,300,30,55,STR25002,2027-08-01,15,15,,25000730023202,2026-02-20,25-26/0000604,10312,JANATHA PHARMA,MANGLORE,KA-MN1-245544,29EKIPS0746F1ZT,
56970,BISOGARD 2.5,310,5.5,20,AMN02EPA,2027-09-01,10,10,,25000730023202,2026-02-20,25-26/0000604,10312,JANATHA PHARMA,MANGLORE,KA-MN1-245544,29EKIPS0746F1ZT,
56971,BISOGARD 5,400,7.8,25,BS025001,2027-12-01,10,10,,25000730023202,2026-02-20,25-26/0000604,10312,JANATHA PHARMA,MANGLORE,KA-MN1-245544,29EKIPS0746F1ZT,
57512,GLIDAPA 3D 10/100/500ER,150,63,110,25S3GTA384,2027-03-01,15,15,,25000730023202,2026-02-20,25-26/0000604,10312,JANATHA PHARMA,MANGLORE,KA-MN1-245544,29EKIPS0746F1ZT,
56738,PANTOSTRUM DSR,150,25,60,POT25001,2027-04-01,15,15,,25000730023202,2026-02-20,25-26/0000604,10312,JANATHA PHARMA,MANGLORE,KA-MN1-245544,29EKIPS0746F1ZT,
56964,PRAZOPRIME XL 2.5,200,22.5,50,PPZ2501,2027-02-01,20,20,,25000730023202,2026-02-20,25-26/0000604,10312,JANATHA PHARMA,MANGLORE,KA-MN1-245544,29EKIPS0746F1ZT,
66641,AMDULES 5,300,9.7,18,STL124001,2026-10-01,30,30,,25000730023202,2026-02-20,25-26/0000604,10312,JANATHA PHARMA,MANGLORE,KA-MN1-245544,29EKIPS0746F1ZT,
57552,LUKAL CREAM,5,28,100,A369B,2027-07-01,1,1,,25000730023202,2026-02-20,25-26/0000604,10312,JANATHA PHARMA,MANGLORE,KA-MN1-245544,29EKIPS0746F1ZT,
67714,TROPICORT S CREAM,1,29,60,78408,2027-08-01,1,1,,25000730023202,2026-02-20,25-26/0000604,10312,JANATHA PHARMA,MANGLORE,KA-MN1-245544,29EKIPS0746F1ZT,
56752,OXCARBZEN 300,100,45.5,90,AMN02DFA,2028-03-01,10,10,,25000730023202,2026-02-20,25-26/0000604,10312,JANATHA PHARMA,MANGLORE,KA-MN1-245544,29EKIPS0746F1ZT,
56892,SACUSMART 50,140,47,75,370525001,2027-07-01,14,14,,25000730023202,2026-02-20,25-26/0000604,10312,JANATHA PHARMA,MANGLORE,KA-MN1-245544,29EKIPS0746F1ZT,
56722,VILDIABATE M 500,120,27,60,25S3GTA984,2027-07-01,15,15,,25000730023202,2026-02-20,25-26/0000604,10312,JANATHA PHARMA,MANGLORE,KA-MN1-245544,29EKIPS0746F1ZT,
67715,THYRORISE 37.5,3,44.2,80,CWG01AFA,2027-08-01,1,1,,25000730023202,2026-02-20,25-26/0000604,10312,JANATHA PHARMA,MANGLORE,KA-MN1-245544,29EKIPS0746F1ZT,
56944,THYRORISE 100,5,32.5,80,HBH14Y002,2027-10-01,1,1,,25000730023202,2026-02-20,25-26/0000604,10312,JANATHA PHARMA,MANGLORE,KA-MN1-245544,29EKIPS0746F1ZT,
57563,ESMOSTRUM FAST ,200,29,50,ADT251640D,2027-05-01,10,10,,25000730023202,2026-02-20,25-26/0000604,10312,JANATHA PHARMA,MANGLORE,KA-MN1-245544,29EKIPS0746F1ZT,
45641,THYRORISE 88,2,47.5,90,HBH73Y001,2027-08-01,1,1,,25000730023202,2026-02-20,25-26/0000604,10312,JANATHA PHARMA,MANGLORE,KA-MN1-245544,29EKIPS0746F1ZT,
67716,COLGATE KIDS (2-5)  40G,5,75,92,T517,2027-10-01,1,1,,OD436579341956697100,2026-02-01,25-26/0000548,10325,AMAZON,,,,
57833,MEFTAL 500TAB,80,24.28,30,HK2546,2028-08-01,10,10,,2500173006070,2026-02-25,25-26/0000605,10268,FATHIMA MATHA MEDICALS,,,,
57392,MEFTAL SPAS TAB,90,39.28,50,YMS25173,2028-05-01,10,10,,2500173006070,2026-02-25,25-26/0000605,10268,FATHIMA MATHA MEDICALS,,,,
56853,REACTIN PLUS,200,10,20,GST50466,2028-07-01,10,10,,2500173006070,2026-02-25,25-26/0000605,10268,FATHIMA MATHA MEDICALS,,,,
46071,CHESTON COLD,100,25,45,CND25624,2027-11-01,10,10,,2500173006070,2026-02-25,25-26/0000605,10268,FATHIMA MATHA MEDICALS,,,,
57524,SYRINGE 50ML,5,25,50,531503WJRI,2030-06-01,1,1,,2500173006070,2026-02-25,25-26/0000605,10268,FATHIMA MATHA MEDICALS,,,,
57568,SYRINGE 5ML,5,3.5,8,423055JM2,2029-05-01,1,1,,2500173006070,2026-02-25,25-26/0000605,10268,FATHIMA MATHA MEDICALS,,,,
57341,SYRINGE 2ML,10,2.5,5,518254sh1,2030-04-01,1,1,,2500173006070,2026-02-25,25-26/0000605,10268,FATHIMA MATHA MEDICALS,,,,
43860,SYRINGE 10ML,5,5,10,523104ef1,2030-05-01,1,1,,2500173006070,2026-02-25,25-26/0000605,10268,FATHIMA MATHA MEDICALS,,,,
43860,SYRINGE 10ML,5,5,10,535101je1,2030-07-01,1,1,,2500173006070,2026-02-25,25-26/0000605,10268,FATHIMA MATHA MEDICALS,,,,
57632,COFSILS ,260,25,35,5M60338,2028-10-01,10,10,,2500173006070,2026-02-25,25-26/0000605,10268,FATHIMA MATHA MEDICALS,,,,
45769,OKAMET TAB,600,13,20,CPLAL25100,2028-04-01,20,20,,2500173006070,2026-02-25,25-26/0000605,10268,FATHIMA MATHA MEDICALS,,,,
67717,ELADI SF SYP ADULT ,2,64.28,82,B1414,2027-05-01,1,1,,2500173006070,2026-02-25,25-26/0000605,10268,FATHIMA MATHA MEDICALS,,,,
56828,ELADI SYP ADULT,1,57,75,B2000,2027-12-01,1,1,,2500173006070,2026-02-25,25-26/0000605,10268,FATHIMA MATHA MEDICALS,,,,
56828,ELADI SYP ADULT,1,57,75,B0685,2027-11-01,1,1,,2500173006070,2026-02-25,25-26/0000605,10268,FATHIMA MATHA MEDICALS,,,,
56829,ELADI SYP PAED,2,57.15,75,B0876,2026-09-01,1,1,,2500173006070,2026-02-25,25-26/0000605,10268,FATHIMA MATHA MEDICALS,,,,
56840,HIM BABY POWDER 100GM,3,85,111,842502137,2028-10-01,1,1,,2500173006070,2026-02-25,25-26/0000605,10268,FATHIMA MATHA MEDICALS,,,,
61107,HIM BABY PRICKLY HEAT POWDER,1,85.75,112,842500123,2027-12-01,1,1,,2500173006070,2026-02-25,25-26/0000605,10268,FATHIMA MATHA MEDICALS,,,,
61136,REVITAL TAB 30`S,2,223.24,293,SIG2358A,2027-10-01,1,1,,2500173006070,2026-02-25,25-26/0000605,10268,FATHIMA MATHA MEDICALS,,,,
67718,GAVISCON LIQUID,1,153,180,A1376,2027-10-01,1,1,,2500173006070,2026-02-25,25-26/0000605,10268,FATHIMA MATHA MEDICALS,,,,
56637,CLEARWAX E/D,5,35,60,N25V9060,2027-08-01,1,1,,2500173006070,2026-02-25,25-26/0000605,10268,FATHIMA MATHA MEDICALS,,,,
57630,BAND AID WASHPROOF,200,110,250,MW24-108,2028-02-01,100,100,,2500173006070,2026-02-25,25-26/0000605,10268,FATHIMA MATHA MEDICALS,,,,
57592,MARUTHUA PANCHAJEERAKA GUDAM,1,340,415,M05/25,2028-09-01,1,1,,2500173006100,2026-02-26,25-26/0000606,10268,FATHIMA MATHA MEDICALS,,,,
44300,CALAMIN LOTION,2,20,50,639,2027-10-01,1,1,,2500173006100,2026-02-26,25-26/0000606,10268,FATHIMA MATHA MEDICALS,,,,
44241,ZINCOVIT SYP ,2,122.03,160,ZVS25173,2026-10-01,1,1,,IL-25-53494,2026-02-26,25-26/0000607,1060,INTER LINK,KANNUR,0,32AABFI5741B1ZO,0
67719,FORACORT 200 INH (180MD),2,433.43,540,5SA1761,2027-07-01,1,1,,IL-25-53494,2026-02-26,25-26/0000607,1060,INTER LINK,KANNUR,0,32AABFI5741B1ZO,0
43936,FORACORT 400 RC 30`S,5,169.68,218,5SA1761,2027-07-01,1,1,,IL-25-53494,2026-02-26,25-26/0000607,1060,INTER LINK,KANNUR,0,32AABFI5741B1ZO,0
57540,RAPITUS SYP,6,85.53,110,18260378B,2028-12-01,1,1,,IL-25-53494,2026-02-26,25-26/0000607,1060,INTER LINK,KANNUR,0,32AABFI5741B1ZO,0
57849,EYEMIST EYE DROP,1,175.72,230,ZEG0516A,2028-10-01,1,1,,IL-25-53494,2026-02-26,25-26/0000607,1060,INTER LINK,KANNUR,0,32AABFI5741B1ZO,0
45343,ROPARK 0.5,60,92.86,121,SIG2387A,2027-10-01,10,10,,IL-25-53494,2026-02-26,25-26/0000607,1060,INTER LINK,KANNUR,0,32AABFI5741B1ZO,0
54492,PANLIPASE,60,310,400,GKG2042A,2027-04-01,15,15,,IL-25-53494,2026-02-26,25-26/0000607,1060,INTER LINK,KANNUR,0,32AABFI5741B1ZO,0
67720,LACTIHEP SYP,1,227.86,290,SXG2715A,2027-11-01,1,1,,IL-25-53494,2026-02-26,25-26/0000607,1060,INTER LINK,KANNUR,0,32AABFI5741B1ZO,0
63328,TOPISAL 3% LOTION,5,74.29,95,TT-549,2027-11-01,1,1,,LP-25-60231,2026-02-26,25-26/0000608,1203,LINK PHARMA,KANNUR,,32AABFT3905A1ZK,
58885,HUMAN MIXTARD 40IU,5,145.11,178,B-53235,2028-01-01,1,1,,LP-25-60231,2026-02-26,25-26/0000608,1203,LINK PHARMA,KANNUR,,32AABFT3905A1ZK,
57267,SIMILAC 2,1,460.95,550,83035MN1,2027-05-01,1,1,,LP-25-60231,2026-02-26,25-26/0000608,1203,LINK PHARMA,KANNUR,,32AABFT3905A1ZK,
57804,SIMILAC ADVANCE 2,2,674.67,805,84039MN1,2027-06-01,1,1,,LP-25-60231,2026-02-26,25-26/0000608,1203,LINK PHARMA,KANNUR,,32AABFT3905A1ZK,
58887,REFRESH TEARS E/D,4,107.78,130,122372,2027-07-01,1,1,,LP-25-60231,2026-02-26,25-26/0000608,1203,LINK PHARMA,KANNUR,,32AABFT3905A1ZK,
57272,VANTEJ TOOTH PASTE 50GM,1,152.38,195,BBV25239,2027-11-01,1,1,,LP-25-60231,2026-02-26,25-26/0000608,1203,LINK PHARMA,KANNUR,,32AABFT3905A1ZK,
58915,ZENTEL SYP,5,14.56,19,NA287,2028-05-01,1,1,,LP-25-60231,2026-02-26,25-26/0000608,1203,LINK PHARMA,KANNUR,,32AABFT3905A1ZK,
57656,ULTRACET ,75,225.29,285,J115005,2027-10-01,15,15,,LP-25-60231,2026-02-26,25-26/0000608,1203,LINK PHARMA,KANNUR,,32AABFT3905A1ZK,
66623,D3 MUST DROPS,9,31.86,42,J3ALY025,2027-08-01,1,1,,LP-25-60231,2026-02-26,25-26/0000608,1203,LINK PHARMA,KANNUR,,32AABFT3905A1ZK,
64469,FUCIBET  CREAM,5,74.29,95,SXG2306A,2027-03-01,1,1,,LP-25-60231,2026-02-26,25-26/0000608,1203,LINK PHARMA,KANNUR,,32AABFT3905A1ZK,
67721,CONDOM CATHETER URI COND L,6,21,50,AA26,2028-12-01,1,1,,25-27313,2026-02-26,25-26/0000609,1080,LINK SURGICALS,KANNUR,0,32AACFL1761F1ZS,0
61014,ORAL B BRUSH EXTRASOFT 25,12,10.416,25,523785,2030-08-01,1,1,,25-27313,2026-02-26,25-26/0000609,1080,LINK SURGICALS,KANNUR,0,32AACFL1761F1ZS,0
62227,DEFZAVIA 6,85,22,50,MOT25104,2027-04-01,10,10,,A003253,2026-02-26,25-26/0000610,10296,alka associates,,,,
64404,ESOMSYS DSR,200,19,45,BHC-251320388,2027-11-01,10,10,,A003253,2026-02-26,25-26/0000610,10296,alka associates,,,,
67722,HYQLOR 200,150,45,80,T252631,2027-08-01,15,15,,A003253,2026-02-26,25-26/0000610,10296,alka associates,,,,
67723,SILODOFINE 4,60,34,60,C250121,2027-07-01,10,10,,A003253,2026-02-26,25-26/0000610,10296,alka associates,,,,
57373,ACIZEN P,200,7.5,20,ST250493,2027-07-01,10,10,,A003253,2026-02-26,25-26/0000610,10296,alka associates,,,,
65600,BILINDQO  M,100,26,60,AVF01AKA,2027-11-01,10,10,,A003253,2026-02-26,25-26/0000610,10296,alka associates,,,,
62194,CALZEN D3 60K,80,14,50,BSG251273,2027-07-01,4,4,,A003253,2026-02-26,25-26/0000610,10296,alka associates,,,,
67724,FENOCURE 145,20,13.5,45,YT-250561B,2027-08-01,10,10,,A003253,2026-02-26,25-26/0000610,10296,alka associates,,,,
67725,RABZEN 20,154,10,20,ADC03AWA,2027-11-01,10,10,,A003253,2026-02-26,25-26/0000610,10296,alka associates,,,,
57431,TOFATOID 5,100,35,70,LGP09/249/06,2027-08-01,10,10,,A003253,2026-02-26,25-26/0000610,10296,alka associates,,,,
57296,ISPER FORTE,100,11.5,25,AMN01DOA,2027-02-01,10,10,,A003253,2026-02-26,25-26/0000610,10296,alka associates,,,,
57619,LACOSMILE 50,100,23,58,AMN01D0A,2027-02-01,10,10,,A003253,2026-02-26,25-26/0000610,10296,alka associates,,,,
57140,MESALMILE OD 1200,100,62.5,110,BTH07AMA,2027-09-01,10,10,,A003253,2026-02-26,25-26/0000610,10296,alka associates,,,,
56717,ST GLIPTIN M 50/500,60,40,85,SRSIF505,2027-05-01,15,15,,A003253,2026-02-26,25-26/0000610,10296,alka associates,,,,
67726,SULFASALAZ  500,150,48,75,SPT252256,2027-09-01,15,15,,A003253,2026-02-26,25-26/0000610,10296,alka associates,,,,
57234,TASMULINE F,200,21.5,50,SC-25278,2027-12-01,10,10,,A003253,2026-02-26,25-26/0000610,10296,alka associates,,,,
57224,TENELIGOLD 20,150,16.75,30,STW25002,2027-10-01,15,15,,A003253,2026-02-26,25-26/0000610,10296,alka associates,,,,
67696,TICAGROWN 60,140,64,120,AMN01GPA,2027-10-01,14,14,,A003253,2026-02-26,25-26/0000610,10296,alka associates,,,,
67727,SKYWORM DOG,16,412.7,520,MVT1087,2027-11-01,10,10,,5729,2026-02-27,25-26/0000611,10302,english pharma,,,,
57329,LETS BITE CAT KITTEN 400G,3,135.75,199,KAK012/25,2027-11-01,1,1,,5729,2026-02-27,25-26/0000611,10302,english pharma,,,,
46043,SHARKOFEROL VET 450 GM,2,153.6,192,AN5569050,2027-10-01,1,1,,5729,2026-02-27,25-26/0000611,10302,english pharma,,,,
57783,ALUSPRAY AWD,1,303.57,398,RBAL25099,2027-11-01,1,1,,5729,2026-02-27,25-26/0000611,10302,english pharma,,,,
57089,PEDIGREE PUPPY C&M 370GM,2,82.34,110,601F3HYDD1,2027-01-01,1,1,,5729,2026-02-27,25-26/0000611,10302,english pharma,,,,
66624,MEDOC AT TAB,170,45,80,MDF25004,2026-10-01,10,10,,1302,2026-02-27,25-26/0000612,10283,MADHAVI ENTERPRISES,,,,9496360332
64516,AMOXYCLAV SAFE DRY SYP,5,44.3,64,MFL0496,2026-12-01,1,1,,1302,2026-02-27,25-26/0000612,10283,MADHAVI ENTERPRISES,,,,9496360332
67729,RANINETA 150,550,22,45,AP25070,2027-02-01,30,30,,1302,2026-02-27,25-26/0000612,10283,MADHAVI ENTERPRISES,,,,9496360332
45150,RONEMOX 500,100,34,60,MRL0341,2027-04-01,10,10,,1302,2026-02-27,25-26/0000612,10283,MADHAVI ENTERPRISES,,,,9496360332
44906,FOURDERM 20GM,6,50,85,51099,2027-04-01,1,1,,1302,2026-02-27,25-26/0000612,10283,MADHAVI ENTERPRISES,,,,9496360332
45367,FOURDERM 10GM,3,30,50,50252,2027-03-01,1,1,,1302,2026-02-27,25-26/0000612,10283,MADHAVI ENTERPRISES,,,,9496360332
57420,ENSHINE KIDS TOOTHPASTE,4,58,100,BLBQ5003,2027-11-01,1,1,,1302,2026-02-27,25-26/0000612,10283,MADHAVI ENTERPRISES,,,,9496360332
67730,WYSOSAFE 10,120,14.8,18,GTB1428,2027-11-01,15,15,,1302,2026-02-27,25-26/0000612,10283,MADHAVI ENTERPRISES,,,,9496360332
57182,KNEE CAP M LEEFORD,2,205,260,FL01-M/1599,2030-06-01,1,1,,1302,2026-02-27,25-26/0000612,10283,MADHAVI ENTERPRISES,,,,9496360332
56911,CEFITAXE 100 DRY SYP,2,37,65,LPL25180,2027-06-01,1,1,,1302,2026-02-27,25-26/0000612,10283,MADHAVI ENTERPRISES,,,,9496360332
44618,METNIZID DG GEL,6,22,45,DLTM5001,2027-03-01,1,1,,1302,2026-02-27,25-26/0000612,10283,MADHAVI ENTERPRISES,,,,9496360332
61143,CLONATE F CREAM,5,164.29,205,HH155,2027-09-01,1,1,,PD03133,2026-02-28,25-26/0000613,1107,NORTHERN PHARMA,KASARAGOD,0,0,0
67731,TOLPERITAS 150,50,131.43,173,AN006AGA,2027-06-01,10,10,,PD03133,2026-02-28,25-26/0000613,1107,NORTHERN PHARMA,KASARAGOD,0,0,0
46231,VICKS DROPS,115,166.66,230,3004,2028-06-01,115,115,,12299,2026-02-28,25-26/0000614,10315,AMALA STATIONERY,ANGADIKADAVU,,,
57310,VIP HAIR COLOUR SHAMPOO ,12,26.27,51,3305,2028-06-01,1,1,,12299,2026-02-28,25-26/0000614,10315,AMALA STATIONERY,ANGADIKADAVU,,,
56992,VICKS 5GM,12,18.57,23,3004,2028-06-01,1,1,,12299,2026-02-28,25-26/0000614,10315,AMALA STATIONERY,ANGADIKADAVU,,,
57048,BOOST 200GM,2,97.14,110,1901,2028-06-01,1,1,,12299,2026-02-28,25-26/0000614,10315,AMALA STATIONERY,ANGADIKADAVU,,,
57047,HORLICKS 500GM,1,230.48,259,1901,2028-05-01,1,1,,12299,2026-02-28,25-26/0000614,10315,AMALA STATIONERY,ANGADIKADAVU,,,
64388,NAVARATNA OIL 90ML,2,75.24,85,3004,2028-06-01,1,1,,12299,2026-02-28,25-26/0000614,10315,AMALA STATIONERY,ANGADIKADAVU,,,
46179,DETTOL  250ML,5,136.19,159,3004,2029-03-01,1,1,,12299,2026-02-28,25-26/0000614,10315,AMALA STATIONERY,ANGADIKADAVU,,,
46178,DETTOL  125 ML,3,71.43,80,3004,2029-03-01,1,1,,12299,2026-02-28,25-26/0000614,10315,AMALA STATIONERY,ANGADIKADAVU,,,
44732,DETTOL  60 ML,6,35.71,41,3004,2029-03-01,1,1,,12299,2026-02-28,25-26/0000614,10315,AMALA STATIONERY,ANGADIKADAVU,,,
56808,AMRUTHANJAN YELLOW,6,35.24,43,C6325064-M4,2028-09-01,1,1,,12299,2026-02-28,25-26/0000614,10315,AMALA STATIONERY,ANGADIKADAVU,,,
56988,WHISPER CHOICE XL 18`S 120,6,100,120,9619,2028-06-01,1,1,,12299,2026-02-28,25-26/0000614,10315,AMALA STATIONERY,ANGADIKADAVU,,,
56987,WHISPER CHOICE ULTRA 50,6,41,50,9619,2028-06-01,1,1,,12299,2026-02-28,25-26/0000614,10315,AMALA STATIONERY,ANGADIKADAVU,,,
57606,STAYFREE REGULAR,6,31.5,37,9619,2028-05-01,1,1,,12299,2026-02-28,25-26/0000614,10315,AMALA STATIONERY,ANGADIKADAVU,,,
56990,STAYFREE XL WINGS 45,12,36.5,45,9619,2028-06-01,1,1,,12299,2026-02-28,25-26/0000614,10315,AMALA STATIONERY,ANGADIKADAVU,,,
57193,STAYFREE XXL  50,11,42,50,9619,2028-06-01,1,1,,12299,2026-02-28,25-26/0000614,10315,AMALA STATIONERY,ANGADIKADAVU,,,
56975,PAMPERS S 2`S ,8,17.14,21,9619,2028-06-01,1,1,,12299,2026-02-28,25-26/0000614,10315,AMALA STATIONERY,ANGADIKADAVU,,,
56977,PAMPERS L 2`S,8,26.67,33,9619,2028-06-01,1,1,,12299,2026-02-28,25-26/0000614,10315,AMALA STATIONERY,ANGADIKADAVU,,,
56980,PAMPERS M 6`S,3,78.09,98,9619,2028-06-01,1,1,,12299,2026-02-28,25-26/0000614,10315,AMALA STATIONERY,ANGADIKADAVU,,,
57779,MAX SOFTCARE RAZOR,12,4.87,15,8121,2026-06-01,1,1,,12299,2026-02-28,25-26/0000614,10315,AMALA STATIONERY,ANGADIKADAVU,,,
58896,SAFFOLA OATS 500GM,2,57.14,75,1104,2026-06-01,1,1,,12299,2026-02-28,25-26/0000614,10315,AMALA STATIONERY,ANGADIKADAVU,,,
61136,REVITAL TAB 30`S,4,223.24,293,SIG2511A,2027-11-01,1,1,,OD436579341956697100,2026-02-01,25-26/0000548,10325,AMAZON,,,,
67732,SUCRAJAN SYP,6,132.14,173,SRL125027,2027-08-01,1,1,,2500173001130,2026-03-02,25-26/0000615,10322,MED WORLD PHARMA,,,,
67702,FENADOL PS TAB,100,26,60,UGT251086B,2027-08-01,10,10,,2500173001130,2026-03-02,25-26/0000615,10322,MED WORLD PHARMA,,,,
56711,SILICONE FINGER BRUSH,1,69.65,110,056125,2030-05-01,1,1,,10544,2026-03-02,25-26/0000616,10301,PEARL MEDICENTER,THALASSERY,,,
67733,NIPPLE S (TENDER FLO),4,11.46,25,077025,2030-03-01,1,1,,10544,2026-03-02,25-26/0000616,10301,PEARL MEDICENTER,THALASSERY,,,
56783,OATS 1KG DISANO,1,245.71,285,287A52,2026-10-01,1,1,,10544,2026-03-02,25-26/0000616,10301,PEARL MEDICENTER,THALASSERY,,,
45326,KAINOGEL ,5,21.33,60,40477,2026-11-01,1,1,,10544,2026-03-02,25-26/0000616,10301,PEARL MEDICENTER,THALASSERY,,,
45418,KAMILO 5,280,4.16,8,b8a109,2026-07-01,10,10,,10544,2026-03-02,25-26/0000616,10301,PEARL MEDICENTER,THALASSERY,,,
45275,PRAZOPAN 40,1000,11.76,25,ARU04ACA,2027-09-01,10,10,,10544,2026-03-02,25-26/0000616,10301,PEARL MEDICENTER,THALASSERY,,,
45174,GLYCERIN 100GM,12,49,60,314,2028-05-01,1,1,,10544,2026-03-02,25-26/0000616,10301,PEARL MEDICENTER,THALASSERY,,,
61137,REVITAL WOMEN 30`S,3,300,355,NFC0286,2027-04-01,1,1,,186320,2026-03-02,25-26/0000617,10325,AMAZON,,,,
58881,QUAKER OATS MULTIGRAIN 600GM,3,130,182,SS0B030226,2026-10-01,1,1,,186320,2026-03-02,25-26/0000617,10325,AMAZON,,,,
61135,GARNIER VITAMIN-C FACEWASH,5,150,208,B54377324N,2028-06-01,1,1,,186320,2026-03-02,25-26/0000617,10325,AMAZON,,,,
46301,DUOLIN INH,1,324.31,410,5BA1182,2027-04-01,1,1,,PD03154,2026-03-03,25-26/0000618,1107,NORTHERN PHARMA,KASARAGOD,0,0,0
57009,ADULT DIAPER PANTS M B-FIT,2,210,290,123,2028-06-01,1,1,,OD436579341956697100,2026-02-01,25-26/0000548,10325,AMAZON,,,,
56800,TICTAC STRAWBERRY,12,15.31,18,12,2028-06-01,1,1,,ASP06430,2026-03-03,25-26/0000619,10313,MINI AGENCIES,,,,
56801,TICTAC ORANGE,12,15.31,18,12,2026-11-01,1,1,,ASP06430,2026-03-03,25-26/0000619,10313,MINI AGENCIES,,,,
56802,TICTAC MINT,12,15.31,18,12,2026-11-01,1,1,,ASP06430,2026-03-03,25-26/0000619,10313,MINI AGENCIES,,,,
43975,LACTOGEN 1,5,393.18,450,60180453J1,2026-11-01,1,1,,NAS19219,2026-03-02,25-26/0000620,10313,MINI AGENCIES,,,,
43974,LACTOGEN 3,1,393.18,450,60160453K1,2026-11-01,1,1,,NAS19219,2026-03-02,25-26/0000620,10313,MINI AGENCIES,,,,
56791,CERELAC STAGE 2(8+)WHEAT APPLE CHERRY,2,253.39,290,60090453A7,2026-11-01,1,1,,NAS19219,2026-03-02,25-26/0000620,10313,MINI AGENCIES,,,,
57147,HUMAN MIXTARD 100IU,5,436.57,545.71,RT6JW23,2027-10-01,1,1,,PD03154,2026-03-03,25-26/0000618,1107,NORTHERN PHARMA,KASARAGOD,0,0,0
67735,CLOPIVAS AP 150,60,82.1,102,5EC1078,2027-10-01,15,15,,PD03154,2026-03-03,25-26/0000618,1107,NORTHERN PHARMA,KASARAGOD,0,0,0
67736,ATORVA 20,15,153.34,195,I501597,2028-03-01,15,15,,PD03154,2026-03-03,25-26/0000618,1107,NORTHERN PHARMA,KASARAGOD,0,0,0
67736,ATORVA 20,45,153.34,195,IA01785A,2028-10-01,15,15,,PD03154,2026-03-03,25-26/0000618,1107,NORTHERN PHARMA,KASARAGOD,0,0,0
56860,B PROTIN CF 500GM,2,438.07,575,BPCHE250813,2027-07-01,1,1,,PD03154,2026-03-03,25-26/0000618,1107,NORTHERN PHARMA,KASARAGOD,0,0,0
57109,DEXOLAC 2 400GM,8,402.6,465,2511177901,2027-02-01,1,1,,25-26/38969,2026-03-04,25-26/0000621,1126,RAM AGENCIES,KANNUR,0,32AACFR7971D1ZA,0
43978,CATINA E/D,1,60.71,78,25087,2027-05-01,1,1,,2500173006206,2026-03-04,25-26/0000622,10268,FATHIMA MATHA MEDICALS,,,,
57637,MOXYMA D E/D,3,60.71,75,HE5123,2027-03-01,1,1,,2500173006206,2026-03-04,25-26/0000622,10268,FATHIMA MATHA MEDICALS,,,,
46033,GLOVES HOUSEHOLD,3,45,75,5l1111,2027-12-01,1,1,,2500173006206,2026-03-04,25-26/0000622,10268,FATHIMA MATHA MEDICALS,,,,
46033,GLOVES HOUSEHOLD,3,45,75,5b1102,2027-02-01,1,1,,2500173006206,2026-03-04,25-26/0000622,10268,FATHIMA MATHA MEDICALS,,,,
44771,ROLL BANDAGE 15X3,20,95,150,acg013/25,2027-02-01,10,10,,2500173006206,2026-03-04,25-26/0000622,10268,FATHIMA MATHA MEDICALS,,,,
57590,ASRUGEN DS EYE DROP,4,119.05,150,RDO070A,2027-03-01,1,1,,2500173006206,2026-03-04,25-26/0000622,10268,FATHIMA MATHA MEDICALS,,,,
61055,LACTOCALAMIN LOTION 30ML,2,64.6,82,DCAF092,2028-06-01,1,1,,2500173006206,2026-03-04,25-26/0000622,10268,FATHIMA MATHA MEDICALS,,,,
62213,LACTOCALAMIN GREEN LOTION 30ML,2,64.5,82,BAMF025,2028-04-01,1,1,,2500173006206,2026-03-04,25-26/0000622,10268,FATHIMA MATHA MEDICALS,,,,
46054,KETOKEM SHAMPOO,3,90,140,N25213,2027-11-01,1,1,,2500173006206,2026-03-04,25-26/0000622,10268,FATHIMA MATHA MEDICALS,,,,
64475,VOLINI GEL 50G,2,160,203,SXG2200A,2027-09-01,1,1,,2500173006206,2026-03-04,25-26/0000622,10268,FATHIMA MATHA MEDICALS,,,,
44996,BURNHEAL,3,33,60,5Q455,2027-06-01,1,1,,2500173006206,2026-03-04,25-26/0000622,10268,FATHIMA MATHA MEDICALS,,,,
57632,COFSILS ,240,25,35,5M60338,2028-10-01,10,10,,2500173006206,2026-03-04,25-26/0000622,10268,FATHIMA MATHA MEDICALS,,,,
56841,HIM BABY LOTION 100ML,2,85,125,452500400,2028-08-01,1,1,,2500173006206,2026-03-04,25-26/0000622,10268,FATHIMA MATHA MEDICALS,,,,
56843,HIM DIAPER RASH CREAM,2,65,84,992501523,2028-10-01,1,1,,2500173006206,2026-03-04,25-26/0000622,10268,FATHIMA MATHA MEDICALS,,,,
67737,BABY WIPES TEDDY,4,50,110,K25110431,2027-10-01,1,1,,2500173006206,2026-03-04,25-26/0000622,10268,FATHIMA MATHA MEDICALS,,,,
56867,DIGENE GEL ,2,138.7,175,ZBZA5004,2027-07-01,1,1,,2500173006206,2026-03-04,25-26/0000622,10268,FATHIMA MATHA MEDICALS,,,,
67718,GAVISCON LIQUID,1,153,180,A1376,2027-10-01,1,1,,2500173006206,2026-03-04,25-26/0000622,10268,FATHIMA MATHA MEDICALS,,,,
57390,LOPAR TAB,100,5,15,LRA25010,2027-06-01,10,10,,2500173006206,2026-03-04,25-26/0000622,10268,FATHIMA MATHA MEDICALS,,,,
56855,V WASH PLUS 120ML,1,142,200,B301,2027-09-01,1,1,,2500173006206,2026-03-04,25-26/0000622,10268,FATHIMA MATHA MEDICALS,,,,
67738,DHATHRI DHEETHI SHAMBOO,2,71,88,NDHS25132,2028-09-01,1,1,,2500173006206,2026-03-04,25-26/0000622,10268,FATHIMA MATHA MEDICALS,,,,
63340,TENEBLU TAB,45,50.71,66.56,ZABP2514,2027-08-01,15,15,,2500173006206,2026-03-04,25-26/0000622,10268,FATHIMA MATHA MEDICALS,,,,
64464,TUSQ DX SYP,6,78.57,100,DX2608,2027-12-01,1,1,,2500173006206,2026-03-04,25-26/0000622,10268,FATHIMA MATHA MEDICALS,,,,
43978,CATINA E/D,1,60.69,78,25140,2027-10-01,1,1,,2500173006206,2026-03-04,25-26/0000622,10268,FATHIMA MATHA MEDICALS,,,,
43978,CATINA E/D,3,60.71,78,25087,2027-05-01,1,1,,2500173006206,2026-03-04,25-26/0000622,10268,FATHIMA MATHA MEDICALS,,,,
57630,BAND AID WASHPROOF,100,175,250,CW2403,2027-02-01,100,100,,2500173006233,2026-03-05,25-26/0000623,10268,FATHIMA MATHA MEDICALS,,,,
44270,NEUROZIDE LC,10,0,140,006,2022-05-01,10,10,,,,25-26/0000001,0,,,,,
57270,SIMILAC 4,1,460.95,550,84025MN2,2027-06-01,1,1,,lp-25-61511,2026-03-05,25-26/0000624,1203,LINK PHARMA,KANNUR,,32AABFT3905A1ZK,
65532,BECOSULES CAP,120,49.89,60,25230530,2027-04-01,20,20,,lp-25-61511,2026-03-05,25-26/0000624,1203,LINK PHARMA,KANNUR,,32AABFT3905A1ZK,
45107,ENSURE DIABETIC 400 G VANILLA,2,771.05,920,82025MN2,2027-04-01,1,1,,lp-25-61511,2026-03-05,25-26/0000624,1203,LINK PHARMA,KANNUR,,32AABFT3905A1ZK,
57267,SIMILAC 2,2,460.95,550,83035MN1,2027-05-01,1,1,,lp-25-61511,2026-03-05,25-26/0000624,1203,LINK PHARMA,KANNUR,,32AABFT3905A1ZK,
67660,GELUSIL MPS SYP,1,132.2,168,2519269E,2027-11-01,1,1,,lp-25-61511,2026-03-05,25-26/0000624,1203,LINK PHARMA,KANNUR,,32AABFT3905A1ZK,
57644,NOVASOFT CREAM,5,72.54,100,BMB0130,2027-12-01,1,1,,lp-25-61511,2026-03-05,25-26/0000624,1203,LINK PHARMA,KANNUR,,32AABFT3905A1ZK,
64468,C WIN CREAM,1,189.29,240,SGC0299,2027-09-01,1,1,,lp-25-61511,2026-03-05,25-26/0000624,1203,LINK PHARMA,KANNUR,,32AABFT3905A1ZK,
57546,DIPROBATE PLUS LOTION,3,150,200,PSC0191,2027-10-01,1,1,,lp-25-61511,2026-03-05,25-26/0000624,1203,LINK PHARMA,KANNUR,,32AABFT3905A1ZK,
67739,MOX CLAV BD SUSP,2,49.28,62,ZPC0069,2027-03-01,1,1,,lp-25-61511,2026-03-05,25-26/0000624,1203,LINK PHARMA,KANNUR,,32AABFT3905A1ZK,
67740,MOXCLAV DS SUSP,2,136.42,173,DFG7748A,2029-08-01,1,1,,lp-25-61511,2026-03-05,25-26/0000624,1203,LINK PHARMA,KANNUR,,32AABFT3905A1ZK,
67741,ZOLE F  OINTMENT,5,89.29,112,SXG2356A,2027-10-01,1,1,,lp-25-61511,2026-03-05,25-26/0000624,1203,LINK PHARMA,KANNUR,,32AABFT3905A1ZK,
44337,ECOSPIRIN 75,350,4.34,5.2,56001831,2027-03-01,14,14,,lp-25-61511,2026-03-05,25-26/0000624,1203,LINK PHARMA,KANNUR,,32AABFT3905A1ZK,
57267,SIMILAC 2,2,460.95,550,83035MN1,2027-05-01,1,1,,LP-25-61572,2026-03-05,25-26/0000625,1203,LINK PHARMA,KANNUR,,32AABFT3905A1ZK,
65579,RELENT SYP,4,102.5,130,D250739,2027-11-01,1,1,,LP-25-61572,2026-03-05,25-26/0000625,1203,LINK PHARMA,KANNUR,,32AABFT3905A1ZK,
67742,BENALGIS ,80,109.1,140,SH1575026,2027-11-01,10,10,,LP-25-61572,2026-03-05,25-26/0000625,1203,LINK PHARMA,KANNUR,,32AABFT3905A1ZK,
45961,BETNOVATE ,6,16.93,22,T27T,2027-10-01,1,1,,LP-25-61572,2026-03-05,25-26/0000625,1203,LINK PHARMA,KANNUR,,32AABFT3905A1ZK,
64430,EPILYNO LOTION,1,355.94,500,REP25007,2027-07-01,1,1,,LP-25-61572,2026-03-05,25-26/0000625,1203,LINK PHARMA,KANNUR,,32AABFT3905A1ZK,
43759,SEROFLO 100 RC,3,227.18,265,5SA1726,2027-06-01,1,1,,IL-25-54738,2026-03-05,25-26/0000626,1060,INTER LINK,KANNUR,0,32AABFI5741B1ZO,0
67743,MONTIFAIR L ,200,13.5,25,ST252654,2027-08-01,10,10,,A003328,2026-03-04,25-26/0000627,10296,alka associates,,,,
65599,BILINDQO 20,200,20,40,AVF01AJA,2027-11-01,10,10,,A003328,2026-03-04,25-26/0000627,10296,alka associates,,,,
57430,MONTEFIC FX ,100,29.5,50,PGT25-3169A,2027-10-01,10,10,,A003328,2026-03-04,25-26/0000627,10296,alka associates,,,,
57295,AVITONE E TAB,200,14.5,30,MHSC-2550,2027-04-01,10,10,,A003328,2026-03-04,25-26/0000627,10296,alka associates,,,,
64523,ATOVASTRIN  AV 75/20,300,25,40,PLSIH501,2027-07-01,15,15,,A003328,2026-03-04,25-26/0000627,10296,alka associates,,,,
64448,ATOVASTRIN CV 10/75,300,31,60,JESIL502,2027-11-01,15,15,,A003328,2026-03-04,25-26/0000627,10296,alka associates,,,,
45632,DYCHLOR 6.25,150,13,30,DCL25001,2027-08-01,15,15,,A003328,2026-03-04,25-26/0000627,10296,alka associates,,,,
57742,LEVECERTAIN 750,100,45,90,DHSIH502,2027-07-01,10,10,,A003328,2026-03-04,25-26/0000627,10296,alka associates,,,,
67744,MESALMILE 800 SR,120,55,80,BTH02ABA,2027-07-01,10,10,,A003328,2026-03-04,25-26/0000627,10296,alka associates,,,,
57301,QT-PINE 100,60,19,45,AMN01ESA,2027-04-01,10,10,,A003328,2026-03-04,25-26/0000627,10296,alka associates,,,,
57215,QT-PINE SR 200,60,32.5,52,AMN01BNA,2027-02-01,10,10,,A003328,2026-03-04,25-26/0000627,10296,alka associates,,,,
57434,TELMISTRUM 40,410,13.5,30,STB25003,2027-04-01,15,15,,A003328,2026-03-04,25-26/0000627,10296,alka associates,,,,
57863,CLEARGEL,3,139.29,175,HC187,2027-10-01,1,1,,TL-25-36063,2026-03-05,25-26/0000628,1170,TRADE LINK,KANNUR,0,32AADFT4058N1ZY,0
57507,TRETIN 0.025%,2,160.71,205,HC063,2027-08-01,1,1,,TL-25-36063,2026-03-05,25-26/0000628,1170,TRADE LINK,KANNUR,0,32AADFT4058N1ZY,0
67745,MELANO TX ,1,280.68,405,BSC60025,2027-12-01,1,1,,TL-25-36063,2026-03-05,25-26/0000628,1170,TRADE LINK,KANNUR,0,32AADFT4058N1ZY,0
67746,CONCOR COR 2.5,30,74.2,95,22AL25073,2027-11-01,10,10,,TL-25-36063,2026-03-05,25-26/0000628,1170,TRADE LINK,KANNUR,0,32AADFT4058N1ZY,0
57404,REMIUM F 5/160,100,19.5,40,CMT25-1040,2027-11-01,10,10,,25000730023977,2026-03-02,25-26/0000629,10312,JANATHA PHARMA,MANGLORE,KA-MN1-245544,29EKIPS0746F1ZT,
57565,SODIBICARB TAB,150,11.5,30,STG-252586,2027-10-01,15,15,,25000730023977,2026-03-02,25-26/0000629,10312,JANATHA PHARMA,MANGLORE,KA-MN1-245544,29EKIPS0746F1ZT,
56897,TEROMIDE PLUS LS,200,33,70,TYZ2601,2027-12-01,20,20,,25000730023977,2026-03-02,25-26/0000629,10312,JANATHA PHARMA,MANGLORE,KA-MN1-245544,29EKIPS0746F1ZT,
67747,STARGAB AMPT 100/10,80,21,45,AMN01APA,2026-12-01,10,10,,25000730023977,2026-03-02,25-26/0000629,10312,JANATHA PHARMA,MANGLORE,KA-MN1-245544,29EKIPS0746F1ZT,
67748,FENOFIBRON 145,100,16.9,40,SIB25355B,2027-05-01,10,10,,25000730023977,2026-03-02,25-26/0000629,10312,JANATHA PHARMA,MANGLORE,KA-MN1-245544,29EKIPS0746F1ZT,
56954,NITROQUICK 6.4,5,33.75,65,BTH01ASA,2027-07-01,1,1,,25000730023977,2026-03-02,25-26/0000629,10312,JANATHA PHARMA,MANGLORE,KA-MN1-245544,29EKIPS0746F1ZT,
56670,MANOGREL 75,300,10.4,23,CT25261451B,2027-10-01,10,10,,25000730023977,2026-03-02,25-26/0000629,10312,JANATHA PHARMA,MANGLORE,KA-MN1-245544,29EKIPS0746F1ZT,
56938,STERISCOX MR4,100,46.55,80,STN125002,2027-05-01,10,10,,25000730023977,2026-03-02,25-26/0000629,10312,JANATHA PHARMA,MANGLORE,KA-MN1-245544,29EKIPS0746F1ZT,
56692,CLAVAMOXY 625 DUO,300,68,105,BT250884,2027-08-01,10,10,,25000730023977,2026-03-02,25-26/0000629,10312,JANATHA PHARMA,MANGLORE,KA-MN1-245544,29EKIPS0746F1ZT,
56769,GLISITAPTIN 50,360,32,70,AMN01BYA,2027-02-01,15,15,,25000730023977,2026-03-02,25-26/0000629,10312,JANATHA PHARMA,MANGLORE,KA-MN1-245544,29EKIPS0746F1ZT,
56687,STYLECYSTIN EF,100,71.25,110,0312HY,2027-07-01,10,10,,25000730023977,2026-03-02,25-26/0000629,10312,JANATHA PHARMA,MANGLORE,KA-MN1-245544,29EKIPS0746F1ZT,
57399,STYLETAURINE ,120,29.25,60,29375015,2027-06-01,15,15,,25000730023977,2026-03-02,25-26/0000629,10312,JANATHA PHARMA,MANGLORE,KA-MN1-245544,29EKIPS0746F1ZT,
67749,BIO OMI 20,300,9.2,25,C50335,2027-07-01,15,15,,25000730023977,2026-03-02,25-26/0000629,10312,JANATHA PHARMA,MANGLORE,KA-MN1-245544,29EKIPS0746F1ZT,
56730,DEFRACKET 6,100,25,50,2511085D,2027-10-01,10,10,,25000730023977,2026-03-02,25-26/0000629,10312,JANATHA PHARMA,MANGLORE,KA-MN1-245544,29EKIPS0746F1ZT,
56959,RACEDOTIME 100,100,35,60,SC-25111,2027-06-01,10,10,,25000730023977,2026-03-02,25-26/0000629,10312,JANATHA PHARMA,MANGLORE,KA-MN1-245544,29EKIPS0746F1ZT,
65552,RAPIGLINIDE VOG 0.5,100,18.2,45,BTH01AKA,2027-04-01,10,10,,25000730023977,2026-03-02,25-26/0000629,10312,JANATHA PHARMA,MANGLORE,KA-MN1-245544,29EKIPS0746F1ZT,
67750,BISODAY T 2.5/40,100,21,45,CMT251409,2027-07-01,10,10,,25000730023977,2026-03-02,25-26/0000629,10312,JANATHA PHARMA,MANGLORE,KA-MN1-245544,29EKIPS0746F1ZT,
56965,PRAZOPRIME XL 5,200,34,60,PZX2601,2027-12-01,20,20,,25000730023977,2026-03-02,25-26/0000629,10312,JANATHA PHARMA,MANGLORE,KA-MN1-245544,29EKIPS0746F1ZT,
67649,CIDINITAB M 50,100,14.3,30,STG-250593,2027-03-01,10,10,,25000730023977,2026-03-02,25-26/0000629,10312,JANATHA PHARMA,MANGLORE,KA-MN1-245544,29EKIPS0746F1ZT,
56761,HYDROQUIZ 200,150,50,80,SHY250102,2027-12-01,15,15,,25000730023977,2026-03-02,25-26/0000629,10312,JANATHA PHARMA,MANGLORE,KA-MN1-245544,29EKIPS0746F1ZT,
57125,KETO AD LOTION ,3,62.5,110,1123,2027-11-01,1,1,,25000730023977,2026-03-02,25-26/0000629,10312,JANATHA PHARMA,MANGLORE,KA-MN1-245544,29EKIPS0746F1ZT,
67751,OFLOVIR OZ TAB,80,26,50,T4822,2027-04-01,10,10,,25000730023977,2026-03-02,25-26/0000629,10312,JANATHA PHARMA,MANGLORE,KA-MN1-245544,29EKIPS0746F1ZT,
67752,BIOVIT XT,26,154.67,193,MT254123,2027-11-01,10,10,,DL-25-54171,2026-03-07,25-26/0000630,1041,DRUG LINK,KANNUR,0,32AACFD4259N1ZC,0
67753,SUNHALT GOLD CREAM,1,351.86,510,BW25068,2027-10-01,1,1,,IL-25-54708,2026-03-05,25-26/0000631,1060,INTER LINK,KANNUR,0,32AABFI5741B1ZO,0
61070,ZINCOVIT DROPS,3,84.74,108,ZVD25052,2026-10-01,1,1,,IL-25-54708,2026-03-05,25-26/0000631,1060,INTER LINK,KANNUR,0,32AABFI5741B1ZO,0
58890,ZINCOVIT TAB,90,82.03,103,ZVT25274,2027-04-01,15,15,,IL-25-54708,2026-03-05,25-26/0000631,1060,INTER LINK,KANNUR,0,32AABFI5741B1ZO,0
57148,AMBRODIL S SYP,11,27.86,36,SB201M095,2028-05-01,1,1,,IL-25-54708,2026-03-05,25-26/0000631,1060,INTER LINK,KANNUR,0,32AABFI5741B1ZO,0
45485,ASTHALIN INH,2,128.6,168,5BA2674,2027-09-01,1,1,,IL-25-54708,2026-03-05,25-26/0000631,1060,INTER LINK,KANNUR,0,32AABFI5741B1ZO,0
45663,SEROFLO 500 RC,2,471.13,610,5SA0865,2027-03-01,1,1,,IL-25-54708,2026-03-05,25-26/0000631,1060,INTER LINK,KANNUR,0,32AABFI5741B1ZO,0
43762,ORCIBEST 10,110,170.77,213,IB00093A,2027-12-01,15,15,,IL-25-54708,2026-03-05,25-26/0000631,1060,INTER LINK,KANNUR,0,32AABFI5741B1ZO,0
67754,OMNACORTIL 2.5,100,8.68,11,13251624A,2029-10-01,10,10,,IL-25-54708,2026-03-05,25-26/0000631,1060,INTER LINK,KANNUR,0,32AABFI5741B1ZO,0
57540,RAPITUS SYP,4,86.43,110,18255212C,2028-11-01,1,1,,IL-25-54708,2026-03-05,25-26/0000631,1060,INTER LINK,KANNUR,0,32AABFI5741B1ZO,0
61111,WINOLAP MAX E/D,1,222.14,285,GTG2710A,2027-08-01,1,1,,IL-25-54708,2026-03-05,25-26/0000631,1060,INTER LINK,KANNUR,0,32AABFI5741B1ZO,0
67755,REVLAMER 400,50,91.43,117,GKG1834A,2027-09-01,10,10,,IL-25-54708,2026-03-05,25-26/0000631,1060,INTER LINK,KANNUR,0,32AABFI5741B1ZO,0
57846,LATOPROST RT EYE DROP,2,473.22,590,GTG3417A,2027-10-01,1,1,,IL-25-54708,2026-03-05,25-26/0000631,1060,INTER LINK,KANNUR,0,32AABFI5741B1ZO,0
67756,MEBIZ CX TAB,45,142.86,180,TF25E139,2027-04-01,10,10,,IL-25-54708,2026-03-05,25-26/0000631,1060,INTER LINK,KANNUR,0,32AABFI5741B1ZO,0
44068,TRAZINE H,100,12.14,15,CGC211,2029-09-01,10,10,,IL-25-54708,2026-03-05,25-26/0000631,1060,INTER LINK,KANNUR,0,32AABFI5741B1ZO,0
67757,CLOHEX  MOUTHWASH,2,141.06,180,BCX25066,2027-10-01,1,1,,LP-25-61891,2026-03-07,25-26/0000632,1203,LINK PHARMA,KANNUR,,32AABFT3905A1ZK,
57271,CLOHEX ADS MOUTHWASH,5,69.64,91,ADS25091,2027-09-01,1,1,,LP-25-61891,2026-03-07,25-26/0000632,1203,LINK PHARMA,KANNUR,,32AABFT3905A1ZK,
67758,NUROKIND G 100,80,78.32,97,L95Y005,2027-10-01,10,10,,LP-25-61891,2026-03-07,25-26/0000632,1203,LINK PHARMA,KANNUR,,32AABFT3905A1ZK,
57500,D RISE 60K,40,100.22,131,SDR2225,2027-09-01,4,4,,LP-25-61891,2026-03-07,25-26/0000632,1203,LINK PHARMA,KANNUR,,32AABFT3905A1ZK,
63326,SITAGLO GM 2/50/1000 TAB,60,100,126,MT254123,2027-11-01,10,10,,DL-25-54171,2026-03-07,25-26/0000630,1041,DRUG LINK,KANNUR,0,32AACFD4259N1ZC,0
56998,SENSODYNE BRUSH 31,10,24.762,31,3306,2028-06-01,1,1,,12589,2026-03-07,25-26/0000633,10315,AMALA STATIONERY,ANGADIKADAVU,,,
59983,PARACHUTE 50ML,6,16.95,20,1513,2028-06-01,1,1,,12589,2026-03-07,25-26/0000633,10315,AMALA STATIONERY,ANGADIKADAVU,,,
56988,WHISPER CHOICE XL 18`S 120,6,105,125,9619,2028-06-01,1,1,,12589,2026-03-07,25-26/0000633,10315,AMALA STATIONERY,ANGADIKADAVU,,,
58895,PARACHUTE 100ML,2,57.14,65,1513,2028-06-01,1,1,,12589,2026-03-07,25-26/0000633,10315,AMALA STATIONERY,ANGADIKADAVU,,,
67759,AJAY TOOTH BRUSH MEDIUM,10,10.286,18,1106,2028-06-01,1,1,,12589,2026-03-07,25-26/0000633,10315,AMALA STATIONERY,ANGADIKADAVU,,,
46231,VICKS DROPS,115,180.96,230,3004,2028-06-01,115,115,,12589,2026-03-07,25-26/0000633,10315,AMALA STATIONERY,ANGADIKADAVU,,,
56993,VICKS 10GM,15,35.71,45,9619,2028-06-01,1,1,,12589,2026-03-07,25-26/0000633,10315,AMALA STATIONERY,ANGADIKADAVU,,,
56983,PAMPERS S 15`S,4,162.85,196,9619,2028-06-01,1,1,,12589,2026-03-07,25-26/0000633,10315,AMALA STATIONERY,ANGADIKADAVU,,,
57712,PAMPERS L 10`S,3,162.86,196,9619,2028-06-01,1,1,,12589,2026-03-07,25-26/0000633,10315,AMALA STATIONERY,ANGADIKADAVU,,,
67760,NYCIL COOL TALC,6,109.52,159,3004,2028-06-01,1,1,,12589,2026-03-07,25-26/0000633,10315,AMALA STATIONERY,ANGADIKADAVU,,,
57713,COMFY XL 18`S,13,86.2,100,729,2030-12-01,1,1,,12589,2026-03-07,25-26/0000633,10315,AMALA STATIONERY,ANGADIKADAVU,,,
56987,WHISPER CHOICE ULTRA 50,6,41,50,9619,2028-06-01,1,1,,12589,2026-03-07,25-26/0000633,10315,AMALA STATIONERY,ANGADIKADAVU,,,
67761,PANTENE CONDITIONER,3,80.51,105,3305,2028-06-01,1,1,,12589,2026-03-07,25-26/0000633,10315,AMALA STATIONERY,ANGADIKADAVU,,,
44303,OMEFOL D,300,16.5,30,5654008,2026-07-01,15,15,,1333,2026-03-06,25-26/0000634,10283,MADHAVI ENTERPRISES,,,,9496360332
56903,L CITAZIN TAB,200,9,20,AP25076,2028-08-01,10,10,,1333,2026-03-06,25-26/0000634,10283,MADHAVI ENTERPRISES,,,,9496360332
65535,CITAZIN 10,1000,3.5,10,AAPAA24004,2027-08-01,10,10,,1333,2026-03-06,25-26/0000634,10283,MADHAVI ENTERPRISES,,,,9496360332
44583,DIPROLITE ,6,18,40,DLPB5001,2027-03-01,1,1,,1333,2026-03-06,25-26/0000634,10283,MADHAVI ENTERPRISES,,,,9496360332
44263,AMROX LS,11,44,70,AJLH25108,2027-10-01,1,1,,1333,2026-03-06,25-26/0000634,10283,MADHAVI ENTERPRISES,,,,9496360332
44989,LEEKUF,5,36,60,GGLH25005,2027-01-01,1,1,,1333,2026-03-06,25-26/0000634,10283,MADHAVI ENTERPRISES,,,,9496360332
56912,RELIKAST KID TAB,100,18,40,6995002,2026-12-01,10,10,,1333,2026-03-06,25-26/0000634,10283,MADHAVI ENTERPRISES,,,,9496360332
45398,VALPOCARE CR 500,100,38,65,VC5T-038,2026-09-01,10,10,,1333,2026-03-06,25-26/0000634,10283,MADHAVI ENTERPRISES,,,,9496360332
67762,ALMOX CV FORTE DRY SYP,6,60,110,ACFD25009,2027-05-01,1,1,,1333,2026-03-06,25-26/0000634,10283,MADHAVI ENTERPRISES,,,,9496360332
